<?xml version="1.0" encoding="UTF-8"?><record_update table="ais_search_profile">
    <ais_search_profile action="INSERT_OR_UPDATE">
        <active>true</active>
        <description>This is default AI Search profile for Solicitação de Crédito</description>
        <genius_result_assembly/>
        <label>solicitao-de-crdito Search Profile</label>
        <name>x_1174267_solici_0_ibailuwy_search_profile</name>
        <publish_id>4b4c2134-9876-4894-b059-58d398587ca4</publish_id>
        <state>DRAFT</state>
        <sys_class_name>ais_search_profile</sys_class_name>
        <sys_created_by>admin</sys_created_by>
        <sys_created_on>2024-01-15 16:34:33</sys_created_on>
        <sys_id>fd7643b477bbb110aca294cb7f8b1a15</sys_id>
        <sys_mod_count>1</sys_mod_count>
        <sys_name>solicitao-de-crdito Search Profile</sys_name>
        <sys_package display_value="Solicitação de Crédito" source="x_1174267_solici_0">20d0b15f4727311008334d05516d430e</sys_package>
        <sys_policy/>
        <sys_scope display_value="Solicitação de Crédito">20d0b15f4727311008334d05516d430e</sys_scope>
        <sys_update_name>ais_search_profile_fd7643b477bbb110aca294cb7f8b1a15</sys_update_name>
        <sys_updated_by>admin</sys_updated_by>
        <sys_updated_on>2024-01-15 16:34:38</sys_updated_on>
    </ais_search_profile>
</record_update>
