<?xml version="1.0" encoding="UTF-8"?><record_update table="ais_search_source">
    <ais_search_source action="INSERT_OR_UPDATE">
        <active>true</active>
        <condition/>
        <datasource display_value="">x_1174267_solici_0_auditoria</datasource>
        <name>Auditoria</name>
        <sys_class_name>ais_search_source</sys_class_name>
        <sys_created_by>admin</sys_created_by>
        <sys_created_on>2024-01-15 14:31:56</sys_created_on>
        <sys_id>316a66b8473bb11008334d05516d4301</sys_id>
        <sys_mod_count>0</sys_mod_count>
        <sys_name>Auditoria</sys_name>
        <sys_package display_value="Solicitação de Crédito" source="x_1174267_solici_0">20d0b15f4727311008334d05516d430e</sys_package>
        <sys_policy/>
        <sys_scope display_value="Solicitação de Crédito">20d0b15f4727311008334d05516d430e</sys_scope>
        <sys_update_name>ais_search_source_316a66b8473bb11008334d05516d4301</sys_update_name>
        <sys_updated_by>admin</sys_updated_by>
        <sys_updated_on>2024-01-15 14:31:56</sys_updated_on>
    </ais_search_source>
</record_update>
