<?xml version="1.0" encoding="UTF-8"?><record_update table="ais_datasource_field_attribute">
    <ais_datasource_field_attribute action="INSERT_OR_UPDATE">
        <attribute display_value="map_to">f734a634c7320010d1cfd9795cc26094</attribute>
        <datasource display_value="Solicitações de Crédito Table">e56a26b8473bb11008334d05516d43bc</datasource>
        <field>sys_updated_on</field>
        <source>x_1174267_solici_0_solicitacoesdecredito</source>
        <sys_class_name>ais_datasource_field_attribute</sys_class_name>
        <sys_created_by>admin</sys_created_by>
        <sys_created_on>2024-01-15 14:31:56</sys_created_on>
        <sys_id>716a26b8473bb11008334d05516d43f9</sys_id>
        <sys_mod_count>0</sys_mod_count>
        <sys_name>x_1174267_solici_0_solicitacoesdecredito.sys_updated_on</sys_name>
        <sys_package display_value="Solicitação de Crédito" source="x_1174267_solici_0">20d0b15f4727311008334d05516d430e</sys_package>
        <sys_policy/>
        <sys_scope display_value="Solicitação de Crédito">20d0b15f4727311008334d05516d430e</sys_scope>
        <sys_update_name>ais_datasource_field_attribute_716a26b8473bb11008334d05516d43f9</sys_update_name>
        <sys_updated_by>admin</sys_updated_by>
        <sys_updated_on>2024-01-15 14:31:56</sys_updated_on>
        <value>sort_by_date</value>
    </ais_datasource_field_attribute>
</record_update>
