<?xml version="1.0" encoding="UTF-8"?><record_update table="ais_search_profile_ais_search_source_m2m">
    <ais_search_profile_ais_search_source_m2m action="INSERT_OR_UPDATE">
        <profile display_value="solicitao-de-crdito-workspace Search Profile">506aa2b87f3bb110c3ce4f92c38795e0</profile>
        <search_source display_value="Auditoria">316a66b8473bb11008334d05516d4301</search_source>
        <sys_class_name>ais_search_profile_ais_search_source_m2m</sys_class_name>
        <sys_created_by>admin</sys_created_by>
        <sys_created_on>2024-01-15 14:31:56</sys_created_on>
        <sys_id>716a66b8473bb11008334d05516d4303</sys_id>
        <sys_mod_count>0</sys_mod_count>
        <sys_name>solicitao-de-crdito-workspace Search Profile.Auditoria</sys_name>
        <sys_package display_value="Solicitação de Crédito" source="x_1174267_solici_0">20d0b15f4727311008334d05516d430e</sys_package>
        <sys_policy/>
        <sys_scope display_value="Solicitação de Crédito">20d0b15f4727311008334d05516d430e</sys_scope>
        <sys_update_name>ais_search_profile_ais_search_source_m2m_716a66b8473bb11008334d05516d4303</sys_update_name>
        <sys_updated_by>admin</sys_updated_by>
        <sys_updated_on>2024-01-15 14:31:56</sys_updated_on>
    </ais_search_profile_ais_search_source_m2m>
</record_update>
