<?xml version="1.0" encoding="UTF-8"?><record_update table="ais_datasource">
    <ais_datasource action="INSERT_OR_UPDATE">
        <active>true</active>
        <filter/>
        <force_late_binding>false</force_late_binding>
        <name>Solicitações de Crédito Table</name>
        <retention_policy display_value="Two years">04f129e57792f010be280d892c5a99d9</retention_policy>
        <source>x_1174267_solici_0_solicitacoesdecredito</source>
        <sys_class_name>ais_datasource</sys_class_name>
        <sys_created_by>admin</sys_created_by>
        <sys_created_on>2024-01-15 14:31:55</sys_created_on>
        <sys_id>e56a26b8473bb11008334d05516d43bc</sys_id>
        <sys_mod_count>0</sys_mod_count>
        <sys_name>Solicitações de Crédito Table</sys_name>
        <sys_package display_value="Solicitação de Crédito" source="x_1174267_solici_0">20d0b15f4727311008334d05516d430e</sys_package>
        <sys_policy/>
        <sys_scope display_value="Solicitação de Crédito">20d0b15f4727311008334d05516d430e</sys_scope>
        <sys_update_name>ais_datasource_e56a26b8473bb11008334d05516d43bc</sys_update_name>
        <sys_updated_by>admin</sys_updated_by>
        <sys_updated_on>2024-01-15 14:31:55</sys_updated_on>
        <type>internal</type>
    </ais_datasource>
</record_update>
