<?xml version="1.0" encoding="UTF-8"?><record_update table="ais_dictionary">
    <ais_dictionary action="INSERT_OR_UPDATE">
        <active>true</active>
        <auto_refresh>24</auto_refresh>
        <blocked_field/>
        <case_sensitive>false</case_sensitive>
        <data_source>x_1174267_solici_0_solicitacoesdecredito,x_1174267_solici_0_auditoria</data_source>
        <derived>true</derived>
        <field/>
        <label>solicitao-de-crdito Search Profile Default Spell Check Dictionary</label>
        <last_derived/>
        <locale>en</locale>
        <name>x_1174267_solici_0_solicitao_de_crdito_search_profile_default_spell_check_dictionary</name>
        <publish_id/>
        <punctuation_sensitive>false</punctuation_sensitive>
        <state>DRAFT</state>
        <sys_class_name>ais_dictionary</sys_class_name>
        <sys_created_by>admin</sys_created_by>
        <sys_created_on>2024-01-15 16:34:38</sys_created_on>
        <sys_id>8f7683b447bbb11008334d05516d4380</sys_id>
        <sys_mod_count>1</sys_mod_count>
        <sys_name>x_1174267_solici_0_solicitao_de_crdito_search_profile_default_spell_check_dictionary</sys_name>
        <sys_package display_value="Solicitação de Crédito" source="x_1174267_solici_0">20d0b15f4727311008334d05516d430e</sys_package>
        <sys_policy/>
        <sys_scope display_value="Solicitação de Crédito">20d0b15f4727311008334d05516d430e</sys_scope>
        <sys_update_name>ais_dictionary_8f7683b447bbb11008334d05516d4380</sys_update_name>
        <sys_updated_by>admin</sys_updated_by>
        <sys_updated_on>2024-01-15 16:34:38</sys_updated_on>
        <type>SPELLCHECK</type>
    </ais_dictionary>
</record_update>
