<?xml version="1.0" encoding="UTF-8"?><record_update table="item_option_new">
    <item_option_new action="INSERT_OR_UPDATE">
        <active>true</active>
        <attributes/>
        <cat_item display_value="Fomulário de Solicitação de Crédito">bc06b9934767311008334d05516d43ef</cat_item>
        <category/>
        <choice_direction>down</choice_direction>
        <choice_field/>
        <choice_table/>
        <create_roles/>
        <default_html_value/>
        <default_value/>
        <delete_roles/>
        <delivery_plan/>
        <description/>
        <display_title>false</display_title>
        <do_not_select_first>false</do_not_select_first>
        <dynamic_default_value/>
        <dynamic_ref_qual/>
        <dynamic_value_dot_walk_path/>
        <dynamic_value_field/>
        <enable_also_request_for>false</enable_also_request_for>
        <example_text/>
        <field>telefone</field>
        <global>false</global>
        <help_tag>More information</help_tag>
        <help_text/>
        <hidden>false</hidden>
        <include_none>false</include_none>
        <instructions><![CDATA[<p>informe seu numero e DDD neste formato: 8888962662</p>]]></instructions>
        <layout>normal</layout>
        <list_table/>
        <lookup_label/>
        <lookup_price/>
        <lookup_table/>
        <lookup_unique>false</lookup_unique>
        <lookup_value/>
        <macro/>
        <macroponent/>
        <mandatory>true</mandatory>
        <map_to_field>true</map_to_field>
        <mask_use_confirmation>false</mask_use_confirmation>
        <mask_use_encryption>false</mask_use_encryption>
        <name>telefone</name>
        <order>700</order>
        <post_insert_script/>
        <price_if_checked>0</price_if_checked>
        <pricing_implications>false</pricing_implications>
        <published_ref/>
        <question_text>Telefone</question_text>
        <read_only>false</read_only>
        <read_roles/>
        <read_script/>
        <rec_lookup_price/>
        <rec_price_if_checked>0</rec_price_if_checked>
        <record/>
        <record_producer_table>x_1174267_solici_0_solicitacoesdecredito</record_producer_table>
        <reference/>
        <reference_qual>undefined</reference_qual>
        <reference_qual_condition>undefined</reference_qual_condition>
        <rich_text/>
        <roles_to_use_also_request_for/>
        <save_script><![CDATA[/** This script is executed before the Record is generated
* `current`- GlideRecord produced by Record Producer
* Don't use `current.update()` or `current.insert()` as the record is generated by Record Producer
* Don't use `current.setValue('sys_class_name', 'xxx')` as this will trigger reparent flow and can cause data loss
* Avoid `current.setAbortAction()` and generate a separate record
* Use `producer.var1` to access variables
*/]]></save_script>
        <scale_max>5</scale_max>
        <scale_min>0</scale_min>
        <show_help>true</show_help>
        <show_help_on_load>false</show_help_on_load>
        <sp_widget/>
        <summary_macro/>
        <sys_class_name>item_option_new</sys_class_name>
        <sys_created_by>admin</sys_created_by>
        <sys_created_on>2024-01-10 19:26:18</sys_created_on>
        <sys_id>f7bdbd5b4767311008334d05516d4329</sys_id>
        <sys_mod_count>4</sys_mod_count>
        <sys_name>Telefone</sys_name>
        <sys_package display_value="Solicitação de Crédito" source="x_1174267_solici_0">20d0b15f4727311008334d05516d430e</sys_package>
        <sys_policy/>
        <sys_scope display_value="Solicitação de Crédito">20d0b15f4727311008334d05516d430e</sys_scope>
        <sys_update_name>item_option_new_f7bdbd5b4767311008334d05516d4329</sys_update_name>
        <sys_updated_by>admin</sys_updated_by>
        <sys_updated_on>2024-01-10 19:58:27</sys_updated_on>
        <table/>
        <tooltip/>
        <type>6</type>
        <ui_page/>
        <unique>false</unique>
        <use_dynamic_default>false</use_dynamic_default>
        <use_reference_qualifier>simple</use_reference_qualifier>
        <validate_regex display_value="Number">556cbfe5876b1300e0ef0cf888cb0be3</validate_regex>
        <variable_name/>
        <variable_set/>
        <variable_width/>
        <visibility>1</visibility>
        <visible_bundle>true</visible_bundle>
        <visible_guide>true</visible_guide>
        <visible_standalone>true</visible_standalone>
        <visible_summary>true</visible_summary>
        <write_roles/>
    </item_option_new>
    <sys_translated_text action="delete_multiple" query="documentkey=f7bdbd5b4767311008334d05516d4329"/>
    <fx_price action="delete_multiple" query="id=f7bdbd5b4767311008334d05516d4329"/>
    <fx_price action="INSERT_OR_UPDATE">
        <amount>0</amount>
        <currency display_value="EUR">EUR</currency>
        <field>price_if_checked</field>
        <id>f7bdbd5b4767311008334d05516d4329</id>
        <parent/>
        <reference_amount>0</reference_amount>
        <reference_currency display_value="USD">USD</reference_currency>
        <sys_created_by>admin</sys_created_by>
        <sys_created_on>2024-01-10 19:26:18</sys_created_on>
        <sys_id>99dd759b4767311008334d05516d432b</sys_id>
        <sys_mod_count>0</sys_mod_count>
        <sys_updated_by>admin</sys_updated_by>
        <sys_updated_on>2024-01-10 19:26:18</sys_updated_on>
        <table>item_option_new</table>
        <type>calculated</type>
    </fx_price>
    <fx_price action="INSERT_OR_UPDATE">
        <amount>0</amount>
        <currency display_value="EUR">EUR</currency>
        <field>rec_price_if_checked</field>
        <id>f7bdbd5b4767311008334d05516d4329</id>
        <parent/>
        <reference_amount>0</reference_amount>
        <reference_currency display_value="USD">USD</reference_currency>
        <sys_created_by>admin</sys_created_by>
        <sys_created_on>2024-01-10 19:26:18</sys_created_on>
        <sys_id>d9dd759b4767311008334d05516d432a</sys_id>
        <sys_mod_count>0</sys_mod_count>
        <sys_updated_by>admin</sys_updated_by>
        <sys_updated_on>2024-01-10 19:26:18</sys_updated_on>
        <table>item_option_new</table>
        <type>calculated</type>
    </fx_price>
</record_update>
