<?xml version="1.0" encoding="UTF-8"?><record_update sys_domain="global" table="m2m_app_config_theme">
    <m2m_app_config_theme action="INSERT_OR_UPDATE">
        <applicability/>
        <order>0</order>
        <sys_class_name>m2m_app_config_theme</sys_class_name>
        <sys_created_by>admin</sys_created_by>
        <sys_created_on>2024-01-15 16:34:34</sys_created_on>
        <sys_domain>global</sys_domain>
        <sys_domain_path>/</sys_domain_path>
        <sys_id>757643b4dcbbb110f3a00e3c0825dd16</sys_id>
        <sys_mod_count>0</sys_mod_count>
        <sys_name/>
        <sys_overrides/>
        <sys_package display_value="Solicitação de Crédito" source="x_1174267_solici_0">20d0b15f4727311008334d05516d430e</sys_package>
        <sys_policy/>
        <sys_scope display_value="Solicitação de Crédito">20d0b15f4727311008334d05516d430e</sys_scope>
        <sys_update_name>m2m_app_config_theme_757643b4dcbbb110f3a00e3c0825dd16</sys_update_name>
        <sys_updated_by>admin</sys_updated_by>
        <sys_updated_on>2024-01-15 16:34:34</sys_updated_on>
        <theme display_value="Starter Workspace Theme">397643b418bbb110e426e0c2cf87d516</theme>
        <ux_app_configuration display_value="Solicitação de Crédito Config">b17643b4ecbbb1100a1c9e580a429b17</ux_app_configuration>
    </m2m_app_config_theme>
</record_update>
