<?xml version="1.0" encoding="UTF-8"?><record_update table="m2m_sys_suggestion_reader_sys_suggestion_reader_group">
    <m2m_sys_suggestion_reader_sys_suggestion_reader_group action="INSERT_OR_UPDATE">
        <order>100</order>
        <reader_requested_fields/>
        <reader_searchable_fields/>
        <sys_class_name>m2m_sys_suggestion_reader_sys_suggestion_reader_group</sys_class_name>
        <sys_created_by>admin</sys_created_by>
        <sys_created_on>2024-01-15 14:31:51</sys_created_on>
        <sys_id>1c6aa2b8933bb110661d27d554fc23de</sys_id>
        <sys_mod_count>0</sys_mod_count>
        <sys_name/>
        <sys_package display_value="Solicitação de Crédito" source="x_1174267_solici_0">20d0b15f4727311008334d05516d430e</sys_package>
        <sys_policy/>
        <sys_scope display_value="Solicitação de Crédito">20d0b15f4727311008334d05516d430e</sys_scope>
        <sys_suggestion_reader_group_id display_value="User History Reader Group for Starter Workspace - Workspace Search">dc6aa2b89a3bb1106b525cdcd8d6b0de</sys_suggestion_reader_group_id>
        <sys_suggestion_reader_id display_value="User Search Term Reader">4b1cb27053231010dda1ddeeff7b12b8</sys_suggestion_reader_id>
        <sys_update_name>m2m_sys_suggestion_reader_sys_suggestion_reader_group_1c6aa2b8933bb110661d27d554fc23de</sys_update_name>
        <sys_updated_by>admin</sys_updated_by>
        <sys_updated_on>2024-01-15 14:31:51</sys_updated_on>
    </m2m_sys_suggestion_reader_sys_suggestion_reader_group>
</record_update>
