<?xml version="1.0" encoding="UTF-8"?><record_update table="m2m_search_context_config_search_source">
    <m2m_search_context_config_search_source action="INSERT_OR_UPDATE">
        <order>100</order>
        <search_context_config display_value="Solicitação de Crédito - Workspace Search">397643b4ebbbb1103637c5649c1a070d</search_context_config>
        <source display_value="Solicitação de Crédito - x_1174267_solici_0_solici">0f7683b447bbb11008334d05516d4372</source>
        <sys_class_name>m2m_search_context_config_search_source</sys_class_name>
        <sys_created_by>admin</sys_created_by>
        <sys_created_on>2024-01-15 16:34:38</sys_created_on>
        <sys_id>877683b447bbb11008334d05516d4375</sys_id>
        <sys_mod_count>0</sys_mod_count>
        <sys_name/>
        <sys_package display_value="Solicitação de Crédito" source="x_1174267_solici_0">20d0b15f4727311008334d05516d430e</sys_package>
        <sys_policy/>
        <sys_scope display_value="Solicitação de Crédito">20d0b15f4727311008334d05516d430e</sys_scope>
        <sys_update_name>m2m_search_context_config_search_source_877683b447bbb11008334d05516d4375</sys_update_name>
        <sys_updated_by>admin</sys_updated_by>
        <sys_updated_on>2024-01-15 16:34:38</sys_updated_on>
    </m2m_search_context_config_search_source>
</record_update>
