<?xml version="1.0" encoding="UTF-8"?><record_update table="m2m_sys_suggestion_reader_sys_suggestion_reader_group">
    <m2m_sys_suggestion_reader_sys_suggestion_reader_group action="INSERT_OR_UPDATE">
        <order>100</order>
        <reader_requested_fields/>
        <reader_searchable_fields/>
        <sys_class_name>m2m_sys_suggestion_reader_sys_suggestion_reader_group</sys_class_name>
        <sys_created_by>admin</sys_created_by>
        <sys_created_on>2024-01-15 16:34:34</sys_created_on>
        <sys_id>b17643b417bbb110687d346debee7b10</sys_id>
        <sys_mod_count>0</sys_mod_count>
        <sys_name/>
        <sys_package display_value="Solicitação de Crédito" source="x_1174267_solici_0">20d0b15f4727311008334d05516d430e</sys_package>
        <sys_policy/>
        <sys_scope display_value="Solicitação de Crédito">20d0b15f4727311008334d05516d430e</sys_scope>
        <sys_suggestion_reader_group_id display_value="Search-based Suggested Results Reader Group for Starter Workspace - Workspace Search">757643b4b3bbb1100d83c895038f3b10</sys_suggestion_reader_group_id>
        <sys_suggestion_reader_id display_value="Search Based Suggestion Reader">c41365e077020110be280d892c5a99f2</sys_suggestion_reader_id>
        <sys_update_name>m2m_sys_suggestion_reader_sys_suggestion_reader_group_b17643b417bbb110687d346debee7b10</sys_update_name>
        <sys_updated_by>admin</sys_updated_by>
        <sys_updated_on>2024-01-15 16:34:34</sys_updated_on>
    </m2m_sys_suggestion_reader_sys_suggestion_reader_group>
</record_update>
