<?xml version="1.0" encoding="UTF-8"?><record_update table="m2m_sys_suggestion_reader_sys_suggestion_reader_group">
    <m2m_sys_suggestion_reader_sys_suggestion_reader_group action="INSERT_OR_UPDATE">
        <order>100</order>
        <reader_requested_fields/>
        <reader_searchable_fields/>
        <sys_class_name>m2m_sys_suggestion_reader_sys_suggestion_reader_group</sys_class_name>
        <sys_created_by>admin</sys_created_by>
        <sys_created_on>2024-01-15 16:34:34</sys_created_on>
        <sys_id>b57643b4f9bbb1108b26b033a9cbd312</sys_id>
        <sys_mod_count>0</sys_mod_count>
        <sys_name/>
        <sys_package display_value="Solicitação de Crédito" source="x_1174267_solici_0">20d0b15f4727311008334d05516d430e</sys_package>
        <sys_policy/>
        <sys_scope display_value="Solicitação de Crédito">20d0b15f4727311008334d05516d430e</sys_scope>
        <sys_suggestion_reader_group_id display_value="Popular Search Reader Group for Starter Workspace - Workspace Search">fd7643b4b3bbb1105e69e55a1a17c312</sys_suggestion_reader_group_id>
        <sys_suggestion_reader_id display_value="Popular Query Reader">ddf6d5b77320001052c7d5fdbdf6a76f</sys_suggestion_reader_id>
        <sys_update_name>m2m_sys_suggestion_reader_sys_suggestion_reader_group_b57643b4f9bbb1108b26b033a9cbd312</sys_update_name>
        <sys_updated_by>admin</sys_updated_by>
        <sys_updated_on>2024-01-15 16:34:34</sys_updated_on>
    </m2m_sys_suggestion_reader_sys_suggestion_reader_group>
</record_update>
