<?xml version="1.0" encoding="UTF-8"?><record_update sys_domain="global" table="pa_dashboards">
    <pa_dashboards action="INSERT_OR_UPDATE">
        <active>true</active>
        <breakdown_source/>
        <color/>
        <disable_multiple_element>false</disable_multiple_element>
        <group display_value="Incident">12783e6feb6512001e68286b1206fee0</group>
        <groups/>
        <is_breakdown>false</is_breakdown>
        <managed_breakdown/>
        <managed_publisher/>
        <name>Incident Overview</name>
        <no_tabs>false</no_tabs>
        <order/>
        <owner display_value="Junior  Teixeira">6816f79cc0a8016401c5a33be04be441</owner>
        <restrict_to_roles/>
        <role_override>true</role_override>
        <roles/>
        <should_migrate_permissions>false</should_migrate_permissions>
        <sys_class_name>pa_dashboards</sys_class_name>
        <sys_created_by>admin</sys_created_by>
        <sys_created_on>2024-01-13 00:34:27</sys_created_on>
        <sys_domain>global</sys_domain>
        <sys_domain_path>/</sys_domain_path>
        <sys_id>3b775d884733311008334d05516d4368</sys_id>
        <sys_mod_count>0</sys_mod_count>
        <sys_name>Incident Overview</sys_name>
        <sys_overrides/>
        <sys_package display_value="Solicitação de Crédito" source="x_1174267_solici_0">20d0b15f4727311008334d05516d430e</sys_package>
        <sys_policy/>
        <sys_scope display_value="Solicitação de Crédito">20d0b15f4727311008334d05516d430e</sys_scope>
        <sys_update_name>pa_dashboards_3b775d884733311008334d05516d4368</sys_update_name>
        <sys_updated_by>admin</sys_updated_by>
        <sys_updated_on>2024-01-13 00:34:27</sys_updated_on>
        <users/>
        <visible_to>2</visible_to>
    </pa_dashboards>
</record_update>
