<?xml version="1.0" encoding="UTF-8"?><record_update sys_domain="global" table="pa_m2m_dashboard_tabs">
    <pa_m2m_dashboard_tabs action="INSERT_OR_UPDATE">
        <dashboard display_value="Incident Overview">3b775d884733311008334d05516d4368</dashboard>
        <home>false</home>
        <homepage/>
        <order>1</order>
        <sys_class_name>pa_m2m_dashboard_tabs</sys_class_name>
        <sys_created_by>admin</sys_created_by>
        <sys_created_on>2024-01-13 00:34:28</sys_created_on>
        <sys_domain>global</sys_domain>
        <sys_domain_path>/</sys_domain_path>
        <sys_id>e28791c84733311008334d05516d43b2</sys_id>
        <sys_mod_count>0</sys_mod_count>
        <sys_name>3b775d884733311008334d05516d4368</sys_name>
        <sys_overrides/>
        <sys_package display_value="Solicitação de Crédito" source="x_1174267_solici_0">20d0b15f4727311008334d05516d430e</sys_package>
        <sys_policy/>
        <sys_scope display_value="Solicitação de Crédito">20d0b15f4727311008334d05516d430e</sys_scope>
        <sys_update_name>pa_m2m_dashboard_tabs_e28791c84733311008334d05516d43b2</sys_update_name>
        <sys_updated_by>admin</sys_updated_by>
        <sys_updated_on>2024-01-13 00:34:28</sys_updated_on>
        <tab display_value="Overview">6e879d884733311008334d05516d435c</tab>
    </pa_m2m_dashboard_tabs>
</record_update>
