<?xml version="1.0" encoding="UTF-8"?><record_update sys_domain="global" table="pa_tabs">
    <pa_tabs action="INSERT_OR_UPDATE">
        <canvas_page display_value="PA Incident Overview - New Tab">6a879d884733311008334d05516d435a</canvas_page>
        <name>Overview</name>
        <page display_value="PA Overview">6e879d884733311008334d05516d4359</page>
        <sys_class_name>pa_tabs</sys_class_name>
        <sys_created_by>admin</sys_created_by>
        <sys_created_on>2024-01-13 00:34:28</sys_created_on>
        <sys_domain>global</sys_domain>
        <sys_domain_path>/</sys_domain_path>
        <sys_id>6e879d884733311008334d05516d435c</sys_id>
        <sys_mod_count>1</sys_mod_count>
        <sys_name>Overview</sys_name>
        <sys_overrides/>
        <sys_package display_value="Solicitação de Crédito" source="x_1174267_solici_0">20d0b15f4727311008334d05516d430e</sys_package>
        <sys_policy/>
        <sys_scope display_value="Solicitação de Crédito">20d0b15f4727311008334d05516d430e</sys_scope>
        <sys_update_name>pa_tabs_6e879d884733311008334d05516d435c</sys_update_name>
        <sys_updated_by>admin</sys_updated_by>
        <sys_updated_on>2024-01-13 00:37:51</sys_updated_on>
    </pa_tabs>
</record_update>
