<?xml version="1.0" encoding="UTF-8"?><record_update table="par_dashboard_user_metadata">
    <par_dashboard_user_metadata action="INSERT_OR_UPDATE">
        <created_by_user display_value="Junior  Teixeira">6816f79cc0a8016401c5a33be04be441</created_by_user>
        <created_on>2022-05-29 16:29:20</created_on>
        <dashboard display_value="Solicitação de Crédito">317643b4d5bbb110ee142c6ae4ccf20f</dashboard>
        <last_updated_on>2022-05-29 16:56:20</last_updated_on>
        <requested_by_user/>
        <sys_class_name>par_dashboard_user_metadata</sys_class_name>
        <sys_created_by>admin</sys_created_by>
        <sys_created_on>2024-01-15 16:34:34</sys_created_on>
        <sys_id>fd7643b45dbbb110b82f7d84d8b57e0f</sys_id>
        <sys_mod_count>1</sys_mod_count>
        <sys_name/>
        <sys_package display_value="Solicitação de Crédito" source="x_1174267_solici_0">20d0b15f4727311008334d05516d430e</sys_package>
        <sys_policy/>
        <sys_scope display_value="Solicitação de Crédito">20d0b15f4727311008334d05516d430e</sys_scope>
        <sys_update_name>par_dashboard_user_metadata_fd7643b45dbbb110b82f7d84d8b57e0f</sys_update_name>
        <sys_updated_by>admin</sys_updated_by>
        <sys_updated_on>2024-01-15 16:34:37</sys_updated_on>
        <updated_by_user display_value="Junior  Teixeira">6816f79cc0a8016401c5a33be04be441</updated_by_user>
    </par_dashboard_user_metadata>
</record_update>
