<?xml version="1.0" encoding="UTF-8"?><record_update table="par_dashboard_widget">
    <par_dashboard_widget action="INSERT_OR_UPDATE">
        <canvas display_value="">146aa2b8773bb110ceae4a78aa58c5cd</canvas>
        <component display_value="now-record-list-connected-snapshot">7219cee4e0177c3cf2e48d550ce0f71b</component>
        <component_props>{"listTitle":"My Work","table":"x_1174267_solici_0_solicitacoesdecredito","query":"active=true^assigned_toDYNAMIC90d1921e5f510100a9ad2572f2b477fe","columns":"","groupByField":"","limit":5,"maxColumns":5,"page":1,"highlightedValueConfigId":"","hideHighlightedValues":false,"hideHeader":false,"hideTitle":false,"hideTitleRowCount":false,"hideRefreshButton":false,"hideLastRefreshedText":false,"hideColumnResizing":true,"hideColumnGrouping":true,"hideColumnFiltering":true,"hideColumnSorting":false,"hidePersonalization":true,"hideColumnReorder":true,"hideDotwalk":true,"hideInlineEditing":true,"hideHighlightContent":false,"highlightContent":"{ \"patterns\": [], \"color\" : \"\" }","hideLinks":false,"hideViewAll":false,"hideCellFilter":true,"hideCheckboxHover":true,"hideFilterPanel":false,"hideFirstPage":false,"hideLastPage":false,"hideLimitSelector":false,"hideMenuButton":true,"hideMultiEdit":false,"hideDeclarativeActions":false,"hideNextPage":false,"hidePages":false,"hidePagination":true,"hidePanel":true,"hidePanelAdvanced":false,"hidePanelConditionDelete":false,"hidePanelFooter":false,"hidePanelRestore":false,"hidePreviousPage":false,"hideQuickEdit":true,"hideRange":false,"hideRowCount":false,"hideRowSelector":false,"hideSelectAll":true,"hideEmptyStateImage":false,"hideDBViews":false,"hideUnnecessaryRowSelectors":true,"overrideWordWrapUserPref":false,"wordWrap":false,"maxCharLimit":4000,"refreshRequested":"","recordSelectedTable":"","recordSelectedSysId":"","recordSelectedQuery":"","recordSelectedView":"","fixedQuery":""}</component_props>
        <h>18</h>
        <name/>
        <sys_class_name>par_dashboard_widget</sys_class_name>
        <sys_created_by>admin</sys_created_by>
        <sys_created_on>2024-01-15 14:31:51</sys_created_on>
        <sys_id>1c6aa2b8583bb11060b7a06675d631cb</sys_id>
        <sys_mod_count>1</sys_mod_count>
        <sys_name/>
        <sys_package display_value="Solicitação de Crédito" source="x_1174267_solici_0">20d0b15f4727311008334d05516d430e</sys_package>
        <sys_policy/>
        <sys_scope display_value="Solicitação de Crédito">20d0b15f4727311008334d05516d430e</sys_scope>
        <sys_update_name>par_dashboard_widget_1c6aa2b8583bb11060b7a06675d631cb</sys_update_name>
        <sys_updated_by>admin</sys_updated_by>
        <sys_updated_on>2024-01-15 14:31:54</sys_updated_on>
        <visualization/>
        <w>48</w>
        <x>0</x>
        <y>12</y>
    </par_dashboard_widget>
</record_update>
