<?xml version="1.0" encoding="UTF-8"?><record_update table="par_dashboard_widget">
    <par_dashboard_widget action="INSERT_OR_UPDATE">
        <canvas display_value="">797643b410bbb11011d2b977adbb1d0f</canvas>
        <component display_value="now-heading">3a64f550256090d9578ede76158e899c</component>
        <component_props>{"variant":"header-tertiary","label":"Happening now","wontWrap":false,"hasNoMargin":false,"level":"1"}</component_props>
        <h>3</h>
        <name/>
        <sys_class_name>par_dashboard_widget</sys_class_name>
        <sys_created_by>admin</sys_created_by>
        <sys_created_on>2024-01-15 16:34:34</sys_created_on>
        <sys_id>f57643b4aabbb110280aa0013972a10e</sys_id>
        <sys_mod_count>0</sys_mod_count>
        <sys_name/>
        <sys_package display_value="Solicitação de Crédito" source="x_1174267_solici_0">20d0b15f4727311008334d05516d430e</sys_package>
        <sys_policy/>
        <sys_scope display_value="Solicitação de Crédito">20d0b15f4727311008334d05516d430e</sys_scope>
        <sys_update_name>par_dashboard_widget_f57643b4aabbb110280aa0013972a10e</sys_update_name>
        <sys_updated_by>admin</sys_updated_by>
        <sys_updated_on>2024-01-15 16:34:34</sys_updated_on>
        <visualization/>
        <w>48</w>
        <x>0</x>
        <y>0</y>
    </par_dashboard_widget>
</record_update>
