<?xml version="1.0" encoding="UTF-8"?><record_update table="par_dashboard">
    <par_dashboard action="INSERT_OR_UPDATE">
        <active>true</active>
        <certified>false</certified>
        <description/>
        <experience/>
        <grid>48</grid>
        <name>Solicitação de Crédito</name>
        <sys_class_name>par_dashboard</sys_class_name>
        <sys_created_by>admin</sys_created_by>
        <sys_created_on>2024-01-15 16:34:34</sys_created_on>
        <sys_id>317643b4d5bbb110ee142c6ae4ccf20f</sys_id>
        <sys_mod_count>0</sys_mod_count>
        <sys_name>Solicitação de Crédito</sys_name>
        <sys_package display_value="Solicitação de Crédito" source="x_1174267_solici_0">20d0b15f4727311008334d05516d430e</sys_package>
        <sys_policy/>
        <sys_scope display_value="Solicitação de Crédito">20d0b15f4727311008334d05516d430e</sys_scope>
        <sys_update_name>par_dashboard_317643b4d5bbb110ee142c6ae4ccf20f</sys_update_name>
        <sys_updated_by>admin</sys_updated_by>
        <sys_updated_on>2024-01-15 16:34:34</sys_updated_on>
        <sys_ux_app_config/>
        <sys_ux_app_route/>
        <sys_ux_macroponent/>
        <sys_ux_screen/>
        <sys_ux_screen_type/>
    </par_dashboard>
</record_update>
