<?xml version="1.0" encoding="UTF-8"?><record_update table="par_dashboard_canvas">
    <par_dashboard_canvas action="INSERT_OR_UPDATE">
        <dashboard display_value="Solicitação de Crédito Workspace">d86aa2b8693bb11014ab28bd33351acc</dashboard>
        <dashboard_tab/>
        <layout>[]</layout>
        <sys_class_name>par_dashboard_canvas</sys_class_name>
        <sys_created_by>admin</sys_created_by>
        <sys_created_on>2024-01-15 14:31:50</sys_created_on>
        <sys_id>d46aa2b8a63bb110412db6cfb9cb6ecd</sys_id>
        <sys_mod_count>0</sys_mod_count>
        <sys_name/>
        <sys_package display_value="Solicitação de Crédito" source="x_1174267_solici_0">20d0b15f4727311008334d05516d430e</sys_package>
        <sys_policy/>
        <sys_scope display_value="Solicitação de Crédito">20d0b15f4727311008334d05516d430e</sys_scope>
        <sys_update_name>par_dashboard_canvas_d46aa2b8a63bb110412db6cfb9cb6ecd</sys_update_name>
        <sys_updated_by>admin</sys_updated_by>
        <sys_updated_on>2024-01-15 14:31:50</sys_updated_on>
    </par_dashboard_canvas>
</record_update>
