<?xml version="1.0" encoding="UTF-8"?><record_update table="par_dashboard_visibility">
    <par_dashboard_visibility action="INSERT_OR_UPDATE">
        <dashboard display_value="Solicitação de Crédito">317643b4d5bbb110ee142c6ae4ccf20f</dashboard>
        <experience display_value="Solicitação de Crédito">7d7643b464bbb1106576bef17d378716</experience>
        <sys_class_name>par_dashboard_visibility</sys_class_name>
        <sys_created_by>admin</sys_created_by>
        <sys_created_on>2024-01-15 16:34:33</sys_created_on>
        <sys_id>357643b4babbb1108ce2ad036658850e</sys_id>
        <sys_mod_count>0</sys_mod_count>
        <sys_name/>
        <sys_package display_value="Solicitação de Crédito" source="x_1174267_solici_0">20d0b15f4727311008334d05516d430e</sys_package>
        <sys_policy/>
        <sys_scope display_value="Solicitação de Crédito">20d0b15f4727311008334d05516d430e</sys_scope>
        <sys_update_name>par_dashboard_visibility_357643b4babbb1108ce2ad036658850e</sys_update_name>
        <sys_updated_by>admin</sys_updated_by>
        <sys_updated_on>2024-01-15 16:34:33</sys_updated_on>
    </par_dashboard_visibility>
</record_update>
