<?xml version="1.0" encoding="UTF-8"?><record_update table="par_dashboard_widget">
    <par_dashboard_widget action="INSERT_OR_UPDATE">
        <canvas display_value="">797643b410bbb11011d2b977adbb1d0f</canvas>
        <component display_value="">d24d53f60350de7a652caf3188a46ed2</component>
        <component_props>{"scoreSize":"md","headingPosition":"top","sparklineStyle":"area","showScoreDate":false,"useRelativeScoreTime":false,"showScoreUpdateTime":true,"enableRealTimeUpdate":true,"showZero":true,"colorConfig":{"type":"default"},"dataSources":[{"isDatabaseView":false,"allowRealTime":true,"label":"Solicitações de Crédito","sourceType":"table","tableOrViewName":"x_1174267_solici_0_solicitacoesdecredito","filterQuery":"active=true^priority=1","id":"dGFibGV0YXNrMTY1Mzg0MjI1MTUxMQ==","dataCategories":["trend","group","simple"]}],"showHeader":true,"showTotalAggregate":false,"showSubAggregate":false,"showFirstGroupAggregate":false,"showSecondGroupAggregate":false,"wrapTitle":false,"showHeaderSeparator":false,"headerTitle":"Critical Tasks","showBorder":true,"bareBorder":false,"showDataPassthrough":false,"dataPassthrough":null,"metrics":[{"dataSource":"dGFibGV0YXNrMTY1Mzg0MjI1MTUxMQ==","id":"ZEdGaWJHVjBZWE5yTVRZMU16ZzBNakkxTVRVeE1RPT0xNjUzODQyMjUyNzkw","aggregateFunction":"COUNT","numberFormat":{"customFormat":false},"axisId":"primary"}],"groupBy":null,"sortBy":"value","sortByOrder":"desc","trendBy":null,"showChange":false,"showChangePercentage":false,"showTarget":false,"showForecast":false,"showForecastRange":false,"showTrend":false,"showConfidenceBand":false,"showGapPercentage":false,"showSparkline":false,"showMetricLabel":false,"showThreshold":false,"showComment":false,"followFilters":true,"showFilterIcon":true,"enableDrilldown":true,"showMaximumRange":false,"applyDateRange":false,"numberOfPeriods":3,"showAbsolutePeriod":false,"scoreType":null,"showChangeFrom":false,"period":"M","dateFormat":"default","hideMatrixAggregate":false,"newReporting":false,"configVersion":"23.0.0-ci-SNAPSHOT"}</component_props>
        <h>9</h>
        <name/>
        <sys_class_name>par_dashboard_widget</sys_class_name>
        <sys_created_by>admin</sys_created_by>
        <sys_created_on>2024-01-15 16:34:34</sys_created_on>
        <sys_id>b97643b435bbb110d2ce60a9caa3e90e</sys_id>
        <sys_mod_count>1</sys_mod_count>
        <sys_name/>
        <sys_package display_value="Solicitação de Crédito" source="x_1174267_solici_0">20d0b15f4727311008334d05516d430e</sys_package>
        <sys_policy/>
        <sys_scope display_value="Solicitação de Crédito">20d0b15f4727311008334d05516d430e</sys_scope>
        <sys_update_name>par_dashboard_widget_b97643b435bbb110d2ce60a9caa3e90e</sys_update_name>
        <sys_updated_by>admin</sys_updated_by>
        <sys_updated_on>2024-01-15 16:34:37</sys_updated_on>
        <visualization/>
        <w>16</w>
        <x>32</x>
        <y>3</y>
    </par_dashboard_widget>
</record_update>
