<?xml version="1.0" encoding="UTF-8"?><record_update table="par_dashboard_widget">
    <par_dashboard_widget action="INSERT_OR_UPDATE">
        <canvas display_value="">146aa2b8773bb110ceae4a78aa58c5cd</canvas>
        <component display_value="">d24d53f60350de7a652caf3188a46ed2</component>
        <component_props>{"scoreSize":"md","headingPosition":"top","sparklineStyle":"area","showScoreDate":false,"useRelativeScoreTime":false,"showScoreUpdateTime":false,"enableRealTimeUpdate":true,"showZero":true,"colorConfig":{"type":"default"},"dataSources":[{"isDatabaseView":false,"allowRealTime":true,"label":"Solicitações de Crédito","sourceType":"table","tableOrViewName":"x_1174267_solici_0_solicitacoesdecredito","filterQuery":"active=true^assigned_toDYNAMIC90d1921e5f510100a9ad2572f2b477fe","id":"dGFibGV0YXNrMTY1Mzg0MTkxNzIyOA==","dataCategories":["trend","group","simple"]}],"showHeader":true,"showTotalAggregate":false,"showSubAggregate":false,"showFirstGroupAggregate":false,"showSecondGroupAggregate":false,"wrapTitle":false,"showHeaderSeparator":false,"headerTitle":"My Tasks","showBorder":true,"bareBorder":false,"showDataPassthrough":false,"dataPassthrough":null,"metrics":[{"dataSource":"dGFibGV0YXNrMTY1Mzg0MTkxNzIyOA==","id":"ZEdGaWJHVjBZWE5yTVRZMU16ZzBNVGt4TnpJeU9BPT0xNjUzODQyMzE4NDk1","aggregateFunction":"COUNT","numberFormat":{"customFormat":false},"axisId":"primary"}],"groupBy":null,"sortBy":"value","sortByOrder":"desc","trendBy":null,"showChange":false,"showChangePercentage":false,"showTarget":false,"showForecast":false,"showForecastRange":false,"showTrend":false,"showConfidenceBand":false,"showGapPercentage":false,"showSparkline":false,"showMetricLabel":false,"showThreshold":false,"showComment":false,"followFilters":true,"showFilterIcon":true,"enableDrilldown":true,"showMaximumRange":false,"applyDateRange":false,"numberOfPeriods":3,"showAbsolutePeriod":false,"scoreType":null,"showChangeFrom":false,"period":"M","dateFormat":"default","hideMatrixAggregate":false,"newReporting":false,"configVersion":"23.0.0-ci-SNAPSHOT"}</component_props>
        <h>9</h>
        <name/>
        <sys_class_name>par_dashboard_widget</sys_class_name>
        <sys_created_by>admin</sys_created_by>
        <sys_created_on>2024-01-15 14:31:50</sys_created_on>
        <sys_id>946aa2b8e83bb110d0aa8cb63c9a90cb</sys_id>
        <sys_mod_count>1</sys_mod_count>
        <sys_name/>
        <sys_package display_value="Solicitação de Crédito" source="x_1174267_solici_0">20d0b15f4727311008334d05516d430e</sys_package>
        <sys_policy/>
        <sys_scope display_value="Solicitação de Crédito">20d0b15f4727311008334d05516d430e</sys_scope>
        <sys_update_name>par_dashboard_widget_946aa2b8e83bb110d0aa8cb63c9a90cb</sys_update_name>
        <sys_updated_by>admin</sys_updated_by>
        <sys_updated_on>2024-01-15 14:31:54</sys_updated_on>
        <visualization/>
        <w>16</w>
        <x>0</x>
        <y>3</y>
    </par_dashboard_widget>
</record_update>
