<?xml version="1.0" encoding="UTF-8"?><record_update table="par_dashboard_tab">
    <par_dashboard_tab action="INSERT_OR_UPDATE">
        <active>true</active>
        <dashboard display_value="Solicitação de Crédito">317643b4d5bbb110ee142c6ae4ccf20f</dashboard>
        <name>Tab</name>
        <order>0</order>
        <sys_class_name>par_dashboard_tab</sys_class_name>
        <sys_created_by>admin</sys_created_by>
        <sys_created_on>2024-01-15 16:34:34</sys_created_on>
        <sys_id>f17643b4dcbbb11054113f888e5c4f0f</sys_id>
        <sys_mod_count>0</sys_mod_count>
        <sys_name>Tab</sys_name>
        <sys_package display_value="Solicitação de Crédito" source="x_1174267_solici_0">20d0b15f4727311008334d05516d430e</sys_package>
        <sys_policy/>
        <sys_scope display_value="Solicitação de Crédito">20d0b15f4727311008334d05516d430e</sys_scope>
        <sys_update_name>par_dashboard_tab_f17643b4dcbbb11054113f888e5c4f0f</sys_update_name>
        <sys_updated_by>admin</sys_updated_by>
        <sys_updated_on>2024-01-15 16:34:34</sys_updated_on>
    </par_dashboard_tab>
</record_update>
