<?xml version="1.0" encoding="UTF-8"?><record_update table="par_dashboard_permission">
    <par_dashboard_permission action="INSERT_OR_UPDATE">
        <can_read>true</can_read>
        <can_share>false</can_share>
        <can_write>false</can_write>
        <dashboard display_value="Solicitação de Crédito Workspace">d86aa2b8693bb11014ab28bd33351acc</dashboard>
        <group/>
        <role display_value="x_1174267_solici_0.admin" name="x_1174267_solici_0.admin">20d0b15f4727311008334d05516d4315</role>
        <sys_class_name>par_dashboard_permission</sys_class_name>
        <sys_created_by>admin</sys_created_by>
        <sys_created_on>2024-01-15 14:31:54</sys_created_on>
        <sys_id>116a26b8473bb11008334d05516d4320</sys_id>
        <sys_mod_count>0</sys_mod_count>
        <sys_name>d86aa2b8693bb11014ab28bd33351acc</sys_name>
        <sys_package display_value="Solicitação de Crédito" source="x_1174267_solici_0">20d0b15f4727311008334d05516d430e</sys_package>
        <sys_policy/>
        <sys_scope display_value="Solicitação de Crédito">20d0b15f4727311008334d05516d430e</sys_scope>
        <sys_update_name>par_dashboard_permission_116a26b8473bb11008334d05516d4320</sys_update_name>
        <sys_updated_by>admin</sys_updated_by>
        <sys_updated_on>2024-01-15 14:31:54</sys_updated_on>
        <user/>
    </par_dashboard_permission>
</record_update>
