<?xml version="1.0" encoding="UTF-8"?><record_update table="question_choice">
    <question_choice action="INSERT_OR_UPDATE">
        <inactive>false</inactive>
        <order>100</order>
        <published_ref/>
        <question display_value="Sexo">d98cb11b4767311008334d05516d4306</question>
        <sys_class_name>question_choice</sys_class_name>
        <sys_created_by>admin</sys_created_by>
        <sys_created_on>2024-01-10 19:23:06</sys_created_on>
        <sys_id>1a1df55b4767311008334d05516d4372</sys_id>
        <sys_mod_count>0</sys_mod_count>
        <sys_name>Masculino</sys_name>
        <sys_package display_value="Solicitação de Crédito" source="x_1174267_solici_0">20d0b15f4727311008334d05516d430e</sys_package>
        <sys_policy/>
        <sys_scope display_value="Solicitação de Crédito">20d0b15f4727311008334d05516d430e</sys_scope>
        <sys_update_name>question_choice_1a1df55b4767311008334d05516d4372</sys_update_name>
        <sys_updated_by>admin</sys_updated_by>
        <sys_updated_on>2024-01-10 19:23:06</sys_updated_on>
        <text>Masculino</text>
        <value>masculino</value>
    </question_choice>
    <fx_price action="delete_multiple" query="id=1a1df55b4767311008334d05516d4372"/>
</record_update>
