<?xml version="1.0" encoding="UTF-8"?><record_update table="sc_cat_item_producer">
    <sc_cat_item_producer action="INSERT_OR_UPDATE">
        <access_type>restricted</access_type>
        <active>true</active>
        <allow_edit>false</allow_edit>
        <availability>on_desktop</availability>
        <billable>false</billable>
        <can_cancel>false</can_cancel>
        <category display_value="Services">109f0438c6112276003ae8ac13e7009d</category>
        <checked_out/>
        <cost>0</cost>
        <custom_cart/>
        <delivery_plan display_value="DEFAULT">523da512c611228900811a37c97c2014</delivery_plan>
        <delivery_plan_script/>
        <delivery_time>1970-01-03 00:00:00</delivery_time>
        <description/>
        <display_price_property>non_zero</display_price_property>
        <entitlement_script/>
        <flow_designer_flow/>
        <fulfillment_automation_level>unspecified</fulfillment_automation_level>
        <group/>
        <hide_sp>false</hide_sp>
        <icon/>
        <ignore_price>true</ignore_price>
        <image/>
        <location/>
        <mandatory_attachment>false</mandatory_attachment>
        <meta/>
        <mobile_hide_price>false</mobile_hide_price>
        <mobile_picture/>
        <mobile_picture_type>use_desktop_picture</mobile_picture_type>
        <model/>
        <name>Fomulário de Solicitação de Crédito</name>
        <no_attachment_v2>true</no_attachment_v2>
        <no_cart>false</no_cart>
        <no_cart_v2>false</no_cart_v2>
        <no_delivery_time_v2>false</no_delivery_time_v2>
        <no_order>false</no_order>
        <no_order_now>false</no_order_now>
        <no_proceed_checkout>false</no_proceed_checkout>
        <no_quantity>false</no_quantity>
        <no_quantity_v2>false</no_quantity_v2>
        <no_search>false</no_search>
        <no_wishlist_v2>true</no_wishlist_v2>
        <omit_price>false</omit_price>
        <order>0</order>
        <ordered_item_link/>
        <owner display_value="Junior  Teixeira">6816f79cc0a8016401c5a33be04be441</owner>
        <picture/>
        <post_insert_script><![CDATA[/**
* This script is executed after the record is generated. 
* `current` Is the GlideRecord produced by Record Producer. Use `current.update()` to update the record
* To access the variables, use `producer.var1` where var1 is the name of the variable
* To access the Record Producer use `cat_item`
*/]]></post_insert_script>
        <preview>JavaScript: popupOpenStandard("com.glideapp.servicecatalog_cat_item_view.do?v=1&amp;sysparm_id=bc06b9934767311008334d05516d43ef&amp;sysparm_preview=true", "summary");</preview>
        <price>0</price>
        <published_ref/>
        <recurring_frequency/>
        <redirect_url>generated_record</redirect_url>
        <request_method/>
        <roles/>
        <save_options/>
        <save_script><![CDATA[/**
* This script is executed at every step save in Catalog Builder. 
* This script is executed before `Script` is executed.
* `current` Is the GlideRecord produced by Record Producer. 
* To access the variables, use `producer.var1` where var1 is the name of the variable
* To access the Record Producer use `cat_item`
*/]]></save_script>
        <sc_catalogs>e0d08b13c3330100c8b837659bba8fb4</sc_catalogs>
        <sc_ic_item_staging/>
        <sc_ic_version/>
        <sc_template display_value="AES Record Producer">211f71ca73202010ae42d31ee2f6a785</sc_template>
        <script><![CDATA[/** This script is executed before the Record is generated
* `current`- GlideRecord produced by Record Producer
* Don't use `current.update()` or `current.insert()` as the record is generated by Record Producer
* Don't use `current.setValue('sys_class_name', 'xxx')` as this will trigger reparent flow and can cause data loss
* Avoid `current.setAbortAction()` and generate a separate record
* Use `producer.var1` to access variables
*/]]></script>
        <short_description>Formulário para receber informações do usuário que deseja ter um crédito no nosso banco</short_description>
        <show_variable_help_on_load>false</show_variable_help_on_load>
        <start_closed>false</start_closed>
        <state/>
        <sys_class_name>sc_cat_item_producer</sys_class_name>
        <sys_created_by>admin</sys_created_by>
        <sys_created_on>2024-01-10 18:52:09</sys_created_on>
        <sys_id>bc06b9934767311008334d05516d43ef</sys_id>
        <sys_mod_count>5</sys_mod_count>
        <sys_name>Fomulário de Solicitação de Crédito</sys_name>
        <sys_package display_value="Solicitação de Crédito" source="x_1174267_solici_0">20d0b15f4727311008334d05516d430e</sys_package>
        <sys_policy/>
        <sys_scope display_value="Solicitação de Crédito">20d0b15f4727311008334d05516d430e</sys_scope>
        <sys_update_name>sc_cat_item_producer_bc06b9934767311008334d05516d43ef</sys_update_name>
        <sys_updated_by>admin</sys_updated_by>
        <sys_updated_on>2024-01-10 19:45:56</sys_updated_on>
        <table_name>x_1174267_solici_0_solicitacoesdecredito</table_name>
        <taxonomy_topic/>
        <template/>
        <template_manager_roles/>
        <type>item</type>
        <use_sc_layout>true</use_sc_layout>
        <vendor/>
        <view/>
        <visible_bundle>true</visible_bundle>
        <visible_guide>true</visible_guide>
        <visible_standalone>true</visible_standalone>
        <workflow/>
    </sc_cat_item_producer>
    <sys_translated_text action="delete_multiple" query="documentkey=bc06b9934767311008334d05516d43ef"/>
    <fx_price action="delete_multiple" query="id=bc06b9934767311008334d05516d43ef"/>
    <fx_price action="INSERT_OR_UPDATE">
        <amount>0</amount>
        <currency display_value="USD">USD</currency>
        <field>price</field>
        <id>bc06b9934767311008334d05516d43ef</id>
        <parent/>
        <reference_amount>0</reference_amount>
        <reference_currency display_value="USD">USD</reference_currency>
        <sys_created_by>admin</sys_created_by>
        <sys_created_on>2024-01-10 18:52:09</sys_created_on>
        <sys_id>bc06f9934767311008334d05516d4301</sys_id>
        <sys_mod_count>0</sys_mod_count>
        <sys_updated_by>admin</sys_updated_by>
        <sys_updated_on>2024-01-10 18:52:09</sys_updated_on>
        <table>sc_cat_item_producer</table>
        <type>calculated</type>
    </fx_price>
</record_update>
