<?xml version="1.0" encoding="UTF-8"?><record_update table="sc_cat_item_catalog">
    <sc_cat_item_catalog action="INSERT_OR_UPDATE">
        <sc_cat_item display_value="Fomulário de Solicitação de Crédito">bc06b9934767311008334d05516d43ef</sc_cat_item>
        <sc_catalog display_value="Service Catalog">e0d08b13c3330100c8b837659bba8fb4</sc_catalog>
        <sys_class_name>sc_cat_item_catalog</sys_class_name>
        <sys_created_by>admin</sys_created_by>
        <sys_created_on>2024-01-10 19:46:41</sys_created_on>
        <sys_id>eb72ca1347a7311008334d05516d4307</sys_id>
        <sys_mod_count>0</sys_mod_count>
        <sys_name>Service Catalog.Fomulário de Solicitação de Crédito</sys_name>
        <sys_package display_value="Solicitação de Crédito" source="x_1174267_solici_0">20d0b15f4727311008334d05516d430e</sys_package>
        <sys_policy/>
        <sys_scope display_value="Solicitação de Crédito">20d0b15f4727311008334d05516d430e</sys_scope>
        <sys_update_name>sc_cat_item_catalog_eb72ca1347a7311008334d05516d4307</sys_update_name>
        <sys_updated_by>admin</sys_updated_by>
        <sys_updated_on>2024-01-10 19:46:41</sys_updated_on>
    </sc_cat_item_catalog>
</record_update>
