<?xml version="1.0" encoding="UTF-8"?><record_update table="sc_cat_item_category">
    <sc_cat_item_category action="INSERT_OR_UPDATE">
        <sc_cat_item display_value="Fomulário de Solicitação de Crédito">bc06b9934767311008334d05516d43ef</sc_cat_item>
        <sc_category display_value="Services">109f0438c6112276003ae8ac13e7009d</sc_category>
        <sys_class_name>sc_cat_item_category</sys_class_name>
        <sys_created_by>admin</sys_created_by>
        <sys_created_on>2024-01-10 19:46:41</sys_created_on>
        <sys_id>7b72ca1347a7311008334d05516d4312</sys_id>
        <sys_mod_count>0</sys_mod_count>
        <sys_name>Services.Fomulário de Solicitação de Crédito</sys_name>
        <sys_package display_value="Solicitação de Crédito" source="x_1174267_solici_0">20d0b15f4727311008334d05516d430e</sys_package>
        <sys_policy/>
        <sys_scope display_value="Solicitação de Crédito">20d0b15f4727311008334d05516d430e</sys_scope>
        <sys_update_name>sc_cat_item_category_7b72ca1347a7311008334d05516d4312</sys_update_name>
        <sys_updated_by>admin</sys_updated_by>
        <sys_updated_on>2024-01-10 19:46:41</sys_updated_on>
    </sc_cat_item_category>
</record_update>
