<?xml version="1.0" encoding="UTF-8"?><record_update table="sys_suggestion_reader_group">
    <sys_suggestion_reader_group action="INSERT_OR_UPDATE">
        <click_in_mode>false</click_in_mode>
        <context_config_id display_value="Solicitação de Crédito Workspace AI Search Configu">986aa2b89a3bb1105eed0ceeb8f6c5ca</context_config_id>
        <limit>5</limit>
        <order>600</order>
        <section_header>Suggested</section_header>
        <suggestion_type>Search-based Suggested Results Reader Group for Starter Workspace AI Search Configuration</suggestion_type>
        <sys_class_name>sys_suggestion_reader_group</sys_class_name>
        <sys_created_by>admin</sys_created_by>
        <sys_created_on>2024-01-15 14:31:51</sys_created_on>
        <sys_id>986aa2b8e63bb110933beccd6f7a8eda</sys_id>
        <sys_mod_count>0</sys_mod_count>
        <sys_name>Search-based Suggested Results Reader Group for Starter Workspace AI Search Configuration</sys_name>
        <sys_package display_value="Solicitação de Crédito" source="x_1174267_solici_0">20d0b15f4727311008334d05516d430e</sys_package>
        <sys_policy/>
        <sys_scope display_value="Solicitação de Crédito">20d0b15f4727311008334d05516d430e</sys_scope>
        <sys_update_name>sys_suggestion_reader_group_986aa2b8e63bb110933beccd6f7a8eda</sys_update_name>
        <sys_updated_by>admin</sys_updated_by>
        <sys_updated_on>2024-01-15 14:31:51</sys_updated_on>
    </sys_suggestion_reader_group>
</record_update>
