<?xml version="1.0" encoding="UTF-8"?><record_update table="sys_ux_client_script">
    <sys_ux_client_script action="INSERT_OR_UPDATE">
        <includes/>
        <macroponent display_value="Record Default">506aa2b8c83bb110a192333bcfa06cc5</macroponent>
        <name>viewport_gph/initiallyCollapsed</name>
        <preset/>
        <required_translations>[ ]</required_translations>
        <script><![CDATA[/**
  * @param {params} params
  * @param {api} params.api
  * @param {TransformApiHelpers} params.helpers
  */
function evaluateProperty({api, helpers}) {
	return api.context.props.userPrefs['workspace.showAgentAssist'] != 'true';
}]]></script>
        <script_api_version>2.0.0</script_api_version>
        <sys_class_name>sys_ux_client_script</sys_class_name>
        <sys_created_by>admin</sys_created_by>
        <sys_created_on>2024-01-15 14:31:51</sys_created_on>
        <sys_id>5c6aa2b8ca3bb11089342f895e8ab5c5</sys_id>
        <sys_mod_count>0</sys_mod_count>
        <sys_name>viewport_gph/initiallyCollapsed</sys_name>
        <sys_package display_value="Solicitação de Crédito" source="x_1174267_solici_0">20d0b15f4727311008334d05516d430e</sys_package>
        <sys_policy/>
        <sys_scope display_value="Solicitação de Crédito">20d0b15f4727311008334d05516d430e</sys_scope>
        <sys_update_name>sys_ux_client_script_5c6aa2b8ca3bb11089342f895e8ab5c5</sys_update_name>
        <sys_updated_by>admin</sys_updated_by>
        <sys_updated_on>2024-01-15 14:31:51</sys_updated_on>
        <target>macroponent</target>
        <type>transform</type>
    </sys_ux_client_script>
</record_update>
