<?xml version="1.0" encoding="UTF-8"?><record_update table="sys_embedded_help_role">
    <sys_embedded_help_role action="INSERT_OR_UPDATE">
        <order>1000</order>
        <role display_value="x_1174267_solici_0.user" name="x_1174267_solici_0.user">24d0b15f4727311008334d05516d4319</role>
        <sys_class_name>sys_embedded_help_role</sys_class_name>
        <sys_created_by>admin</sys_created_by>
        <sys_created_on>2024-01-10 18:29:28</sys_created_on>
        <sys_id>60d0b15f4727311008334d05516d431a</sys_id>
        <sys_mod_count>0</sys_mod_count>
        <sys_name>24d0b15f4727311008334d05516d4319</sys_name>
        <sys_package display_value="Solicitação de Crédito" source="x_1174267_solici_0">20d0b15f4727311008334d05516d430e</sys_package>
        <sys_policy/>
        <sys_scope display_value="Solicitação de Crédito">20d0b15f4727311008334d05516d430e</sys_scope>
        <sys_update_name>sys_embedded_help_role_60d0b15f4727311008334d05516d431a</sys_update_name>
        <sys_updated_by>admin</sys_updated_by>
        <sys_updated_on>2024-01-10 18:29:28</sys_updated_on>
    </sys_embedded_help_role>
</record_update>
