<?xml version="1.0" encoding="UTF-8"?><record_update table="sys_rest_message_fn_headers">
    <sys_rest_message_fn_headers action="INSERT_OR_UPDATE">
        <name>Content-Type</name>
        <rest_message_function display_value="Default POST">404d1fea4700021008334d05516d432c</rest_message_function>
        <sys_class_name>sys_rest_message_fn_headers</sys_class_name>
        <sys_created_by>admin</sys_created_by>
        <sys_created_on>2024-02-02 15:04:39</sys_created_on>
        <sys_id>0d4e9b2e4700021008334d05516d43bf</sys_id>
        <sys_mod_count>0</sys_mod_count>
        <sys_name>Content-Type</sys_name>
        <sys_package display_value="Solicitação de Crédito" source="x_1174267_solici_0">20d0b15f4727311008334d05516d430e</sys_package>
        <sys_policy/>
        <sys_scope display_value="Solicitação de Crédito">20d0b15f4727311008334d05516d430e</sys_scope>
        <sys_update_name>sys_rest_message_fn_headers_0d4e9b2e4700021008334d05516d43bf</sys_update_name>
        <sys_updated_by>admin</sys_updated_by>
        <sys_updated_on>2024-02-02 15:04:39</sys_updated_on>
        <value>application/x-www-form-urlencoded</value>
    </sys_rest_message_fn_headers>
</record_update>
