<?xml version="1.0" encoding="UTF-8"?><record_update>
    <sys_ui_related sys_domain="global" table="x_1174267_solici_0_solicitacoesdecredito" version="2" view="">
        <sys_ui_related_list_entry action="INSERT_OR_UPDATE">
            <filter/>
            <list_id display_value="Solicitações de Crédito - Default view" name="x_1174267_solici_0_solicitacoesdecredito" related_list="NULL" sys_domain="global" view="Default view">9d78665b472b311008334d05516d43d9</list_id>
            <order_by/>
            <position>0</position>
            <related_list>sysapproval_approver.sysapproval</related_list>
            <sys_class_name>sys_ui_related_list_entry</sys_class_name>
            <sys_created_by>admin</sys_created_by>
            <sys_created_on>2024-01-10 22:32:32</sys_created_on>
            <sys_id>d178665b472b311008334d05516d43db</sys_id>
            <sys_mod_count>0</sys_mod_count>
            <sys_updated_by>admin</sys_updated_by>
            <sys_updated_on>2024-01-10 22:32:32</sys_updated_on>
        </sys_ui_related_list_entry>
        <sys_ui_related_list_entry action="INSERT_OR_UPDATE">
            <filter/>
            <list_id display_value="Solicitações de Crédito - Default view" name="x_1174267_solici_0_solicitacoesdecredito" related_list="NULL" sys_domain="global" view="Default view">9d78665b472b311008334d05516d43d9</list_id>
            <order_by/>
            <position>1</position>
            <related_list>sysapproval_group.parent</related_list>
            <sys_class_name>sys_ui_related_list_entry</sys_class_name>
            <sys_created_by>admin</sys_created_by>
            <sys_created_on>2024-01-10 22:32:32</sys_created_on>
            <sys_id>1d78665b472b311008334d05516d43db</sys_id>
            <sys_mod_count>0</sys_mod_count>
            <sys_updated_by>admin</sys_updated_by>
            <sys_updated_on>2024-01-10 22:32:32</sys_updated_on>
        </sys_ui_related_list_entry>
        <sys_ui_related_list_entry action="INSERT_OR_UPDATE">
            <filter/>
            <list_id display_value="Solicitações de Crédito - Default view" name="x_1174267_solici_0_solicitacoesdecredito" related_list="NULL" sys_domain="global" view="Default view">9d78665b472b311008334d05516d43d9</list_id>
            <order_by/>
            <position>2</position>
            <related_list>sysapproval_group.universal_request</related_list>
            <sys_class_name>sys_ui_related_list_entry</sys_class_name>
            <sys_created_by>admin</sys_created_by>
            <sys_created_on>2024-01-10 22:32:32</sys_created_on>
            <sys_id>1178665b472b311008334d05516d43dc</sys_id>
            <sys_mod_count>0</sys_mod_count>
            <sys_updated_by>admin</sys_updated_by>
            <sys_updated_on>2024-01-10 22:32:32</sys_updated_on>
        </sys_ui_related_list_entry>
        <sys_ui_related_list_entry action="INSERT_OR_UPDATE">
            <filter/>
            <list_id display_value="Solicitações de Crédito - Default view" name="x_1174267_solici_0_solicitacoesdecredito" related_list="NULL" sys_domain="global" view="Default view">9d78665b472b311008334d05516d43d9</list_id>
            <order_by/>
            <position>3</position>
            <related_list>upgrade_history_task.parent</related_list>
            <sys_class_name>sys_ui_related_list_entry</sys_class_name>
            <sys_created_by>admin</sys_created_by>
            <sys_created_on>2024-01-10 22:32:32</sys_created_on>
            <sys_id>1578665b472b311008334d05516d43dc</sys_id>
            <sys_mod_count>0</sys_mod_count>
            <sys_updated_by>admin</sys_updated_by>
            <sys_updated_on>2024-01-10 22:32:32</sys_updated_on>
        </sys_ui_related_list_entry>
        <sys_ui_related_list_entry action="INSERT_OR_UPDATE">
            <filter/>
            <list_id display_value="Solicitações de Crédito - Default view" name="x_1174267_solici_0_solicitacoesdecredito" related_list="NULL" sys_domain="global" view="Default view">9d78665b472b311008334d05516d43d9</list_id>
            <order_by/>
            <position>4</position>
            <related_list>upgrade_history_task.universal_request</related_list>
            <sys_class_name>sys_ui_related_list_entry</sys_class_name>
            <sys_created_by>admin</sys_created_by>
            <sys_created_on>2024-01-10 22:32:32</sys_created_on>
            <sys_id>1978665b472b311008334d05516d43dc</sys_id>
            <sys_mod_count>0</sys_mod_count>
            <sys_updated_by>admin</sys_updated_by>
            <sys_updated_on>2024-01-10 22:32:32</sys_updated_on>
        </sys_ui_related_list_entry>
        <sys_ui_related_list action="INSERT_OR_UPDATE">
            <calculated_name>Solicitações de Crédito - Default view</calculated_name>
            <filter/>
            <name>x_1174267_solici_0_solicitacoesdecredito</name>
            <order_by/>
            <position/>
            <related_list/>
            <sys_class_name>sys_ui_related_list</sys_class_name>
            <sys_created_by>admin</sys_created_by>
            <sys_created_on>2024-01-10 22:32:32</sys_created_on>
            <sys_domain>global</sys_domain>
            <sys_domain_path>/</sys_domain_path>
            <sys_id>9d78665b472b311008334d05516d43d9</sys_id>
            <sys_mod_count>0</sys_mod_count>
            <sys_name>Solicitações de Crédito - Default view</sys_name>
            <sys_package display_value="Solicitação de Crédito" source="x_1174267_solici_0">20d0b15f4727311008334d05516d430e</sys_package>
            <sys_policy/>
            <sys_scope display_value="Solicitação de Crédito">20d0b15f4727311008334d05516d430e</sys_scope>
            <sys_update_name>sys_ui_related_x_1174267_solici_0_solicitacoesdecredito_null</sys_update_name>
            <sys_updated_by>admin</sys_updated_by>
            <sys_updated_on>2024-01-10 22:32:32</sys_updated_on>
            <sys_user/>
            <view display_value="Default view" name="NULL">Default view</view>
            <view_name/>
        </sys_ui_related_list>
    </sys_ui_related>
</record_update>
