<?xml version="1.0" encoding="UTF-8"?><record_update sys_domain="global" table="sys_ux_list_category">
    <sys_ux_list_category action="INSERT_OR_UPDATE">
        <active>true</active>
        <configuration display_value="Solicitação de Crédito_menu_config">c77683b447bbb11008334d05516d4318</configuration>
        <description/>
        <order>200</order>
        <sys_class_name>sys_ux_list_category</sys_class_name>
        <sys_created_by>admin</sys_created_by>
        <sys_created_on>2024-01-15 16:34:38</sys_created_on>
        <sys_domain>global</sys_domain>
        <sys_domain_path>/</sys_domain_path>
        <sys_id>077683b447bbb11008334d05516d4360</sys_id>
        <sys_mod_count>0</sys_mod_count>
        <sys_name>Auditoria</sys_name>
        <sys_overrides/>
        <sys_package display_value="Solicitação de Crédito" source="x_1174267_solici_0">20d0b15f4727311008334d05516d430e</sys_package>
        <sys_policy/>
        <sys_scope display_value="Solicitação de Crédito">20d0b15f4727311008334d05516d430e</sys_scope>
        <sys_update_name>sys_ux_list_category_077683b447bbb11008334d05516d4360</sys_update_name>
        <sys_updated_by>admin</sys_updated_by>
        <sys_updated_on>2024-01-15 16:34:38</sys_updated_on>
        <title>Auditoria</title>
    </sys_ux_list_category>
</record_update>
