<?xml version="1.0" encoding="UTF-8"?><record_update sys_domain="global" table="sys_hub_flow">
    <sys_hub_flow action="INSERT_OR_UPDATE">
        <access>public</access>
        <acls/>
        <active>false</active>
        <annotation/>
        <callable_by_client_api>false</callable_by_client_api>
        <category/>
        <compiler_build/>
        <copied_from/>
        <copied_from_name/>
        <description/>
        <internal_name>inbound_crdito</internal_name>
        <label_cache>[{"name":"Inbound Email_1.inbound_email.body_text","label":"Trigger - Inbound Email➛Email Record➛Body text","reference":"","reference_display":"Body text","type":"string_full_utf8","base_type":"string_full_utf8","parent_table_name":"sys_email","column_name":"body_text"}]</label_cache>
        <latest_snapshot/>
        <master_snapshot/>
        <name>Inbound crédito</name>
        <natlang/>
        <outputs/>
        <pre_compiled>false</pre_compiled>
        <remote_trigger_id/>
        <run_as>user</run_as>
        <run_with_roles/>
        <sc_callable>false</sc_callable>
        <show_draft_actions>false</show_draft_actions>
        <show_triggered_flows>false</show_triggered_flows>
        <status>draft</status>
        <sys_class_name>sys_hub_flow</sys_class_name>
        <sys_created_by>admin</sys_created_by>
        <sys_created_on>2024-02-22 13:47:26</sys_created_on>
        <sys_domain>global</sys_domain>
        <sys_domain_path>/</sys_domain_path>
        <sys_id>24ac42054720021008334d05516d4335</sys_id>
        <sys_mod_count>1</sys_mod_count>
        <sys_name>Inbound crédito</sys_name>
        <sys_overrides/>
        <sys_package display_value="Solicitação de Crédito" source="x_1174267_solici_0">20d0b15f4727311008334d05516d430e</sys_package>
        <sys_policy/>
        <sys_scope display_value="Solicitação de Crédito">20d0b15f4727311008334d05516d430e</sys_scope>
        <sys_update_name>sys_hub_flow_24ac42054720021008334d05516d4335</sys_update_name>
        <sys_updated_by>admin</sys_updated_by>
        <sys_updated_on>2024-02-23 22:38:16</sys_updated_on>
        <type>flow</type>
    </sys_hub_flow>
    <sys_translated_text action="delete_multiple" query="documentkey=24ac42054720021008334d05516d4335"/>
    <sys_variable_value action="delete_multiple" query="document_key=24ac42054720021008334d05516d4335"/>
    <sys_hub_trigger_instance action="delete_multiple" query="flow=24ac42054720021008334d05516d4335^sys_idNOT IN16bf09254720021008334d05516d4316"/>
    <sys_hub_trigger_instance action="INSERT_OR_UPDATE">
        <comment/>
        <display_text/>
        <flow display_value="Inbound crédito">24ac42054720021008334d05516d4335</flow>
        <name>Inbound Email</name>
        <remote_sys_id/>
        <sys_created_by>admin</sys_created_by>
        <sys_created_on>2024-02-23 22:38:16</sys_created_on>
        <sys_id>16bf09254720021008334d05516d4316</sys_id>
        <sys_mod_count>1</sys_mod_count>
        <sys_scope/>
        <sys_updated_by>admin</sys_updated_by>
        <sys_updated_on>2024-02-23 22:38:16</sys_updated_on>
        <trigger_definition display_value="Inbound Email">6f0180400b320300f4eb8bf637673ad4</trigger_definition>
        <trigger_inputs/>
        <trigger_outputs/>
        <trigger_type>email</trigger_type>
    </sys_hub_trigger_instance>
    <sys_variable_value action="delete_multiple" query="document_key=16bf09254720021008334d05516d4316"/>
    <sys_variable_value action="INSERT_OR_UPDATE">
        <document>sys_hub_trigger_instance</document>
        <document_key>16bf09254720021008334d05516d4316</document_key>
        <order>100</order>
        <sys_class_name>sys_variable_value</sys_class_name>
        <sys_created_by>admin</sys_created_by>
        <sys_created_on>2024-02-23 22:38:16</sys_created_on>
        <sys_id>56bf09254720021008334d05516d4317</sys_id>
        <sys_mod_count>0</sys_mod_count>
        <sys_updated_by>admin</sys_updated_by>
        <sys_updated_on>2024-02-23 22:38:16</sys_updated_on>
        <value>subjectLIKESolicitação</value>
        <variable display_value="Email Conditions">18010347c7312300f4eba1425a9763f7</variable>
    </sys_variable_value>
    <sys_variable_value action="INSERT_OR_UPDATE">
        <document>sys_hub_trigger_instance</document>
        <document_key>16bf09254720021008334d05516d4316</document_key>
        <order>200</order>
        <sys_class_name>sys_variable_value</sys_class_name>
        <sys_created_by>admin</sys_created_by>
        <sys_created_on>2024-02-23 22:38:16</sys_created_on>
        <sys_id>9ebf09254720021008334d05516d4317</sys_id>
        <sys_mod_count>0</sys_mod_count>
        <sys_updated_by>admin</sys_updated_by>
        <sys_updated_on>2024-02-23 22:38:16</sys_updated_on>
        <value/>
        <variable display_value="Order">60b307c7c7312300f4eba1425a97637e</variable>
    </sys_variable_value>
    <sys_hub_flow_stage action="delete_multiple" query="flow=24ac42054720021008334d05516d4335"/>
    <sys_flow_cat_variable_model action="delete_multiple" query="id=24ac42054720021008334d05516d4335^sys_idNOT IN2cac42054720021008334d05516d4336"/>
    <sys_flow_cat_variable_model action="INSERT_OR_UPDATE">
        <id>24ac42054720021008334d05516d4335</id>
        <name>Inbound crédito</name>
        <sys_created_by>admin</sys_created_by>
        <sys_created_on>2024-02-22 13:47:27</sys_created_on>
        <sys_id>2cac42054720021008334d05516d4336</sys_id>
        <sys_mod_count>0</sys_mod_count>
        <sys_scope/>
        <sys_updated_by>admin</sys_updated_by>
        <sys_updated_on>2024-02-22 13:47:27</sys_updated_on>
    </sys_flow_cat_variable_model>
    <sys_flow_cat_variable action="delete_multiple" query="flow_catalog_model=2cac42054720021008334d05516d4336"/>
    <sys_hub_flow_input action="delete_multiple" query="model=24ac42054720021008334d05516d4335^sys_idNOT IN0ebfc5254720021008334d05516d43f3,46bf09254720021008334d05516d4303,4abf09254720021008334d05516d4309,c2bfc5254720021008334d05516d43ec,c6bf09254720021008334d05516d4306,dabf09254720021008334d05516d430c,debf09254720021008334d05516d430f"/>
    <sys_hub_flow_input action="INSERT_OR_UPDATE">
        <active>true</active>
        <array>false</array>
        <array_denormalized>false</array_denormalized>
        <attributes>element_mapping_provider=com.glide.flow_design.action.data.FlowDesignVariableMapper,test_input_hidden=true,uiType=table_name,uiTypeLabel=Table Name</attributes>
        <audit>false</audit>
        <calculation><![CDATA[(function calculatedFieldValue(current) {

	// Add your code here
	return '';  // return the calculated value

})(current);]]></calculation>
        <choice/>
        <choice_field/>
        <choice_table/>
        <column_label/>
        <comments/>
        <create_roles/>
        <default_value/>
        <defaultsort/>
        <delete_roles/>
        <dependent/>
        <dependent_on_field/>
        <display>false</display>
        <dynamic_creation>false</dynamic_creation>
        <dynamic_creation_script/>
        <dynamic_default_value/>
        <dynamic_ref_qual/>
        <element>target_table_name</element>
        <element_reference>false</element_reference>
        <foreign_database/>
        <formula/>
        <function_definition/>
        <function_field>false</function_field>
        <help/>
        <hint/>
        <internal_type display_value="">table_name</internal_type>
        <label>Target Table</label>
        <mandatory>false</mandatory>
        <max_length>255</max_length>
        <model display_value="Inbound crédito">24ac42054720021008334d05516d4335</model>
        <model_id>24ac42054720021008334d05516d4335</model_id>
        <model_table>sys_hub_flow</model_table>
        <name>var__m_sys_hub_flow_input_24ac42054720021008334d05516d4335</name>
        <next_element/>
        <order>100</order>
        <primary>false</primary>
        <read_only>false</read_only>
        <read_roles/>
        <reference/>
        <reference_cascade_rule/>
        <reference_floats>false</reference_floats>
        <reference_key/>
        <reference_qual/>
        <reference_qual_condition/>
        <reference_type/>
        <sizeclass/>
        <spell_check>false</spell_check>
        <staged>false</staged>
        <sys_class_name>sys_hub_flow_input</sys_class_name>
        <sys_created_by>admin</sys_created_by>
        <sys_created_on>2024-02-23 22:38:16</sys_created_on>
        <sys_id>0ebfc5254720021008334d05516d43f3</sys_id>
        <sys_mod_count>0</sys_mod_count>
        <sys_name/>
        <sys_package/>
        <sys_policy/>
        <sys_scope display_value="Solicitação de Crédito">20d0b15f4727311008334d05516d430e</sys_scope>
        <sys_update_name/>
        <sys_updated_by>admin</sys_updated_by>
        <sys_updated_on>2024-02-23 22:38:16</sys_updated_on>
        <table_reference>false</table_reference>
        <text_index>false</text_index>
        <unique>false</unique>
        <use_dependent_field>false</use_dependent_field>
        <use_dynamic_default>false</use_dynamic_default>
        <use_reference_qualifier>simple</use_reference_qualifier>
        <virtual>false</virtual>
        <virtual_type>script</virtual_type>
        <widget/>
        <write_roles/>
        <xml_view>false</xml_view>
    </sys_hub_flow_input>
    <sys_hub_flow_input action="INSERT_OR_UPDATE">
        <active>true</active>
        <array>false</array>
        <array_denormalized>false</array_denormalized>
        <attributes>element_mapping_provider=com.glide.flow_design.action.data.FlowDesignVariableMapper,test_input_hidden=true,uiType=string_full_utf8,uiTypeLabel=String (Full UTF-8)</attributes>
        <audit>false</audit>
        <calculation><![CDATA[(function calculatedFieldValue(current) {

	// Add your code here
	return '';  // return the calculated value

})(current);]]></calculation>
        <choice/>
        <choice_field/>
        <choice_table/>
        <column_label/>
        <comments/>
        <create_roles/>
        <default_value/>
        <defaultsort/>
        <delete_roles/>
        <dependent/>
        <dependent_on_field/>
        <display>false</display>
        <dynamic_creation>false</dynamic_creation>
        <dynamic_creation_script/>
        <dynamic_default_value/>
        <dynamic_ref_qual/>
        <element>body_text</element>
        <element_reference>false</element_reference>
        <foreign_database/>
        <formula/>
        <function_definition/>
        <function_field>false</function_field>
        <help/>
        <hint/>
        <internal_type display_value="">string_full_utf8</internal_type>
        <label>Body Text</label>
        <mandatory>false</mandatory>
        <max_length>255</max_length>
        <model display_value="Inbound crédito">24ac42054720021008334d05516d4335</model>
        <model_id>24ac42054720021008334d05516d4335</model_id>
        <model_table>sys_hub_flow</model_table>
        <name>var__m_sys_hub_flow_input_24ac42054720021008334d05516d4335</name>
        <next_element/>
        <order>100</order>
        <primary>false</primary>
        <read_only>false</read_only>
        <read_roles/>
        <reference/>
        <reference_cascade_rule/>
        <reference_floats>false</reference_floats>
        <reference_key/>
        <reference_qual/>
        <reference_qual_condition/>
        <reference_type/>
        <sizeclass/>
        <spell_check>false</spell_check>
        <staged>false</staged>
        <sys_class_name>sys_hub_flow_input</sys_class_name>
        <sys_created_by>admin</sys_created_by>
        <sys_created_on>2024-02-23 22:38:16</sys_created_on>
        <sys_id>46bf09254720021008334d05516d4303</sys_id>
        <sys_mod_count>0</sys_mod_count>
        <sys_name/>
        <sys_package/>
        <sys_policy/>
        <sys_scope display_value="Solicitação de Crédito">20d0b15f4727311008334d05516d430e</sys_scope>
        <sys_update_name/>
        <sys_updated_by>admin</sys_updated_by>
        <sys_updated_on>2024-02-23 22:38:16</sys_updated_on>
        <table_reference>false</table_reference>
        <text_index>false</text_index>
        <unique>false</unique>
        <use_dependent_field>false</use_dependent_field>
        <use_dynamic_default>false</use_dynamic_default>
        <use_reference_qualifier>simple</use_reference_qualifier>
        <virtual>false</virtual>
        <virtual_type>script</virtual_type>
        <widget/>
        <write_roles/>
        <xml_view>false</xml_view>
    </sys_hub_flow_input>
    <sys_hub_flow_input action="INSERT_OR_UPDATE">
        <active>true</active>
        <array>false</array>
        <array_denormalized>false</array_denormalized>
        <attributes>element_mapping_provider=com.glide.flow_design.action.data.FlowDesignVariableMapper,test_input_hidden=true,uiType=reference,uiTypeLabel=Reference</attributes>
        <audit>false</audit>
        <calculation><![CDATA[(function calculatedFieldValue(current) {

	// Add your code here
	return '';  // return the calculated value

})(current);]]></calculation>
        <choice/>
        <choice_field/>
        <choice_table/>
        <column_label/>
        <comments/>
        <create_roles/>
        <default_value/>
        <defaultsort/>
        <delete_roles/>
        <dependent/>
        <dependent_on_field/>
        <display>false</display>
        <dynamic_creation>false</dynamic_creation>
        <dynamic_creation_script/>
        <dynamic_default_value/>
        <dynamic_ref_qual/>
        <element>user</element>
        <element_reference>false</element_reference>
        <foreign_database/>
        <formula/>
        <function_definition/>
        <function_field>false</function_field>
        <help/>
        <hint/>
        <internal_type display_value="Reference">reference</internal_type>
        <label>User</label>
        <mandatory>false</mandatory>
        <max_length>32</max_length>
        <model display_value="Inbound crédito">24ac42054720021008334d05516d4335</model>
        <model_id>24ac42054720021008334d05516d4335</model_id>
        <model_table>sys_hub_flow</model_table>
        <name>var__m_sys_hub_flow_input_24ac42054720021008334d05516d4335</name>
        <next_element/>
        <order>100</order>
        <primary>false</primary>
        <read_only>false</read_only>
        <read_roles/>
        <reference display_value="" name="sys_user">sys_user</reference>
        <reference_cascade_rule/>
        <reference_floats>false</reference_floats>
        <reference_key/>
        <reference_qual/>
        <reference_qual_condition/>
        <reference_type/>
        <sizeclass/>
        <spell_check>false</spell_check>
        <staged>false</staged>
        <sys_class_name>sys_hub_flow_input</sys_class_name>
        <sys_created_by>admin</sys_created_by>
        <sys_created_on>2024-02-23 22:38:16</sys_created_on>
        <sys_id>4abf09254720021008334d05516d4309</sys_id>
        <sys_mod_count>0</sys_mod_count>
        <sys_name/>
        <sys_package/>
        <sys_policy/>
        <sys_scope display_value="Solicitação de Crédito">20d0b15f4727311008334d05516d430e</sys_scope>
        <sys_update_name/>
        <sys_updated_by>admin</sys_updated_by>
        <sys_updated_on>2024-02-23 22:38:16</sys_updated_on>
        <table_reference>false</table_reference>
        <text_index>false</text_index>
        <unique>false</unique>
        <use_dependent_field>false</use_dependent_field>
        <use_dynamic_default>false</use_dynamic_default>
        <use_reference_qualifier>simple</use_reference_qualifier>
        <virtual>false</virtual>
        <virtual_type>script</virtual_type>
        <widget/>
        <write_roles/>
        <xml_view>false</xml_view>
    </sys_hub_flow_input>
    <sys_hub_flow_input action="INSERT_OR_UPDATE">
        <active>true</active>
        <array>false</array>
        <array_denormalized>false</array_denormalized>
        <attributes>element_mapping_provider=com.glide.flow_design.action.data.FlowDesignVariableMapper,uiType=reference,uiTypeLabel=Reference</attributes>
        <audit>false</audit>
        <calculation><![CDATA[(function calculatedFieldValue(current) {

	// Add your code here
	return '';  // return the calculated value

})(current);]]></calculation>
        <choice/>
        <choice_field/>
        <choice_table/>
        <column_label/>
        <comments/>
        <create_roles/>
        <default_value/>
        <defaultsort/>
        <delete_roles/>
        <dependent/>
        <dependent_on_field/>
        <display>false</display>
        <dynamic_creation>false</dynamic_creation>
        <dynamic_creation_script/>
        <dynamic_default_value/>
        <dynamic_ref_qual/>
        <element>inbound_email</element>
        <element_reference>false</element_reference>
        <foreign_database/>
        <formula/>
        <function_definition/>
        <function_field>false</function_field>
        <help/>
        <hint/>
        <internal_type display_value="Reference">reference</internal_type>
        <label>Inbound Email</label>
        <mandatory>false</mandatory>
        <max_length>32</max_length>
        <model display_value="Inbound crédito">24ac42054720021008334d05516d4335</model>
        <model_id>24ac42054720021008334d05516d4335</model_id>
        <model_table>sys_hub_flow</model_table>
        <name>var__m_sys_hub_flow_input_24ac42054720021008334d05516d4335</name>
        <next_element/>
        <order>100</order>
        <primary>false</primary>
        <read_only>false</read_only>
        <read_roles/>
        <reference display_value="" name="sys_email">sys_email</reference>
        <reference_cascade_rule/>
        <reference_floats>false</reference_floats>
        <reference_key/>
        <reference_qual>type=received^sys_created_onONLast 3 months@javascript:gs.beginningOfLast3Months()@javascript:gs.endOfLast3Months()^EQ</reference_qual>
        <reference_qual_condition table="sys_email">type=received^sys_created_onONLast 3 months@javascript:gs.beginningOfLast3Months()@javascript:gs.endOfLast3Months()^EQ<item display_value="received" endquery="false" field="type" goto="false" newquery="false" operator="=" or="false" value="received"/>
            <item endquery="false" field="sys_created_on" goto="false" newquery="false" operator="ON" or="false" value="Last 3 months@javascript:gs.beginningOfLast3Months()@javascript:gs.endOfLast3Months()"/>
            <item endquery="true" field="" goto="false" newquery="false" operator="=" or="false" value=""/>
        </reference_qual_condition>
        <reference_type/>
        <sizeclass/>
        <spell_check>false</spell_check>
        <staged>false</staged>
        <sys_class_name>sys_hub_flow_input</sys_class_name>
        <sys_created_by>admin</sys_created_by>
        <sys_created_on>2024-02-23 22:38:16</sys_created_on>
        <sys_id>c2bfc5254720021008334d05516d43ec</sys_id>
        <sys_mod_count>0</sys_mod_count>
        <sys_name/>
        <sys_package/>
        <sys_policy/>
        <sys_scope display_value="Solicitação de Crédito">20d0b15f4727311008334d05516d430e</sys_scope>
        <sys_update_name/>
        <sys_updated_by>admin</sys_updated_by>
        <sys_updated_on>2024-02-23 22:38:16</sys_updated_on>
        <table_reference>false</table_reference>
        <text_index>false</text_index>
        <unique>false</unique>
        <use_dependent_field>false</use_dependent_field>
        <use_dynamic_default>false</use_dynamic_default>
        <use_reference_qualifier>simple</use_reference_qualifier>
        <virtual>false</virtual>
        <virtual_type>script</virtual_type>
        <widget/>
        <write_roles/>
        <xml_view>false</xml_view>
    </sys_hub_flow_input>
    <sys_hub_flow_input action="INSERT_OR_UPDATE">
        <active>true</active>
        <array>false</array>
        <array_denormalized>false</array_denormalized>
        <attributes>element_mapping_provider=com.glide.flow_design.action.data.FlowDesignVariableMapper,test_input_hidden=true,uiType=string_full_utf8,uiTypeLabel=String (Full UTF-8)</attributes>
        <audit>false</audit>
        <calculation><![CDATA[(function calculatedFieldValue(current) {

	// Add your code here
	return '';  // return the calculated value

})(current);]]></calculation>
        <choice/>
        <choice_field/>
        <choice_table/>
        <column_label/>
        <comments/>
        <create_roles/>
        <default_value/>
        <defaultsort/>
        <delete_roles/>
        <dependent/>
        <dependent_on_field/>
        <display>false</display>
        <dynamic_creation>false</dynamic_creation>
        <dynamic_creation_script/>
        <dynamic_default_value/>
        <dynamic_ref_qual/>
        <element>subject</element>
        <element_reference>false</element_reference>
        <foreign_database/>
        <formula/>
        <function_definition/>
        <function_field>false</function_field>
        <help/>
        <hint/>
        <internal_type display_value="">string_full_utf8</internal_type>
        <label>Subject</label>
        <mandatory>false</mandatory>
        <max_length>255</max_length>
        <model display_value="Inbound crédito">24ac42054720021008334d05516d4335</model>
        <model_id>24ac42054720021008334d05516d4335</model_id>
        <model_table>sys_hub_flow</model_table>
        <name>var__m_sys_hub_flow_input_24ac42054720021008334d05516d4335</name>
        <next_element/>
        <order>100</order>
        <primary>false</primary>
        <read_only>false</read_only>
        <read_roles/>
        <reference/>
        <reference_cascade_rule/>
        <reference_floats>false</reference_floats>
        <reference_key/>
        <reference_qual/>
        <reference_qual_condition/>
        <reference_type/>
        <sizeclass/>
        <spell_check>false</spell_check>
        <staged>false</staged>
        <sys_class_name>sys_hub_flow_input</sys_class_name>
        <sys_created_by>admin</sys_created_by>
        <sys_created_on>2024-02-23 22:38:16</sys_created_on>
        <sys_id>c6bf09254720021008334d05516d4306</sys_id>
        <sys_mod_count>0</sys_mod_count>
        <sys_name/>
        <sys_package/>
        <sys_policy/>
        <sys_scope display_value="Solicitação de Crédito">20d0b15f4727311008334d05516d430e</sys_scope>
        <sys_update_name/>
        <sys_updated_by>admin</sys_updated_by>
        <sys_updated_on>2024-02-23 22:38:16</sys_updated_on>
        <table_reference>false</table_reference>
        <text_index>false</text_index>
        <unique>false</unique>
        <use_dependent_field>false</use_dependent_field>
        <use_dynamic_default>false</use_dynamic_default>
        <use_reference_qualifier>simple</use_reference_qualifier>
        <virtual>false</virtual>
        <virtual_type>script</virtual_type>
        <widget/>
        <write_roles/>
        <xml_view>false</xml_view>
    </sys_hub_flow_input>
    <sys_hub_flow_input action="INSERT_OR_UPDATE">
        <active>true</active>
        <array>false</array>
        <array_denormalized>false</array_denormalized>
        <attributes>element_mapping_provider=com.glide.flow_design.action.data.FlowDesignVariableMapper,test_input_hidden=true,uiType=document_id,uiTypeLabel=Document ID</attributes>
        <audit>false</audit>
        <calculation><![CDATA[(function calculatedFieldValue(current) {

	// Add your code here
	return '';  // return the calculated value

})(current);]]></calculation>
        <choice/>
        <choice_field/>
        <choice_table/>
        <column_label/>
        <comments/>
        <create_roles/>
        <default_value/>
        <defaultsort/>
        <delete_roles/>
        <dependent>target_table_name</dependent>
        <dependent_on_field>target_table_name</dependent_on_field>
        <display>false</display>
        <dynamic_creation>false</dynamic_creation>
        <dynamic_creation_script/>
        <dynamic_default_value/>
        <dynamic_ref_qual/>
        <element>target_record</element>
        <element_reference>false</element_reference>
        <foreign_database/>
        <formula/>
        <function_definition/>
        <function_field>false</function_field>
        <help/>
        <hint/>
        <internal_type display_value="">document_id</internal_type>
        <label>Target Record</label>
        <mandatory>false</mandatory>
        <max_length>255</max_length>
        <model display_value="Inbound crédito">24ac42054720021008334d05516d4335</model>
        <model_id>24ac42054720021008334d05516d4335</model_id>
        <model_table>sys_hub_flow</model_table>
        <name>var__m_sys_hub_flow_input_24ac42054720021008334d05516d4335</name>
        <next_element/>
        <order>100</order>
        <primary>false</primary>
        <read_only>false</read_only>
        <read_roles/>
        <reference/>
        <reference_cascade_rule/>
        <reference_floats>false</reference_floats>
        <reference_key/>
        <reference_qual/>
        <reference_qual_condition/>
        <reference_type/>
        <sizeclass/>
        <spell_check>false</spell_check>
        <staged>false</staged>
        <sys_class_name>sys_hub_flow_input</sys_class_name>
        <sys_created_by>admin</sys_created_by>
        <sys_created_on>2024-02-23 22:38:16</sys_created_on>
        <sys_id>dabf09254720021008334d05516d430c</sys_id>
        <sys_mod_count>0</sys_mod_count>
        <sys_name/>
        <sys_package/>
        <sys_policy/>
        <sys_scope display_value="Solicitação de Crédito">20d0b15f4727311008334d05516d430e</sys_scope>
        <sys_update_name/>
        <sys_updated_by>admin</sys_updated_by>
        <sys_updated_on>2024-02-23 22:38:16</sys_updated_on>
        <table_reference>false</table_reference>
        <text_index>false</text_index>
        <unique>false</unique>
        <use_dependent_field>true</use_dependent_field>
        <use_dynamic_default>false</use_dynamic_default>
        <use_reference_qualifier>simple</use_reference_qualifier>
        <virtual>false</virtual>
        <virtual_type>script</virtual_type>
        <widget/>
        <write_roles/>
        <xml_view>false</xml_view>
    </sys_hub_flow_input>
    <sys_hub_flow_input action="INSERT_OR_UPDATE">
        <active>true</active>
        <array>false</array>
        <array_denormalized>false</array_denormalized>
        <attributes>element_mapping_provider=com.glide.flow_design.action.data.FlowDesignVariableMapper,test_input_hidden=true,uiType=string_full_utf8,uiTypeLabel=String (Full UTF-8)</attributes>
        <audit>false</audit>
        <calculation><![CDATA[(function calculatedFieldValue(current) {

	// Add your code here
	return '';  // return the calculated value

})(current);]]></calculation>
        <choice/>
        <choice_field/>
        <choice_table/>
        <column_label/>
        <comments/>
        <create_roles/>
        <default_value/>
        <defaultsort/>
        <delete_roles/>
        <dependent/>
        <dependent_on_field/>
        <display>false</display>
        <dynamic_creation>false</dynamic_creation>
        <dynamic_creation_script/>
        <dynamic_default_value/>
        <dynamic_ref_qual/>
        <element>from_address</element>
        <element_reference>false</element_reference>
        <foreign_database/>
        <formula/>
        <function_definition/>
        <function_field>false</function_field>
        <help/>
        <hint/>
        <internal_type display_value="">string_full_utf8</internal_type>
        <label>From address</label>
        <mandatory>false</mandatory>
        <max_length>255</max_length>
        <model display_value="Inbound crédito">24ac42054720021008334d05516d4335</model>
        <model_id>24ac42054720021008334d05516d4335</model_id>
        <model_table>sys_hub_flow</model_table>
        <name>var__m_sys_hub_flow_input_24ac42054720021008334d05516d4335</name>
        <next_element/>
        <order>100</order>
        <primary>false</primary>
        <read_only>false</read_only>
        <read_roles/>
        <reference/>
        <reference_cascade_rule/>
        <reference_floats>false</reference_floats>
        <reference_key/>
        <reference_qual/>
        <reference_qual_condition/>
        <reference_type/>
        <sizeclass/>
        <spell_check>false</spell_check>
        <staged>false</staged>
        <sys_class_name>sys_hub_flow_input</sys_class_name>
        <sys_created_by>admin</sys_created_by>
        <sys_created_on>2024-02-23 22:38:16</sys_created_on>
        <sys_id>debf09254720021008334d05516d430f</sys_id>
        <sys_mod_count>0</sys_mod_count>
        <sys_name/>
        <sys_package/>
        <sys_policy/>
        <sys_scope display_value="Solicitação de Crédito">20d0b15f4727311008334d05516d430e</sys_scope>
        <sys_update_name/>
        <sys_updated_by>admin</sys_updated_by>
        <sys_updated_on>2024-02-23 22:38:16</sys_updated_on>
        <table_reference>false</table_reference>
        <text_index>false</text_index>
        <unique>false</unique>
        <use_dependent_field>false</use_dependent_field>
        <use_dynamic_default>false</use_dynamic_default>
        <use_reference_qualifier>simple</use_reference_qualifier>
        <virtual>false</virtual>
        <virtual_type>script</virtual_type>
        <widget/>
        <write_roles/>
        <xml_view>false</xml_view>
    </sys_hub_flow_input>
    <sys_hub_flow_output action="delete_multiple" query="model=24ac42054720021008334d05516d4335"/>
    <sys_hub_alias_mapping action="delete_multiple" query="source_id=24ac42054720021008334d05516d4335"/>
    <sys_hub_action_instance action="delete_multiple" query="flow=24ac42054720021008334d05516d4335^sys_idNOT IN9ebf09254720021008334d05516d431c"/>
    <sys_hub_action_instance action="INSERT_OR_UPDATE">
        <action_inputs/>
        <action_inputs/>
        <action_type display_value="Create Record">2de05916c31332002841b63b12d3aee1</action_type>
        <action_type_parent/>
        <comment/>
        <compiled_snapshot/>
        <display_text/>
        <flow display_value="Inbound crédito">24ac42054720021008334d05516d4335</flow>
        <order>1</order>
        <parent_ui_id/>
        <sys_class_name>sys_hub_action_instance</sys_class_name>
        <sys_created_by>admin</sys_created_by>
        <sys_created_on>2024-02-23 22:38:16</sys_created_on>
        <sys_id>9ebf09254720021008334d05516d431c</sys_id>
        <sys_mod_count>2</sys_mod_count>
        <sys_scope display_value="Solicitação de Crédito">20d0b15f4727311008334d05516d430e</sys_scope>
        <sys_updated_by>admin</sys_updated_by>
        <sys_updated_on>2024-02-23 22:38:16</sys_updated_on>
        <ui_id>a448a34a-a9f2-4bac-971b-116824ca2552</ui_id>
    </sys_hub_action_instance>
    <sys_variable_value action="delete_multiple" query="document_key=9ebf09254720021008334d05516d431c"/>
    <sys_variable_value action="INSERT_OR_UPDATE">
        <document>sys_hub_action_instance</document>
        <document_key>9ebf09254720021008334d05516d431c</document_key>
        <order>0</order>
        <sys_class_name>sys_variable_value</sys_class_name>
        <sys_created_by>admin</sys_created_by>
        <sys_created_on>2024-02-23 22:38:16</sys_created_on>
        <sys_id>1abf09254720021008334d05516d431f</sys_id>
        <sys_mod_count>0</sys_mod_count>
        <sys_updated_by>admin</sys_updated_by>
        <sys_updated_on>2024-02-23 22:38:16</sys_updated_on>
        <value>x_1174267_solici_0_solicitacoesdecredito</value>
        <variable display_value="Table">61e05916c31332002841b63b12d3aee4</variable>
    </sys_variable_value>
    <sys_element_mapping action="delete_multiple" query="id=9ebf09254720021008334d05516d431c"/>
    <sys_element_mapping action="INSERT_OR_UPDATE">
        <field>table_name</field>
        <id>9ebf09254720021008334d05516d431c</id>
        <sys_created_by>admin</sys_created_by>
        <sys_created_on>2024-02-23 22:38:16</sys_created_on>
        <sys_id>9ebf09254720021008334d05516d431e</sys_id>
        <sys_mod_count>0</sys_mod_count>
        <sys_updated_by>admin</sys_updated_by>
        <sys_updated_on>2024-02-23 22:38:16</sys_updated_on>
        <table>var__m_sys_hub_action_input_2de05916c31332002841b63b12d3aee1</table>
        <value/>
    </sys_element_mapping>
    <sys_element_mapping action="INSERT_OR_UPDATE">
        <field>values</field>
        <id>9ebf09254720021008334d05516d431c</id>
        <sys_created_by>admin</sys_created_by>
        <sys_created_on>2024-02-23 22:38:16</sys_created_on>
        <sys_id>96bf09254720021008334d05516d431f</sys_id>
        <sys_mod_count>0</sys_mod_count>
        <sys_updated_by>admin</sys_updated_by>
        <sys_updated_on>2024-02-23 22:38:16</sys_updated_on>
        <table>var__m_sys_hub_action_input_2de05916c31332002841b63b12d3aee1</table>
        <value>description={{Inbound Email_1.inbound_email.body_text}}</value>
    </sys_element_mapping>
    <sys_hub_input_scripts action="delete_multiple" query="instance=9ebf09254720021008334d05516d431c"/>
    <sys_hub_alias_mapping action="delete_multiple" query="source_id=9ebf09254720021008334d05516d431c"/>
    <sys_hub_sub_flow_instance action="delete_multiple" query="flow=24ac42054720021008334d05516d4335"/>
    <sys_hub_flow_logic action="delete_multiple" query="flow=24ac42054720021008334d05516d4335"/>
    <sys_hub_pill_compound action="delete_multiple" query="attached_to=24ac42054720021008334d05516d4335"/>
    <sys_hub_flow_variable action="delete_multiple" query="model=24ac42054720021008334d05516d4335"/>
    <sys_documentation action="delete_multiple" query="name=var__m_sys_hub_flow_input_24ac42054720021008334d05516d4335^sys_idNOT IN4abf09254720021008334d05516d4305,52bf09254720021008334d05516d430f,5ebf09254720021008334d05516d430b,c6bf09254720021008334d05516d4302,c6bfc5254720021008334d05516d43f2,cabf09254720021008334d05516d4308,d2bf09254720021008334d05516d4312"/>
    <sys_documentation action="INSERT_OR_UPDATE">
        <element>body_text</element>
        <help/>
        <hint/>
        <label>Body Text</label>
        <language>en</language>
        <name>var__m_sys_hub_flow_input_24ac42054720021008334d05516d4335</name>
        <plural/>
        <sys_class_name>sys_documentation</sys_class_name>
        <sys_created_by>admin</sys_created_by>
        <sys_created_on>2024-02-23 22:38:16</sys_created_on>
        <sys_id>4abf09254720021008334d05516d4305</sys_id>
        <sys_mod_count>0</sys_mod_count>
        <sys_name/>
        <sys_package display_value="Solicitação de Crédito" source="x_1174267_solici_0">20d0b15f4727311008334d05516d430e</sys_package>
        <sys_policy/>
        <sys_scope display_value="Solicitação de Crédito">20d0b15f4727311008334d05516d430e</sys_scope>
        <sys_update_name/>
        <sys_updated_by>admin</sys_updated_by>
        <sys_updated_on>2024-02-23 22:38:16</sys_updated_on>
        <url/>
        <url_target/>
    </sys_documentation>
    <sys_documentation action="INSERT_OR_UPDATE">
        <element>target_record</element>
        <help/>
        <hint/>
        <label>Target Record</label>
        <language>en</language>
        <name>var__m_sys_hub_flow_input_24ac42054720021008334d05516d4335</name>
        <plural/>
        <sys_class_name>sys_documentation</sys_class_name>
        <sys_created_by>admin</sys_created_by>
        <sys_created_on>2024-02-23 22:38:16</sys_created_on>
        <sys_id>52bf09254720021008334d05516d430f</sys_id>
        <sys_mod_count>0</sys_mod_count>
        <sys_name/>
        <sys_package display_value="Solicitação de Crédito" source="x_1174267_solici_0">20d0b15f4727311008334d05516d430e</sys_package>
        <sys_policy/>
        <sys_scope display_value="Solicitação de Crédito">20d0b15f4727311008334d05516d430e</sys_scope>
        <sys_update_name/>
        <sys_updated_by>admin</sys_updated_by>
        <sys_updated_on>2024-02-23 22:38:16</sys_updated_on>
        <url/>
        <url_target/>
    </sys_documentation>
    <sys_documentation action="INSERT_OR_UPDATE">
        <element>user</element>
        <help/>
        <hint/>
        <label>User</label>
        <language>en</language>
        <name>var__m_sys_hub_flow_input_24ac42054720021008334d05516d4335</name>
        <plural/>
        <sys_class_name>sys_documentation</sys_class_name>
        <sys_created_by>admin</sys_created_by>
        <sys_created_on>2024-02-23 22:38:16</sys_created_on>
        <sys_id>5ebf09254720021008334d05516d430b</sys_id>
        <sys_mod_count>0</sys_mod_count>
        <sys_name/>
        <sys_package display_value="Solicitação de Crédito" source="x_1174267_solici_0">20d0b15f4727311008334d05516d430e</sys_package>
        <sys_policy/>
        <sys_scope display_value="Solicitação de Crédito">20d0b15f4727311008334d05516d430e</sys_scope>
        <sys_update_name/>
        <sys_updated_by>admin</sys_updated_by>
        <sys_updated_on>2024-02-23 22:38:16</sys_updated_on>
        <url/>
        <url_target/>
    </sys_documentation>
    <sys_documentation action="INSERT_OR_UPDATE">
        <element>target_table_name</element>
        <help/>
        <hint/>
        <label>Target Table</label>
        <language>en</language>
        <name>var__m_sys_hub_flow_input_24ac42054720021008334d05516d4335</name>
        <plural/>
        <sys_class_name>sys_documentation</sys_class_name>
        <sys_created_by>admin</sys_created_by>
        <sys_created_on>2024-02-23 22:38:16</sys_created_on>
        <sys_id>c6bf09254720021008334d05516d4302</sys_id>
        <sys_mod_count>0</sys_mod_count>
        <sys_name/>
        <sys_package display_value="Solicitação de Crédito" source="x_1174267_solici_0">20d0b15f4727311008334d05516d430e</sys_package>
        <sys_policy/>
        <sys_scope display_value="Solicitação de Crédito">20d0b15f4727311008334d05516d430e</sys_scope>
        <sys_update_name/>
        <sys_updated_by>admin</sys_updated_by>
        <sys_updated_on>2024-02-23 22:38:16</sys_updated_on>
        <url/>
        <url_target/>
    </sys_documentation>
    <sys_documentation action="INSERT_OR_UPDATE">
        <element>inbound_email</element>
        <help/>
        <hint>The record representing the inbound email.</hint>
        <label>Inbound Email</label>
        <language>en</language>
        <name>var__m_sys_hub_flow_input_24ac42054720021008334d05516d4335</name>
        <plural/>
        <sys_class_name>sys_documentation</sys_class_name>
        <sys_created_by>admin</sys_created_by>
        <sys_created_on>2024-02-23 22:38:16</sys_created_on>
        <sys_id>c6bfc5254720021008334d05516d43f2</sys_id>
        <sys_mod_count>0</sys_mod_count>
        <sys_name/>
        <sys_package display_value="Solicitação de Crédito" source="x_1174267_solici_0">20d0b15f4727311008334d05516d430e</sys_package>
        <sys_policy/>
        <sys_scope display_value="Solicitação de Crédito">20d0b15f4727311008334d05516d430e</sys_scope>
        <sys_update_name/>
        <sys_updated_by>admin</sys_updated_by>
        <sys_updated_on>2024-02-23 22:38:16</sys_updated_on>
        <url/>
        <url_target/>
    </sys_documentation>
    <sys_documentation action="INSERT_OR_UPDATE">
        <element>subject</element>
        <help/>
        <hint/>
        <label>Subject</label>
        <language>en</language>
        <name>var__m_sys_hub_flow_input_24ac42054720021008334d05516d4335</name>
        <plural/>
        <sys_class_name>sys_documentation</sys_class_name>
        <sys_created_by>admin</sys_created_by>
        <sys_created_on>2024-02-23 22:38:16</sys_created_on>
        <sys_id>cabf09254720021008334d05516d4308</sys_id>
        <sys_mod_count>0</sys_mod_count>
        <sys_name/>
        <sys_package display_value="Solicitação de Crédito" source="x_1174267_solici_0">20d0b15f4727311008334d05516d430e</sys_package>
        <sys_policy/>
        <sys_scope display_value="Solicitação de Crédito">20d0b15f4727311008334d05516d430e</sys_scope>
        <sys_update_name/>
        <sys_updated_by>admin</sys_updated_by>
        <sys_updated_on>2024-02-23 22:38:16</sys_updated_on>
        <url/>
        <url_target/>
    </sys_documentation>
    <sys_documentation action="INSERT_OR_UPDATE">
        <element>from_address</element>
        <help/>
        <hint/>
        <label>From address</label>
        <language>en</language>
        <name>var__m_sys_hub_flow_input_24ac42054720021008334d05516d4335</name>
        <plural/>
        <sys_class_name>sys_documentation</sys_class_name>
        <sys_created_by>admin</sys_created_by>
        <sys_created_on>2024-02-23 22:38:16</sys_created_on>
        <sys_id>d2bf09254720021008334d05516d4312</sys_id>
        <sys_mod_count>0</sys_mod_count>
        <sys_name/>
        <sys_package display_value="Solicitação de Crédito" source="x_1174267_solici_0">20d0b15f4727311008334d05516d430e</sys_package>
        <sys_policy/>
        <sys_scope display_value="Solicitação de Crédito">20d0b15f4727311008334d05516d430e</sys_scope>
        <sys_update_name/>
        <sys_updated_by>admin</sys_updated_by>
        <sys_updated_on>2024-02-23 22:38:16</sys_updated_on>
        <url/>
        <url_target/>
    </sys_documentation>
    <sys_choice action="delete_multiple" query="name=var__m_sys_hub_flow_input_24ac42054720021008334d05516d4335"/>
    <sys_documentation action="delete_multiple" query="name=var__m_sys_hub_flow_output_24ac42054720021008334d05516d4335"/>
    <sys_choice action="delete_multiple" query="name=var__m_sys_hub_flow_output_24ac42054720021008334d05516d4335"/>
    <sys_flow_trigger_plan action="delete_multiple" query="plan_id=24ac42054720021008334d05516d4335"/>
    <sys_flow_subflow_plan action="delete_multiple" query="plan_id=24ac42054720021008334d05516d4335"/>
</record_update>
