<?xml version="1.0" encoding="UTF-8"?><record_update table="sys_security_acl_role">
    <sys_security_acl_role action="INSERT_OR_UPDATE">
        <sys_class_name>sys_security_acl_role</sys_class_name>
        <sys_created_by>admin</sys_created_by>
        <sys_created_on>2024-01-10 22:38:14</sys_created_on>
        <sys_id>b4c966db472b311008334d05516d43d0</sys_id>
        <sys_mod_count>0</sys_mod_count>
        <sys_name>x_1174267_solici_0_auditoria.x_1174267_solici_0.admin</sys_name>
        <sys_package display_value="Solicitação de Crédito" source="x_1174267_solici_0">20d0b15f4727311008334d05516d430e</sys_package>
        <sys_policy/>
        <sys_scope display_value="Solicitação de Crédito">20d0b15f4727311008334d05516d430e</sys_scope>
        <sys_security_acl display_value="x_1174267_solici_0_auditoria">30c966db472b311008334d05516d4383</sys_security_acl>
        <sys_update_name>sys_security_acl_role_b4c966db472b311008334d05516d43d0</sys_update_name>
        <sys_updated_by>admin</sys_updated_by>
        <sys_updated_on>2024-01-10 22:38:14</sys_updated_on>
        <sys_user_role display_value="x_1174267_solici_0.admin" name="x_1174267_solici_0.admin">20d0b15f4727311008334d05516d4315</sys_user_role>
        <transaction_id/>
    </sys_security_acl_role>
</record_update>
