<?xml version="1.0" encoding="UTF-8"?><record_update sys_domain="global" table="sys_ux_screen">
    <sys_ux_screen action="INSERT_OR_UPDATE">
        <active>true</active>
        <app_config display_value="Solicitação de Crédito Config">b17643b4ecbbb1100a1c9e580a429b17</app_config>
        <description/>
        <event_mappings/>
        <macroponent display_value="Visualization Designer">2d5dcc29c3110110d938e4788940dd8f</macroponent>
        <macroponent_config>{
  "sysid" : "",
  "label" : "",
  "bare" : true,
  "scrollable" : "y",
  "headerLevel" : "1",
  "headingOnlyVisibleToScreenReaders" : false,
  "interceptNotifications" : false,
  "propagateNotifications" : false
}</macroponent_config>
        <name>Visualization Designer default</name>
        <order>0</order>
        <parent_macroponent display_value="Workspace App Shell">c276387cc331101080d6d3658940ddd2</parent_macroponent>
        <required_translations>[ ]</required_translations>
        <rollback_screen/>
        <screen_condition/>
        <screen_type display_value="Visualization Designer">b97643b472bbb110609e2a45e80d8b09</screen_type>
        <sys_class_name>sys_ux_screen</sys_class_name>
        <sys_created_by>admin</sys_created_by>
        <sys_created_on>2024-01-15 16:34:34</sys_created_on>
        <sys_domain>global</sys_domain>
        <sys_domain_path>/</sys_domain_path>
        <sys_id>b57643b44abbb110548643fc9adca901</sys_id>
        <sys_mod_count>0</sys_mod_count>
        <sys_name>Visualization Designer default</sys_name>
        <sys_overrides/>
        <sys_package display_value="Solicitação de Crédito" source="x_1174267_solici_0">20d0b15f4727311008334d05516d430e</sys_package>
        <sys_policy/>
        <sys_scope display_value="Solicitação de Crédito">20d0b15f4727311008334d05516d430e</sys_scope>
        <sys_update_name>sys_ux_screen_b57643b44abbb110548643fc9adca901</sys_update_name>
        <sys_updated_by>admin</sys_updated_by>
        <sys_updated_on>2024-01-15 16:34:34</sys_updated_on>
    </sys_ux_screen>
    <sys_translated_text action="delete_multiple" query="documentkey=b57643b44abbb110548643fc9adca901"/>
</record_update>
