<?xml version="1.0" encoding="UTF-8"?><record_update table="sys_ux_app_route">
    <sys_ux_app_route action="INSERT_OR_UPDATE">
        <app_config display_value="Solicitação de Crédito Config">b17643b4ecbbb1100a1c9e580a429b17</app_config>
        <description/>
        <extension_point/>
        <fields/>
        <icon/>
        <name>Dashboards</name>
        <optional_parameters>sysId,openInEditMode</optional_parameters>
        <order>0</order>
        <parent_macroponent display_value="Workspace App Shell">c276387cc331101080d6d3658940ddd2</parent_macroponent>
        <parent_macroponent_composition_element_id/>
        <route_type>dashboards</route_type>
        <screen_type display_value="Dashboards">397643b467bbb110c9acb305f0ef6708</screen_type>
        <sys_class_name>sys_ux_app_route</sys_class_name>
        <sys_created_by>admin</sys_created_by>
        <sys_created_on>2024-01-15 16:34:34</sys_created_on>
        <sys_id>fd7643b493bbb1107334d4cefe34ac07</sys_id>
        <sys_mod_count>0</sys_mod_count>
        <sys_name>Dashboards</sys_name>
        <sys_package display_value="Solicitação de Crédito" source="x_1174267_solici_0">20d0b15f4727311008334d05516d430e</sys_package>
        <sys_policy/>
        <sys_scope display_value="Solicitação de Crédito">20d0b15f4727311008334d05516d430e</sys_scope>
        <sys_update_name>sys_ux_app_route_fd7643b493bbb1107334d4cefe34ac07</sys_update_name>
        <sys_updated_by>admin</sys_updated_by>
        <sys_updated_on>2024-01-15 16:34:34</sys_updated_on>
    </sys_ux_app_route>
    <sys_translated_text action="delete_multiple" query="documentkey=fd7643b493bbb1107334d4cefe34ac07"/>
</record_update>
