<?xml version="1.0" encoding="UTF-8"?><record_update table="sys_ux_event">
    <sys_ux_event action="INSERT_OR_UPDATE">
        <description/>
        <event_name>NAV_ITEM_SELECTED_RELAY_7f2a39737303101000699434c4f6a708</event_name>
        <explicit_api_name/>
        <interfaces/>
        <label>Nav Item Selected Relay (Home Default)</label>
        <props>[{"name":"route","fieldType":"string","interfaceApiName":"global.route","label":"Route type"},{"name":"fields","fieldType":"json","interfaceApiName":"global.route","label":"Route fields"},{"name":"params","fieldType":"json","interfaceApiName":"global.route","label":"Optionals parameters"},{"name":"redirect","fieldType":"boolean","interfaceApiName":null,"label":"If redirect is true, url will be redirected"},{"name":"passiveNavigation","fieldType":"boolean","interfaceApiName":null,"label":"Load in background"},{"name":"title","fieldType":"string","interfaceApiName":null,"label":"Title"},{"name":"multiInstField","fieldType":"string","interfaceApiName":null,"label":"Multi instance field"},{"name":"targetRoute","fieldType":"string","interfaceApiName":null,"label":"Sub navigation route "},{"name":"external","fieldType":"json","interfaceApiName":"global.route","label":"External URL object"}]</props>
        <required_translations/>
        <schema_version>1.0.0</schema_version>
        <sys_class_name>sys_ux_event</sys_class_name>
        <sys_created_by>admin</sys_created_by>
        <sys_created_on>2024-01-15 14:31:51</sys_created_on>
        <sys_id>9c6aa2b8273bb110580a1454258d28c4</sys_id>
        <sys_mod_count>0</sys_mod_count>
        <sys_name>Nav Item Selected Relay (Home Default)</sys_name>
        <sys_package display_value="Solicitação de Crédito" source="x_1174267_solici_0">20d0b15f4727311008334d05516d430e</sys_package>
        <sys_policy/>
        <sys_scope display_value="Solicitação de Crédito">20d0b15f4727311008334d05516d430e</sys_scope>
        <sys_update_name>sys_ux_event_9c6aa2b8273bb110580a1454258d28c4</sys_update_name>
        <sys_updated_by>admin</sys_updated_by>
        <sys_updated_on>2024-01-15 14:31:51</sys_updated_on>
    </sys_ux_event>
    <sys_translated_text action="delete_multiple" query="documentkey=9c6aa2b8273bb110580a1454258d28c4"/>
</record_update>
