<?xml version="1.0" encoding="UTF-8"?><record_update node_type="sys_portal_page" unload_date="2024-01-16 14:44:21">
    <sys_portal_page action="INSERT_OR_UPDATE">
        <layout/>
        <order/>
        <read_roles/>
        <roles/>
        <selectable>false</selectable>
        <sys_class_name>sys_portal_page</sys_class_name>
        <sys_created_by>admin</sys_created_by>
        <sys_created_on>2024-01-13 00:34:27</sys_created_on>
        <sys_domain>global</sys_domain>
        <sys_domain_path>/</sys_domain_path>
        <sys_id>6e879d884733311008334d05516d4359</sys_id>
        <sys_mod_count>1</sys_mod_count>
        <sys_name>PA Overview</sys_name>
        <sys_overrides/>
        <sys_package display_value="Solicitação de Crédito" source="x_1174267_solici_0">20d0b15f4727311008334d05516d430e</sys_package>
        <sys_policy/>
        <sys_scope display_value="Solicitação de Crédito">20d0b15f4727311008334d05516d430e</sys_scope>
        <sys_update_name>sys_portal_page_6e879d884733311008334d05516d4359</sys_update_name>
        <sys_updated_by>admin</sys_updated_by>
        <sys_updated_on>2024-01-13 00:37:51</sys_updated_on>
        <title>PA Overview</title>
        <user/>
        <view>pa_incident_overview_-_new_tab</view>
        <related_items_node>
            <sys_portal action="INSERT_OR_UPDATE">
                <dropzone/>
                <offset/>
                <page display_value="PA Overview">6e879d884733311008334d05516d4359</page>
                <summary>Open Incidents by Priority</summary>
                <sys_created_by>admin</sys_created_by>
                <sys_created_on>2024-01-13 00:40:35</sys_created_on>
                <sys_id>14f8110c4733311008334d05516d43aa</sys_id>
                <sys_mod_count>1</sys_mod_count>
                <sys_updated_by>admin</sys_updated_by>
                <sys_updated_on>2024-01-13 00:40:35</sys_updated_on>
                <related_items_node>
                    <sys_portal_preferences action="INSERT_OR_UPDATE">
                        <name>can_subscribe</name>
                        <portal_section display_value="Created 2024-01-12 16:40:35">14f8110c4733311008334d05516d43aa</portal_section>
                        <sys_created_by>admin</sys_created_by>
                        <sys_created_on>2024-01-13 00:40:35</sys_created_on>
                        <sys_id>14f8110c4733311008334d05516d43ab</sys_id>
                        <sys_mod_count>0</sys_mod_count>
                        <sys_updated_by>admin</sys_updated_by>
                        <sys_updated_on>2024-01-13 00:40:35</sys_updated_on>
                        <value>true</value>
                    </sys_portal_preferences>
                    <sys_portal_preferences action="INSERT_OR_UPDATE">
                        <name>can_publish</name>
                        <portal_section display_value="Created 2024-01-12 16:40:35">14f8110c4733311008334d05516d43aa</portal_section>
                        <sys_created_by>admin</sys_created_by>
                        <sys_created_on>2024-01-13 00:40:35</sys_created_on>
                        <sys_id>50f8110c4733311008334d05516d43ab</sys_id>
                        <sys_mod_count>0</sys_mod_count>
                        <sys_updated_by>admin</sys_updated_by>
                        <sys_updated_on>2024-01-13 00:40:35</sys_updated_on>
                        <value>true</value>
                    </sys_portal_preferences>
                    <sys_portal_preferences action="INSERT_OR_UPDATE">
                        <name>sys_id</name>
                        <portal_section display_value="Created 2024-01-12 16:40:35">14f8110c4733311008334d05516d43aa</portal_section>
                        <sys_created_by>admin</sys_created_by>
                        <sys_created_on>2024-01-13 00:40:35</sys_created_on>
                        <sys_id>94f8110c4733311008334d05516d43aa</sys_id>
                        <sys_mod_count>0</sys_mod_count>
                        <sys_updated_by>admin</sys_updated_by>
                        <sys_updated_on>2024-01-13 00:40:35</sys_updated_on>
                        <value>b6e8150c4733311008334d05516d4320</value>
                    </sys_portal_preferences>
                    <sys_portal_preferences action="INSERT_OR_UPDATE">
                        <name>title</name>
                        <portal_section display_value="Created 2024-01-12 16:40:35">14f8110c4733311008334d05516d43aa</portal_section>
                        <sys_created_by>admin</sys_created_by>
                        <sys_created_on>2024-01-13 00:40:35</sys_created_on>
                        <sys_id>98f8110c4733311008334d05516d43ab</sys_id>
                        <sys_mod_count>0</sys_mod_count>
                        <sys_updated_by>admin</sys_updated_by>
                        <sys_updated_on>2024-01-13 00:40:35</sys_updated_on>
                        <value>Open Incidents by Priority</value>
                    </sys_portal_preferences>
                    <sys_portal_preferences action="INSERT_OR_UPDATE">
                        <name>help_text_window</name>
                        <portal_section display_value="Created 2024-01-12 16:40:35">14f8110c4733311008334d05516d43aa</portal_section>
                        <sys_created_by>admin</sys_created_by>
                        <sys_created_on>2024-01-13 00:40:35</sys_created_on>
                        <sys_id>9cf8110c4733311008334d05516d43aa</sys_id>
                        <sys_mod_count>0</sys_mod_count>
                        <sys_updated_by>admin</sys_updated_by>
                        <sys_updated_on>2024-01-13 00:40:35</sys_updated_on>
                        <value>report_widget_description</value>
                    </sys_portal_preferences>
                    <sys_portal_preferences action="INSERT_OR_UPDATE">
                        <name>report_type</name>
                        <portal_section display_value="Created 2024-01-12 16:40:35">14f8110c4733311008334d05516d43aa</portal_section>
                        <sys_created_by>admin</sys_created_by>
                        <sys_created_on>2024-01-13 00:40:35</sys_created_on>
                        <sys_id>d4f8110c4733311008334d05516d43ab</sys_id>
                        <sys_mod_count>0</sys_mod_count>
                        <sys_updated_by>admin</sys_updated_by>
                        <sys_updated_on>2024-01-13 00:40:35</sys_updated_on>
                        <value>pie</value>
                    </sys_portal_preferences>
                    <sys_portal_preferences action="INSERT_OR_UPDATE">
                        <name>renderer</name>
                        <portal_section display_value="Created 2024-01-12 16:40:35">14f8110c4733311008334d05516d43aa</portal_section>
                        <sys_created_by>admin</sys_created_by>
                        <sys_created_on>2024-01-13 00:40:35</sys_created_on>
                        <sys_id>d8f8110c4733311008334d05516d43aa</sys_id>
                        <sys_mod_count>0</sys_mod_count>
                        <sys_updated_by>admin</sys_updated_by>
                        <sys_updated_on>2024-01-13 00:40:35</sys_updated_on>
                        <value>com.glide.ui.portal.RenderReport</value>
                    </sys_portal_preferences>
                    <sys_portal_preferences action="INSERT_OR_UPDATE">
                        <name>is_using_database_view</name>
                        <portal_section display_value="Created 2024-01-12 16:40:35">14f8110c4733311008334d05516d43aa</portal_section>
                        <sys_created_by>admin</sys_created_by>
                        <sys_created_on>2024-01-13 00:40:35</sys_created_on>
                        <sys_id>dcf8110c4733311008334d05516d43ab</sys_id>
                        <sys_mod_count>0</sys_mod_count>
                        <sys_updated_by>admin</sys_updated_by>
                        <sys_updated_on>2024-01-13 00:40:35</sys_updated_on>
                        <value/>
                    </sys_portal_preferences>
                </related_items_node>
            </sys_portal>
        </related_items_node>
    </sys_portal_page>
</record_update>
