<?xml version="1.0" encoding="UTF-8"?><record_update table="sys_kmf_module_key_policy">
    <sys_kmf_module_key_policy action="INSERT_OR_UPDATE">
        <crypto_module display_value="com_glide_email_accounts_glideencrypter">d753266c5b0b201037ab33f43381c79b</crypto_module>
        <key_type display_value="Symmetric Key Encryption Key">ca005cf7c7103300af4d43c6f0976328</key_type>
        <last_enforced>2024-01-11 00:39:24</last_enforced>
        <result>reject</result>
        <sys_class_name>sys_kmf_module_key_policy</sys_class_name>
        <sys_created_by>admin</sys_created_by>
        <sys_created_on>2024-01-11 00:39:24</sys_created_on>
        <sys_id>a775479b47ab311008334d05516d431a</sys_id>
        <sys_mod_count>0</sys_mod_count>
        <sys_name/>
        <sys_package display_value="Solicitação de Crédito" source="x_1174267_solici_0">20d0b15f4727311008334d05516d430e</sys_package>
        <sys_policy/>
        <sys_scope display_value="Solicitação de Crédito">20d0b15f4727311008334d05516d430e</sys_scope>
        <sys_update_name>sys_kmf_module_key_policy_a775479b47ab311008334d05516d431a</sys_update_name>
        <sys_updated_by>admin</sys_updated_by>
        <sys_updated_on>2024-01-11 00:39:24</sys_updated_on>
    </sys_kmf_module_key_policy>
</record_update>
