<?xml version="1.0" encoding="UTF-8"?><record_update table="sys_search_context_config">
    <sys_search_context_config action="INSERT_OR_UPDATE">
        <evam_definition display_value="AI Search For Next Search">f78b729b53d801109fa9ddeeff7b1201</evam_definition>
        <genius_results_limit>1</genius_results_limit>
        <hit_highlighting>false</hit_highlighting>
        <name>Solicitação de Crédito AI Search Configuration</name>
        <search_engine>ai_search</search_engine>
        <search_profile display_value="solicitao-de-crdito Search Profile">fd7643b477bbb110aca294cb7f8b1a15</search_profile>
        <search_results_limit>10</search_results_limit>
        <spell_check>true</spell_check>
        <suggestions_to_show_limit>10</suggestions_to_show_limit>
        <sys_class_name>sys_search_context_config</sys_class_name>
        <sys_created_by>admin</sys_created_by>
        <sys_created_on>2024-01-15 16:34:34</sys_created_on>
        <sys_id>fd7643b410bbb1106e42d8e0188ea80c</sys_id>
        <sys_mod_count>0</sys_mod_count>
        <sys_name>Solicitação de Crédito AI Search Configuration</sys_name>
        <sys_package display_value="Solicitação de Crédito" source="x_1174267_solici_0">20d0b15f4727311008334d05516d430e</sys_package>
        <sys_policy/>
        <sys_scope display_value="Solicitação de Crédito">20d0b15f4727311008334d05516d430e</sys_scope>
        <sys_update_name>sys_search_context_config_fd7643b410bbb1106e42d8e0188ea80c</sys_update_name>
        <sys_updated_by>admin</sys_updated_by>
        <sys_updated_on>2024-01-15 16:34:34</sys_updated_on>
        <ts_index_group/>
        <view/>
    </sys_search_context_config>
    <sys_translated_text action="delete_multiple" query="documentkey=fd7643b410bbb1106e42d8e0188ea80c"/>
</record_update>
