<?xml version="1.0" encoding="UTF-8"?><record_update table="sys_search_source">
    <sys_search_source action="INSERT_OR_UPDATE">
        <active>true</active>
        <condition table="x_1174267_solici_0_auditoria">active=true</condition>
        <group/>
        <name>Solicitação de Crédito Workspace - x_1174267_solic</name>
        <roles/>
        <source_table>x_1174267_solici_0_auditoria</source_table>
        <sys_class_name>sys_search_source</sys_class_name>
        <sys_created_by>admin</sys_created_by>
        <sys_created_on>2024-01-15 14:31:55</sys_created_on>
        <sys_id>296a26b8473bb11008334d05516d4387</sys_id>
        <sys_mod_count>0</sys_mod_count>
        <sys_name>Solicitação de Crédito Workspace - x_1174267_solic</sys_name>
        <sys_package display_value="Solicitação de Crédito" source="x_1174267_solici_0">20d0b15f4727311008334d05516d430e</sys_package>
        <sys_policy/>
        <sys_scope display_value="Solicitação de Crédito">20d0b15f4727311008334d05516d430e</sys_scope>
        <sys_update_name>sys_search_source_296a26b8473bb11008334d05516d4387</sys_update_name>
        <sys_updated_by>admin</sys_updated_by>
        <sys_updated_on>2024-01-15 14:31:55</sys_updated_on>
    </sys_search_source>
    <sys_translated_text action="delete_multiple" query="documentkey=296a26b8473bb11008334d05516d4387"/>
</record_update>
