<?xml version="1.0" encoding="UTF-8"?><record_update>
    <sys_documentation element="valor_do_credito" label="Valor do Crédito" language="en" table="x_1174267_solici_0_auditoria">
        <sys_documentation action="INSERT_OR_UPDATE">
            <element>valor_do_credito</element>
            <help/>
            <hint/>
            <label>Valor do Crédito</label>
            <language>en</language>
            <name>x_1174267_solici_0_auditoria</name>
            <plural/>
            <sys_class_name>sys_documentation</sys_class_name>
            <sys_created_by>admin</sys_created_by>
            <sys_created_on>2024-01-10 22:40:38</sys_created_on>
            <sys_mod_count>5</sys_mod_count>
            <sys_name>Valor do Crédito</sys_name>
            <sys_package display_value="Solicitação de Crédito" source="x_1174267_solici_0">20d0b15f4727311008334d05516d430e</sys_package>
            <sys_policy/>
            <sys_scope display_value="Solicitação de Crédito">20d0b15f4727311008334d05516d430e</sys_scope>
            <sys_update_name>sys_documentation_x_1174267_solici_0_auditoria_valor_do_credito_en</sys_update_name>
            <sys_updated_by>admin</sys_updated_by>
            <sys_updated_on>2024-01-10 22:53:06</sys_updated_on>
            <url/>
            <url_target/>
        </sys_documentation>
    </sys_documentation>
</record_update>
