<?xml version="1.0" encoding="UTF-8"?><record_update sys_domain="global" table="sys_ux_screen">
    <sys_ux_screen action="INSERT_OR_UPDATE">
        <active>true</active>
        <app_config display_value="Solicitação de Crédito Workspace Config">146aa2b8f83bb110d3475b58ef9a5ee1</app_config>
        <description/>
        <event_mappings/>
        <macroponent display_value="Knowledge View">3094297373311010b29f2e46fbf6a7a1</macroponent>
        <macroponent_config>{&#13;
  "label" : "",&#13;
  "bare" : true,&#13;
  "scrollable" : "y",&#13;
  "headerLevel" : "1",&#13;
  "interceptNotifications" : false,&#13;
  "propagateNotifications" : false,&#13;
  "views" : "",&#13;
  "selectedTabIndex" : 0,&#13;
  "table" : "",&#13;
  "sysId" : ""&#13;
}</macroponent_config>
        <name>KB default</name>
        <order>0</order>
        <parent_macroponent display_value="Workspace App Shell">c276387cc331101080d6d3658940ddd2</parent_macroponent>
        <required_translations>[]</required_translations>
        <rollback_screen/>
        <screen_condition/>
        <screen_type display_value="KB">106aa2b85b3bb110ca616ace6eaebec6</screen_type>
        <sys_class_name>sys_ux_screen</sys_class_name>
        <sys_created_by>admin</sys_created_by>
        <sys_created_on>2024-01-15 14:31:50</sys_created_on>
        <sys_domain>global</sys_domain>
        <sys_domain_path>/</sys_domain_path>
        <sys_id>dc6aa2b8d43bb110dcb69d13fbeb76c0</sys_id>
        <sys_mod_count>0</sys_mod_count>
        <sys_name>KB default</sys_name>
        <sys_overrides/>
        <sys_package display_value="Solicitação de Crédito" source="x_1174267_solici_0">20d0b15f4727311008334d05516d430e</sys_package>
        <sys_policy/>
        <sys_scope display_value="Solicitação de Crédito">20d0b15f4727311008334d05516d430e</sys_scope>
        <sys_update_name>sys_ux_screen_dc6aa2b8d43bb110dcb69d13fbeb76c0</sys_update_name>
        <sys_updated_by>admin</sys_updated_by>
        <sys_updated_on>2024-01-15 14:31:50</sys_updated_on>
    </sys_ux_screen>
    <sys_translated_text action="delete_multiple" query="documentkey=dc6aa2b8d43bb110dcb69d13fbeb76c0"/>
</record_update>
