<?xml version="1.0" encoding="UTF-8"?><record_update table="sys_search_context_config">
    <sys_search_context_config action="INSERT_OR_UPDATE">
        <evam_definition/>
        <genius_results_limit/>
        <hit_highlighting>false</hit_highlighting>
        <name>Solicitação de Crédito - Workspace Search</name>
        <search_engine>zing</search_engine>
        <search_profile/>
        <search_results_limit>10</search_results_limit>
        <spell_check>false</spell_check>
        <suggestions_to_show_limit>10</suggestions_to_show_limit>
        <sys_class_name>sys_search_context_config</sys_class_name>
        <sys_created_by>admin</sys_created_by>
        <sys_created_on>2024-01-15 16:34:34</sys_created_on>
        <sys_id>397643b4ebbbb1103637c5649c1a070d</sys_id>
        <sys_mod_count>0</sys_mod_count>
        <sys_name>Solicitação de Crédito - Workspace Search</sys_name>
        <sys_package display_value="Solicitação de Crédito" source="x_1174267_solici_0">20d0b15f4727311008334d05516d430e</sys_package>
        <sys_policy/>
        <sys_scope display_value="Solicitação de Crédito">20d0b15f4727311008334d05516d430e</sys_scope>
        <sys_update_name>sys_search_context_config_397643b4ebbbb1103637c5649c1a070d</sys_update_name>
        <sys_updated_by>admin</sys_updated_by>
        <sys_updated_on>2024-01-15 16:34:34</sys_updated_on>
        <ts_index_group/>
        <view/>
    </sys_search_context_config>
    <sys_translated_text action="delete_multiple" query="documentkey=397643b4ebbbb1103637c5649c1a070d"/>
</record_update>
