<?xml version="1.0" encoding="UTF-8"?><record_update table="sys_ux_app_config">
    <sys_ux_app_config action="INSERT_OR_UPDATE">
        <active>true</active>
        <custom_icon/>
        <default_route_type/>
        <description>Workspace da solicitação de crédito </description>
        <encode_query_string>false</encode_query_string>
        <icon/>
        <landing_path>home</landing_path>
        <name>Solicitação de Crédito Workspace Config</name>
        <prefetch_limits/>
        <sys_class_name>sys_ux_app_config</sys_class_name>
        <sys_created_by>admin</sys_created_by>
        <sys_created_on>2024-01-15 14:31:51</sys_created_on>
        <sys_id>146aa2b8f83bb110d3475b58ef9a5ee1</sys_id>
        <sys_mod_count>0</sys_mod_count>
        <sys_name>Solicitação de Crédito Workspace Config</sys_name>
        <sys_package display_value="Solicitação de Crédito" source="x_1174267_solici_0">20d0b15f4727311008334d05516d430e</sys_package>
        <sys_policy/>
        <sys_scope display_value="Solicitação de Crédito">20d0b15f4727311008334d05516d430e</sys_scope>
        <sys_update_name>sys_ux_app_config_146aa2b8f83bb110d3475b58ef9a5ee1</sys_update_name>
        <sys_updated_by>admin</sys_updated_by>
        <sys_updated_on>2024-01-15 14:31:51</sys_updated_on>
    </sys_ux_app_config>
    <sys_translated_text action="delete_multiple" query="documentkey=146aa2b8f83bb110d3475b58ef9a5ee1"/>
</record_update>
