<?xml version="1.0" encoding="UTF-8"?><record_update>
    <sys_ui_section caption="" section_id="3376c3b447bbb11008334d05516d430b" sys_domain="global" table="x_1174267_solici_0_solicitacoesdecredito" version="3" view="workspace-solicitação-de-crédito-0">
        <sys_ui_element action="INSERT_OR_UPDATE">
            <element>number</element>
            <position>0</position>
            <sys_created_by>admin</sys_created_by>
            <sys_created_on>2024-01-15 16:34:41</sys_created_on>
            <sys_id>bf76c3b447bbb11008334d05516d430c</sys_id>
            <sys_mod_count>0</sys_mod_count>
            <sys_ui_formatter/>
            <sys_ui_section caption="NULL" display_value="" name="x_1174267_solici_0_solicitacoesdecredito" sys_domain="global" view="f57643b458bbb110faee4e990dcb010c">3376c3b447bbb11008334d05516d430b</sys_ui_section>
            <sys_updated_by>admin</sys_updated_by>
            <sys_updated_on>2024-01-15 16:34:41</sys_updated_on>
            <sys_user/>
            <type/>
        </sys_ui_element>
        <sys_ui_element action="INSERT_OR_UPDATE">
            <element>assigned_to</element>
            <position>1</position>
            <sys_created_by>admin</sys_created_by>
            <sys_created_on>2024-01-15 16:34:41</sys_created_on>
            <sys_id>bb76c3b447bbb11008334d05516d4311</sys_id>
            <sys_mod_count>0</sys_mod_count>
            <sys_ui_formatter/>
            <sys_ui_section caption="NULL" display_value="" name="x_1174267_solici_0_solicitacoesdecredito" sys_domain="global" view="f57643b458bbb110faee4e990dcb010c">3376c3b447bbb11008334d05516d430b</sys_ui_section>
            <sys_updated_by>admin</sys_updated_by>
            <sys_updated_on>2024-01-15 16:34:41</sys_updated_on>
            <sys_user/>
            <type/>
        </sys_ui_element>
        <sys_ui_element action="INSERT_OR_UPDATE">
            <element>cmdb_ci</element>
            <position>2</position>
            <sys_created_by>admin</sys_created_by>
            <sys_created_on>2024-01-15 16:34:41</sys_created_on>
            <sys_id>bf76c3b447bbb11008334d05516d430e</sys_id>
            <sys_mod_count>0</sys_mod_count>
            <sys_ui_formatter/>
            <sys_ui_section caption="NULL" display_value="" name="x_1174267_solici_0_solicitacoesdecredito" sys_domain="global" view="f57643b458bbb110faee4e990dcb010c">3376c3b447bbb11008334d05516d430b</sys_ui_section>
            <sys_updated_by>admin</sys_updated_by>
            <sys_updated_on>2024-01-15 16:34:41</sys_updated_on>
            <sys_user/>
            <type/>
        </sys_ui_element>
        <sys_ui_element action="INSERT_OR_UPDATE">
            <element>active</element>
            <position>3</position>
            <sys_created_by>admin</sys_created_by>
            <sys_created_on>2024-01-15 16:34:41</sys_created_on>
            <sys_id>b376c3b447bbb11008334d05516d4312</sys_id>
            <sys_mod_count>0</sys_mod_count>
            <sys_ui_formatter/>
            <sys_ui_section caption="NULL" display_value="" name="x_1174267_solici_0_solicitacoesdecredito" sys_domain="global" view="f57643b458bbb110faee4e990dcb010c">3376c3b447bbb11008334d05516d430b</sys_ui_section>
            <sys_updated_by>admin</sys_updated_by>
            <sys_updated_on>2024-01-15 16:34:41</sys_updated_on>
            <sys_user/>
            <type/>
        </sys_ui_element>
        <sys_ui_element action="INSERT_OR_UPDATE">
            <element>.split</element>
            <position>4</position>
            <sys_created_by>admin</sys_created_by>
            <sys_created_on>2024-01-15 16:34:41</sys_created_on>
            <sys_id>b776c3b447bbb11008334d05516d430f</sys_id>
            <sys_mod_count>0</sys_mod_count>
            <sys_ui_formatter/>
            <sys_ui_section caption="NULL" display_value="" name="x_1174267_solici_0_solicitacoesdecredito" sys_domain="global" view="f57643b458bbb110faee4e990dcb010c">3376c3b447bbb11008334d05516d430b</sys_ui_section>
            <sys_updated_by>admin</sys_updated_by>
            <sys_updated_on>2024-01-15 16:34:41</sys_updated_on>
            <sys_user/>
            <type>.split</type>
        </sys_ui_element>
        <sys_ui_element action="INSERT_OR_UPDATE">
            <element>priority</element>
            <position>5</position>
            <sys_created_by>admin</sys_created_by>
            <sys_created_on>2024-01-15 16:34:41</sys_created_on>
            <sys_id>bb76c3b447bbb11008334d05516d4312</sys_id>
            <sys_mod_count>0</sys_mod_count>
            <sys_ui_formatter/>
            <sys_ui_section caption="NULL" display_value="" name="x_1174267_solici_0_solicitacoesdecredito" sys_domain="global" view="f57643b458bbb110faee4e990dcb010c">3376c3b447bbb11008334d05516d430b</sys_ui_section>
            <sys_updated_by>admin</sys_updated_by>
            <sys_updated_on>2024-01-15 16:34:41</sys_updated_on>
            <sys_user/>
            <type/>
        </sys_ui_element>
        <sys_ui_element action="INSERT_OR_UPDATE">
            <element>state</element>
            <position>6</position>
            <sys_created_by>admin</sys_created_by>
            <sys_created_on>2024-01-15 16:34:41</sys_created_on>
            <sys_id>b776c3b447bbb11008334d05516d430e</sys_id>
            <sys_mod_count>0</sys_mod_count>
            <sys_ui_formatter/>
            <sys_ui_section caption="NULL" display_value="" name="x_1174267_solici_0_solicitacoesdecredito" sys_domain="global" view="f57643b458bbb110faee4e990dcb010c">3376c3b447bbb11008334d05516d430b</sys_ui_section>
            <sys_updated_by>admin</sys_updated_by>
            <sys_updated_on>2024-01-15 16:34:41</sys_updated_on>
            <sys_user/>
            <type/>
        </sys_ui_element>
        <sys_ui_element action="INSERT_OR_UPDATE">
            <element>assignment_group</element>
            <position>7</position>
            <sys_created_by>admin</sys_created_by>
            <sys_created_on>2024-01-15 16:34:41</sys_created_on>
            <sys_id>b776c3b447bbb11008334d05516d4311</sys_id>
            <sys_mod_count>0</sys_mod_count>
            <sys_ui_formatter/>
            <sys_ui_section caption="NULL" display_value="" name="x_1174267_solici_0_solicitacoesdecredito" sys_domain="global" view="f57643b458bbb110faee4e990dcb010c">3376c3b447bbb11008334d05516d430b</sys_ui_section>
            <sys_updated_by>admin</sys_updated_by>
            <sys_updated_on>2024-01-15 16:34:41</sys_updated_on>
            <sys_user/>
            <type/>
        </sys_ui_element>
        <sys_ui_element action="INSERT_OR_UPDATE">
            <element>parent</element>
            <position>8</position>
            <sys_created_by>admin</sys_created_by>
            <sys_created_on>2024-01-15 16:34:41</sys_created_on>
            <sys_id>bb76c3b447bbb11008334d05516d430e</sys_id>
            <sys_mod_count>0</sys_mod_count>
            <sys_ui_formatter/>
            <sys_ui_section caption="NULL" display_value="" name="x_1174267_solici_0_solicitacoesdecredito" sys_domain="global" view="f57643b458bbb110faee4e990dcb010c">3376c3b447bbb11008334d05516d430b</sys_ui_section>
            <sys_updated_by>admin</sys_updated_by>
            <sys_updated_on>2024-01-15 16:34:41</sys_updated_on>
            <sys_user/>
            <type/>
        </sys_ui_element>
        <sys_ui_element action="INSERT_OR_UPDATE">
            <element>.end_split</element>
            <position>9</position>
            <sys_created_by>admin</sys_created_by>
            <sys_created_on>2024-01-15 16:34:41</sys_created_on>
            <sys_id>bf76c3b447bbb11008334d05516d4311</sys_id>
            <sys_mod_count>0</sys_mod_count>
            <sys_ui_formatter/>
            <sys_ui_section caption="NULL" display_value="" name="x_1174267_solici_0_solicitacoesdecredito" sys_domain="global" view="f57643b458bbb110faee4e990dcb010c">3376c3b447bbb11008334d05516d430b</sys_ui_section>
            <sys_updated_by>admin</sys_updated_by>
            <sys_updated_on>2024-01-15 16:34:41</sys_updated_on>
            <sys_user/>
            <type>.end_split</type>
        </sys_ui_element>
        <sys_ui_element action="INSERT_OR_UPDATE">
            <element>short_description</element>
            <position>10</position>
            <sys_created_by>admin</sys_created_by>
            <sys_created_on>2024-01-15 16:34:41</sys_created_on>
            <sys_id>b376c3b447bbb11008334d05516d430f</sys_id>
            <sys_mod_count>0</sys_mod_count>
            <sys_ui_formatter/>
            <sys_ui_section caption="NULL" display_value="" name="x_1174267_solici_0_solicitacoesdecredito" sys_domain="global" view="f57643b458bbb110faee4e990dcb010c">3376c3b447bbb11008334d05516d430b</sys_ui_section>
            <sys_updated_by>admin</sys_updated_by>
            <sys_updated_on>2024-01-15 16:34:41</sys_updated_on>
            <sys_user/>
            <type/>
        </sys_ui_element>
        <sys_ui_element action="INSERT_OR_UPDATE">
            <element>description</element>
            <position>11</position>
            <sys_created_by>admin</sys_created_by>
            <sys_created_on>2024-01-15 16:34:41</sys_created_on>
            <sys_id>b776c3b447bbb11008334d05516d4312</sys_id>
            <sys_mod_count>0</sys_mod_count>
            <sys_ui_formatter/>
            <sys_ui_section caption="NULL" display_value="" name="x_1174267_solici_0_solicitacoesdecredito" sys_domain="global" view="f57643b458bbb110faee4e990dcb010c">3376c3b447bbb11008334d05516d430b</sys_ui_section>
            <sys_updated_by>admin</sys_updated_by>
            <sys_updated_on>2024-01-15 16:34:41</sys_updated_on>
            <sys_user/>
            <type/>
        </sys_ui_element>
        <sys_ui_element action="INSERT_OR_UPDATE">
            <element>work_notes</element>
            <position>12</position>
            <sys_created_by>admin</sys_created_by>
            <sys_created_on>2024-01-15 16:34:41</sys_created_on>
            <sys_id>bb76c3b447bbb11008334d05516d430f</sys_id>
            <sys_mod_count>0</sys_mod_count>
            <sys_ui_formatter/>
            <sys_ui_section caption="NULL" display_value="" name="x_1174267_solici_0_solicitacoesdecredito" sys_domain="global" view="f57643b458bbb110faee4e990dcb010c">3376c3b447bbb11008334d05516d430b</sys_ui_section>
            <sys_updated_by>admin</sys_updated_by>
            <sys_updated_on>2024-01-15 16:34:41</sys_updated_on>
            <sys_user/>
            <type/>
        </sys_ui_element>
        <sys_ui_element action="INSERT_OR_UPDATE">
            <element>nome</element>
            <position>13</position>
            <sys_created_by>admin</sys_created_by>
            <sys_created_on>2024-01-15 16:34:41</sys_created_on>
            <sys_id>b376c3b447bbb11008334d05516d430d</sys_id>
            <sys_mod_count>0</sys_mod_count>
            <sys_ui_formatter/>
            <sys_ui_section caption="NULL" display_value="" name="x_1174267_solici_0_solicitacoesdecredito" sys_domain="global" view="f57643b458bbb110faee4e990dcb010c">3376c3b447bbb11008334d05516d430b</sys_ui_section>
            <sys_updated_by>admin</sys_updated_by>
            <sys_updated_on>2024-01-15 16:34:41</sys_updated_on>
            <sys_user/>
            <type/>
        </sys_ui_element>
        <sys_ui_element action="INSERT_OR_UPDATE">
            <element>agencia</element>
            <position>14</position>
            <sys_created_by>admin</sys_created_by>
            <sys_created_on>2024-01-15 16:34:41</sys_created_on>
            <sys_id>b376c3b447bbb11008334d05516d4310</sys_id>
            <sys_mod_count>0</sys_mod_count>
            <sys_ui_formatter/>
            <sys_ui_section caption="NULL" display_value="" name="x_1174267_solici_0_solicitacoesdecredito" sys_domain="global" view="f57643b458bbb110faee4e990dcb010c">3376c3b447bbb11008334d05516d430b</sys_ui_section>
            <sys_updated_by>admin</sys_updated_by>
            <sys_updated_on>2024-01-15 16:34:41</sys_updated_on>
            <sys_user/>
            <type/>
        </sys_ui_element>
        <sys_ui_element action="INSERT_OR_UPDATE">
            <element>cpf</element>
            <position>15</position>
            <sys_created_by>admin</sys_created_by>
            <sys_created_on>2024-01-15 16:34:41</sys_created_on>
            <sys_id>bb76c3b447bbb11008334d05516d430d</sys_id>
            <sys_mod_count>0</sys_mod_count>
            <sys_ui_formatter/>
            <sys_ui_section caption="NULL" display_value="" name="x_1174267_solici_0_solicitacoesdecredito" sys_domain="global" view="f57643b458bbb110faee4e990dcb010c">3376c3b447bbb11008334d05516d430b</sys_ui_section>
            <sys_updated_by>admin</sys_updated_by>
            <sys_updated_on>2024-01-15 16:34:41</sys_updated_on>
            <sys_user/>
            <type/>
        </sys_ui_element>
        <sys_ui_element action="INSERT_OR_UPDATE">
            <element>conta_corrente</element>
            <position>16</position>
            <sys_created_by>admin</sys_created_by>
            <sys_created_on>2024-01-15 16:34:41</sys_created_on>
            <sys_id>bb76c3b447bbb11008334d05516d4310</sys_id>
            <sys_mod_count>0</sys_mod_count>
            <sys_ui_formatter/>
            <sys_ui_section caption="NULL" display_value="" name="x_1174267_solici_0_solicitacoesdecredito" sys_domain="global" view="f57643b458bbb110faee4e990dcb010c">3376c3b447bbb11008334d05516d430b</sys_ui_section>
            <sys_updated_by>admin</sys_updated_by>
            <sys_updated_on>2024-01-15 16:34:41</sys_updated_on>
            <sys_user/>
            <type/>
        </sys_ui_element>
        <sys_ui_element action="INSERT_OR_UPDATE">
            <element>email</element>
            <position>17</position>
            <sys_created_by>admin</sys_created_by>
            <sys_created_on>2024-01-15 16:34:41</sys_created_on>
            <sys_id>b376c3b447bbb11008334d05516d430e</sys_id>
            <sys_mod_count>0</sys_mod_count>
            <sys_ui_formatter/>
            <sys_ui_section caption="NULL" display_value="" name="x_1174267_solici_0_solicitacoesdecredito" sys_domain="global" view="f57643b458bbb110faee4e990dcb010c">3376c3b447bbb11008334d05516d430b</sys_ui_section>
            <sys_updated_by>admin</sys_updated_by>
            <sys_updated_on>2024-01-15 16:34:41</sys_updated_on>
            <sys_user/>
            <type/>
        </sys_ui_element>
        <sys_ui_element action="INSERT_OR_UPDATE">
            <element>parcelas</element>
            <position>18</position>
            <sys_created_by>admin</sys_created_by>
            <sys_created_on>2024-01-15 16:34:41</sys_created_on>
            <sys_id>b376c3b447bbb11008334d05516d4311</sys_id>
            <sys_mod_count>0</sys_mod_count>
            <sys_ui_formatter/>
            <sys_ui_section caption="NULL" display_value="" name="x_1174267_solici_0_solicitacoesdecredito" sys_domain="global" view="f57643b458bbb110faee4e990dcb010c">3376c3b447bbb11008334d05516d430b</sys_ui_section>
            <sys_updated_by>admin</sys_updated_by>
            <sys_updated_on>2024-01-15 16:34:41</sys_updated_on>
            <sys_user/>
            <type/>
        </sys_ui_element>
        <sys_ui_element action="INSERT_OR_UPDATE">
            <element>rg</element>
            <position>19</position>
            <sys_created_by>admin</sys_created_by>
            <sys_created_on>2024-01-15 16:34:41</sys_created_on>
            <sys_id>b776c3b447bbb11008334d05516d430c</sys_id>
            <sys_mod_count>0</sys_mod_count>
            <sys_ui_formatter/>
            <sys_ui_section caption="NULL" display_value="" name="x_1174267_solici_0_solicitacoesdecredito" sys_domain="global" view="f57643b458bbb110faee4e990dcb010c">3376c3b447bbb11008334d05516d430b</sys_ui_section>
            <sys_updated_by>admin</sys_updated_by>
            <sys_updated_on>2024-01-15 16:34:41</sys_updated_on>
            <sys_user/>
            <type/>
        </sys_ui_element>
        <sys_ui_element action="INSERT_OR_UPDATE">
            <element>sexo</element>
            <position>20</position>
            <sys_created_by>admin</sys_created_by>
            <sys_created_on>2024-01-15 16:34:41</sys_created_on>
            <sys_id>bf76c3b447bbb11008334d05516d430f</sys_id>
            <sys_mod_count>0</sys_mod_count>
            <sys_ui_formatter/>
            <sys_ui_section caption="NULL" display_value="" name="x_1174267_solici_0_solicitacoesdecredito" sys_domain="global" view="f57643b458bbb110faee4e990dcb010c">3376c3b447bbb11008334d05516d430b</sys_ui_section>
            <sys_updated_by>admin</sys_updated_by>
            <sys_updated_on>2024-01-15 16:34:41</sys_updated_on>
            <sys_user/>
            <type/>
        </sys_ui_element>
        <sys_ui_element action="INSERT_OR_UPDATE">
            <element>valor_do_credito</element>
            <position>21</position>
            <sys_created_by>admin</sys_created_by>
            <sys_created_on>2024-01-15 16:34:41</sys_created_on>
            <sys_id>b776c3b447bbb11008334d05516d430d</sys_id>
            <sys_mod_count>0</sys_mod_count>
            <sys_ui_formatter/>
            <sys_ui_section caption="NULL" display_value="" name="x_1174267_solici_0_solicitacoesdecredito" sys_domain="global" view="f57643b458bbb110faee4e990dcb010c">3376c3b447bbb11008334d05516d430b</sys_ui_section>
            <sys_updated_by>admin</sys_updated_by>
            <sys_updated_on>2024-01-15 16:34:41</sys_updated_on>
            <sys_user/>
            <type/>
        </sys_ui_element>
        <sys_ui_element action="INSERT_OR_UPDATE">
            <element>telefone</element>
            <position>22</position>
            <sys_created_by>admin</sys_created_by>
            <sys_created_on>2024-01-15 16:34:41</sys_created_on>
            <sys_id>b776c3b447bbb11008334d05516d4310</sys_id>
            <sys_mod_count>0</sys_mod_count>
            <sys_ui_formatter/>
            <sys_ui_section caption="NULL" display_value="" name="x_1174267_solici_0_solicitacoesdecredito" sys_domain="global" view="f57643b458bbb110faee4e990dcb010c">3376c3b447bbb11008334d05516d430b</sys_ui_section>
            <sys_updated_by>admin</sys_updated_by>
            <sys_updated_on>2024-01-15 16:34:41</sys_updated_on>
            <sys_user/>
            <type/>
        </sys_ui_element>
        <sys_ui_element action="INSERT_OR_UPDATE">
            <element>endereco</element>
            <position>23</position>
            <sys_created_by>admin</sys_created_by>
            <sys_created_on>2024-01-15 16:34:41</sys_created_on>
            <sys_id>bf76c3b447bbb11008334d05516d430d</sys_id>
            <sys_mod_count>0</sys_mod_count>
            <sys_ui_formatter/>
            <sys_ui_section caption="NULL" display_value="" name="x_1174267_solici_0_solicitacoesdecredito" sys_domain="global" view="f57643b458bbb110faee4e990dcb010c">3376c3b447bbb11008334d05516d430b</sys_ui_section>
            <sys_updated_by>admin</sys_updated_by>
            <sys_updated_on>2024-01-15 16:34:41</sys_updated_on>
            <sys_user/>
            <type/>
        </sys_ui_element>
        <sys_ui_element action="INSERT_OR_UPDATE">
            <element>comments_and_work_notes</element>
            <position>24</position>
            <sys_created_by>admin</sys_created_by>
            <sys_created_on>2024-01-15 16:34:41</sys_created_on>
            <sys_id>bf76c3b447bbb11008334d05516d4310</sys_id>
            <sys_mod_count>0</sys_mod_count>
            <sys_ui_formatter/>
            <sys_ui_section caption="NULL" display_value="" name="x_1174267_solici_0_solicitacoesdecredito" sys_domain="global" view="f57643b458bbb110faee4e990dcb010c">3376c3b447bbb11008334d05516d430b</sys_ui_section>
            <sys_updated_by>admin</sys_updated_by>
            <sys_updated_on>2024-01-15 16:34:41</sys_updated_on>
            <sys_user/>
            <type/>
        </sys_ui_element>
        <sys_ui_section action="INSERT_OR_UPDATE">
            <caption/>
            <header>false</header>
            <name>x_1174267_solici_0_solicitacoesdecredito</name>
            <roles/>
            <sys_class_name>sys_ui_section</sys_class_name>
            <sys_created_by>admin</sys_created_by>
            <sys_created_on>2024-01-15 16:34:41</sys_created_on>
            <sys_domain>global</sys_domain>
            <sys_domain_path>/</sys_domain_path>
            <sys_id>3376c3b447bbb11008334d05516d430b</sys_id>
            <sys_mod_count>0</sys_mod_count>
            <sys_name>x_1174267_solici_0_solicitacoesdecredito</sys_name>
            <sys_overrides/>
            <sys_package display_value="Solicitação de Crédito" source="x_1174267_solici_0">20d0b15f4727311008334d05516d430e</sys_package>
            <sys_policy/>
            <sys_scope display_value="Solicitação de Crédito">20d0b15f4727311008334d05516d430e</sys_scope>
            <sys_update_name>sys_ui_section_3376c3b447bbb11008334d05516d430b</sys_update_name>
            <sys_updated_by>admin</sys_updated_by>
            <sys_updated_on>2024-01-15 16:34:41</sys_updated_on>
            <sys_user/>
            <title>true</title>
            <view display_value="Workspace Solicitação de Crédito 0" name="workspace-solicitação-de-crédito-0">f57643b458bbb110faee4e990dcb010c</view>
            <view_name/>
        </sys_ui_section>
    </sys_ui_section>
</record_update>
