<?xml version="1.0" encoding="UTF-8"?><record_update table="sys_user_role_contains">
    <sys_user_role_contains action="INSERT_OR_UPDATE">
        <contains display_value="canvas_user" name="canvas_user">8536f54bc713330072b211d4d8c26080</contains>
        <role display_value="x_1174267_solici_0.user" name="x_1174267_solici_0.user">24d0b15f4727311008334d05516d4319</role>
        <sys_class_name>sys_user_role_contains</sys_class_name>
        <sys_created_by>admin</sys_created_by>
        <sys_created_on>2024-01-15 14:31:55</sys_created_on>
        <sys_id>616a26b8473bb11008334d05516d4366</sys_id>
        <sys_mod_count>0</sys_mod_count>
        <sys_name>canvas_user.x_1174267_solici_0.user</sys_name>
        <sys_package display_value="Solicitação de Crédito" source="x_1174267_solici_0">20d0b15f4727311008334d05516d430e</sys_package>
        <sys_policy/>
        <sys_scope display_value="Solicitação de Crédito">20d0b15f4727311008334d05516d430e</sys_scope>
        <sys_update_name>sys_user_role_contains_616a26b8473bb11008334d05516d4366</sys_update_name>
        <sys_updated_by>admin</sys_updated_by>
        <sys_updated_on>2024-01-15 14:31:55</sys_updated_on>
    </sys_user_role_contains>
</record_update>
