<?xml version="1.0" encoding="UTF-8"?><record_update table="sys_ux_list_menu_config">
    <sys_ux_list_menu_config action="INSERT_OR_UPDATE">
        <active>true</active>
        <description/>
        <name>Solicitação de Crédito Workspace_menu_config</name>
        <sys_class_name>sys_ux_list_menu_config</sys_class_name>
        <sys_created_by>admin</sys_created_by>
        <sys_created_on>2024-01-15 14:31:54</sys_created_on>
        <sys_id>d96a26b8473bb11008334d05516d4328</sys_id>
        <sys_mod_count>0</sys_mod_count>
        <sys_name>Solicitação de Crédito Workspace_menu_config</sys_name>
        <sys_package display_value="Solicitação de Crédito" source="x_1174267_solici_0">20d0b15f4727311008334d05516d430e</sys_package>
        <sys_policy/>
        <sys_scope display_value="Solicitação de Crédito">20d0b15f4727311008334d05516d430e</sys_scope>
        <sys_update_name>sys_ux_list_menu_config_d96a26b8473bb11008334d05516d4328</sys_update_name>
        <sys_updated_by>admin</sys_updated_by>
        <sys_updated_on>2024-01-15 14:31:54</sys_updated_on>
    </sys_ux_list_menu_config>
</record_update>
