<?xml version="1.0" encoding="UTF-8"?><record_update sys_domain="global" table="sys_ux_screen">
    <sys_ux_screen action="INSERT_OR_UPDATE">
        <active>true</active>
        <app_config display_value="Solicitação de Crédito Workspace Config">146aa2b8f83bb110d3475b58ef9a5ee1</app_config>
        <description/>
        <event_mappings>[ ]</event_mappings>
        <macroponent display_value="Solicitações de Crédito Record Page">b16a66b8473bb11008334d05516d4311</macroponent>
        <macroponent_config>{
  "views" : {
    "type" : "JSON_LITERAL",
    "value" : ""
  },
  "selectedTabIndex" : {
    "type" : "JSON_LITERAL",
    "value" : 0
  },
  "label" : {
    "type" : "TRANSLATION_LITERAL",
    "value" : {
      "code" : null,
      "message" : "",
      "comment" : ""
    }
  },
  "bare" : {
    "type" : "JSON_LITERAL",
    "value" : true
  },
  "scrollable" : {
    "type" : "JSON_LITERAL",
    "value" : "y"
  },
  "headerLevel" : {
    "type" : "JSON_LITERAL",
    "value" : "1"
  },
  "headingOnlyVisibleToScreenReaders" : {
    "type" : "JSON_LITERAL",
    "value" : false
  },
  "interceptNotifications" : {
    "type" : "JSON_LITERAL",
    "value" : false
  },
  "propagateNotifications" : {
    "type" : "JSON_LITERAL",
    "value" : false
  }
}</macroponent_config>
        <name>Solicitações de Crédito Record Page</name>
        <order>100</order>
        <parent_macroponent display_value="Workspace App Shell">c276387cc331101080d6d3658940ddd2</parent_macroponent>
        <required_translations>[ ]</required_translations>
        <rollback_screen/>
        <screen_condition>table=x_1174267_solici_0_solicitacoesdecredito</screen_condition>
        <screen_type display_value="Record">186aa2b8fb3bb1107ac65b73a7973dc7</screen_type>
        <sys_class_name>sys_ux_screen</sys_class_name>
        <sys_created_by>admin</sys_created_by>
        <sys_created_on>2024-01-15 14:31:57</sys_created_on>
        <sys_domain>global</sys_domain>
        <sys_domain_path>/</sys_domain_path>
        <sys_id>c26a66b8473bb11008334d05516d4340</sys_id>
        <sys_mod_count>0</sys_mod_count>
        <sys_name>Solicitações de Crédito Record Page</sys_name>
        <sys_overrides/>
        <sys_package display_value="Solicitação de Crédito" source="x_1174267_solici_0">20d0b15f4727311008334d05516d430e</sys_package>
        <sys_policy/>
        <sys_scope display_value="Solicitação de Crédito">20d0b15f4727311008334d05516d430e</sys_scope>
        <sys_update_name>sys_ux_screen_c26a66b8473bb11008334d05516d4340</sys_update_name>
        <sys_updated_by>admin</sys_updated_by>
        <sys_updated_on>2024-01-15 14:31:57</sys_updated_on>
    </sys_ux_screen>
    <sys_translated_text action="delete_multiple" query="documentkey=c26a66b8473bb11008334d05516d4340"/>
</record_update>
