<?xml version="1.0" encoding="UTF-8"?><record_update table="sys_suggestion_reader_group">
    <sys_suggestion_reader_group action="INSERT_OR_UPDATE">
        <click_in_mode>false</click_in_mode>
        <context_config_id display_value="Solicitação de Crédito - Workspace Search">397643b4ebbbb1103637c5649c1a070d</context_config_id>
        <limit>5</limit>
        <order>600</order>
        <section_header>Suggested</section_header>
        <suggestion_type>Search-based Suggested Results Reader Group for Starter Workspace - Workspace Search</suggestion_type>
        <sys_class_name>sys_suggestion_reader_group</sys_class_name>
        <sys_created_by>admin</sys_created_by>
        <sys_created_on>2024-01-15 16:34:34</sys_created_on>
        <sys_id>757643b4b3bbb1100d83c895038f3b10</sys_id>
        <sys_mod_count>0</sys_mod_count>
        <sys_name>Search-based Suggested Results Reader Group for Starter Workspace - Workspace Search</sys_name>
        <sys_package display_value="Solicitação de Crédito" source="x_1174267_solici_0">20d0b15f4727311008334d05516d430e</sys_package>
        <sys_policy/>
        <sys_scope display_value="Solicitação de Crédito">20d0b15f4727311008334d05516d430e</sys_scope>
        <sys_update_name>sys_suggestion_reader_group_757643b4b3bbb1100d83c895038f3b10</sys_update_name>
        <sys_updated_by>admin</sys_updated_by>
        <sys_updated_on>2024-01-15 16:34:34</sys_updated_on>
    </sys_suggestion_reader_group>
</record_update>
