<?xml version="1.0" encoding="UTF-8"?><record_update>
    <sys_ui_related sys_domain="global" table="x_1174267_solici_0_solicitacoesdecredito" version="2" view="workspace-solicitação-de-crédito-workspace-0">
        <sys_ui_related_list_entry action="INSERT_OR_UPDATE">
            <filter/>
            <list_id display_value="Solicitações de Crédito - Workspace Solicitação de Crédito Workspace 0" name="x_1174267_solici_0_solicitacoesdecredito" related_list="NULL" sys_domain="global" view="906aa2b8a93bb110cbeb07412c195fca">ce6a66b8473bb11008334d05516d438e</list_id>
            <order_by/>
            <position>0</position>
            <related_list>sysapproval_approver.sysapproval</related_list>
            <sys_class_name>sys_ui_related_list_entry</sys_class_name>
            <sys_created_by>admin</sys_created_by>
            <sys_created_on>2024-01-15 14:31:57</sys_created_on>
            <sys_id>466a66b8473bb11008334d05516d4390</sys_id>
            <sys_mod_count>0</sys_mod_count>
            <sys_updated_by>admin</sys_updated_by>
            <sys_updated_on>2024-01-15 14:31:57</sys_updated_on>
        </sys_ui_related_list_entry>
        <sys_ui_related_list_entry action="INSERT_OR_UPDATE">
            <filter/>
            <list_id display_value="Solicitações de Crédito - Workspace Solicitação de Crédito Workspace 0" name="x_1174267_solici_0_solicitacoesdecredito" related_list="NULL" sys_domain="global" view="906aa2b8a93bb110cbeb07412c195fca">ce6a66b8473bb11008334d05516d438e</list_id>
            <order_by/>
            <position>1</position>
            <related_list>sysapproval_group.parent</related_list>
            <sys_class_name>sys_ui_related_list_entry</sys_class_name>
            <sys_created_by>admin</sys_created_by>
            <sys_created_on>2024-01-15 14:31:57</sys_created_on>
            <sys_id>8e6a66b8473bb11008334d05516d4390</sys_id>
            <sys_mod_count>0</sys_mod_count>
            <sys_updated_by>admin</sys_updated_by>
            <sys_updated_on>2024-01-15 14:31:57</sys_updated_on>
        </sys_ui_related_list_entry>
        <sys_ui_related_list_entry action="INSERT_OR_UPDATE">
            <filter/>
            <list_id display_value="Solicitações de Crédito - Workspace Solicitação de Crédito Workspace 0" name="x_1174267_solici_0_solicitacoesdecredito" related_list="NULL" sys_domain="global" view="906aa2b8a93bb110cbeb07412c195fca">ce6a66b8473bb11008334d05516d438e</list_id>
            <order_by/>
            <position>2</position>
            <related_list>sysapproval_group.universal_request</related_list>
            <sys_class_name>sys_ui_related_list_entry</sys_class_name>
            <sys_created_by>admin</sys_created_by>
            <sys_created_on>2024-01-15 14:31:57</sys_created_on>
            <sys_id>826a66b8473bb11008334d05516d4391</sys_id>
            <sys_mod_count>0</sys_mod_count>
            <sys_updated_by>admin</sys_updated_by>
            <sys_updated_on>2024-01-15 14:31:57</sys_updated_on>
        </sys_ui_related_list_entry>
        <sys_ui_related_list_entry action="INSERT_OR_UPDATE">
            <filter/>
            <list_id display_value="Solicitações de Crédito - Workspace Solicitação de Crédito Workspace 0" name="x_1174267_solici_0_solicitacoesdecredito" related_list="NULL" sys_domain="global" view="906aa2b8a93bb110cbeb07412c195fca">ce6a66b8473bb11008334d05516d438e</list_id>
            <order_by/>
            <position>3</position>
            <related_list>upgrade_history_task.parent</related_list>
            <sys_class_name>sys_ui_related_list_entry</sys_class_name>
            <sys_created_by>admin</sys_created_by>
            <sys_created_on>2024-01-15 14:31:57</sys_created_on>
            <sys_id>866a66b8473bb11008334d05516d4391</sys_id>
            <sys_mod_count>0</sys_mod_count>
            <sys_updated_by>admin</sys_updated_by>
            <sys_updated_on>2024-01-15 14:31:57</sys_updated_on>
        </sys_ui_related_list_entry>
        <sys_ui_related_list_entry action="INSERT_OR_UPDATE">
            <filter/>
            <list_id display_value="Solicitações de Crédito - Workspace Solicitação de Crédito Workspace 0" name="x_1174267_solici_0_solicitacoesdecredito" related_list="NULL" sys_domain="global" view="906aa2b8a93bb110cbeb07412c195fca">ce6a66b8473bb11008334d05516d438e</list_id>
            <order_by/>
            <position>4</position>
            <related_list>upgrade_history_task.universal_request</related_list>
            <sys_class_name>sys_ui_related_list_entry</sys_class_name>
            <sys_created_by>admin</sys_created_by>
            <sys_created_on>2024-01-15 14:31:57</sys_created_on>
            <sys_id>8a6a66b8473bb11008334d05516d4391</sys_id>
            <sys_mod_count>0</sys_mod_count>
            <sys_updated_by>admin</sys_updated_by>
            <sys_updated_on>2024-01-15 14:31:57</sys_updated_on>
        </sys_ui_related_list_entry>
        <sys_ui_related_list action="INSERT_OR_UPDATE">
            <calculated_name>Solicitações de Crédito - Workspace Solicitação de Crédito Workspace 0</calculated_name>
            <filter/>
            <name>x_1174267_solici_0_solicitacoesdecredito</name>
            <order_by/>
            <position/>
            <related_list/>
            <sys_class_name>sys_ui_related_list</sys_class_name>
            <sys_created_by>admin</sys_created_by>
            <sys_created_on>2024-01-15 14:31:57</sys_created_on>
            <sys_domain>global</sys_domain>
            <sys_domain_path>/</sys_domain_path>
            <sys_id>ce6a66b8473bb11008334d05516d438e</sys_id>
            <sys_mod_count>0</sys_mod_count>
            <sys_name>Solicitações de Crédito - Workspace-x 1174267 solici 0-0</sys_name>
            <sys_package display_value="Solicitação de Crédito" source="x_1174267_solici_0">20d0b15f4727311008334d05516d430e</sys_package>
            <sys_policy/>
            <sys_scope display_value="Solicitação de Crédito">20d0b15f4727311008334d05516d430e</sys_scope>
            <sys_update_name>sys_ui_related_x_1174267_solici_0_solicitacoesdecredito_Workspace-x_1174267_solici_0-0</sys_update_name>
            <sys_updated_by>admin</sys_updated_by>
            <sys_updated_on>2024-01-15 14:31:57</sys_updated_on>
            <sys_user/>
            <view display_value="Workspace Solicitação de Crédito Workspace 0" name="workspace-solicitação-de-crédito-workspace-0">906aa2b8a93bb110cbeb07412c195fca</view>
            <view_name/>
        </sys_ui_related_list>
    </sys_ui_related>
</record_update>
