<?xml version="1.0" encoding="UTF-8"?><record_update table="sys_ux_applicability_m2m_list">
    <sys_ux_applicability_m2m_list action="INSERT_OR_UPDATE">
        <active>true</active>
        <applicability display_value="Audience for app solicitao-de-crdito-workspace">856ae2b8473bb11008334d05516d43c0</applicability>
        <list display_value="Unassigned">196a26b8473bb11008334d05516d4347</list>
        <order>100</order>
        <sys_class_name>sys_ux_applicability_m2m_list</sys_class_name>
        <sys_created_by>admin</sys_created_by>
        <sys_created_on>2024-01-15 14:31:54</sys_created_on>
        <sys_id>996a26b8473bb11008334d05516d4349</sys_id>
        <sys_mod_count>0</sys_mod_count>
        <sys_name/>
        <sys_package display_value="Solicitação de Crédito" source="x_1174267_solici_0">20d0b15f4727311008334d05516d430e</sys_package>
        <sys_policy/>
        <sys_scope display_value="Solicitação de Crédito">20d0b15f4727311008334d05516d430e</sys_scope>
        <sys_update_name>sys_ux_applicability_m2m_list_996a26b8473bb11008334d05516d4349</sys_update_name>
        <sys_updated_by>admin</sys_updated_by>
        <sys_updated_on>2024-01-15 14:31:54</sys_updated_on>
    </sys_ux_applicability_m2m_list>
</record_update>
