<?xml version="1.0" encoding="UTF-8"?><record_update table="sys_security_acl">
    <sys_security_acl action="INSERT_OR_UPDATE">
        <active>true</active>
        <admin_overrides>true</admin_overrides>
        <advanced>false</advanced>
        <condition/>
        <description/>
        <name>x_1174267_solici_0_solicitacoesdecredito</name>
        <operation display_value="delete">delete</operation>
        <script/>
        <sys_class_name>sys_security_acl</sys_class_name>
        <sys_created_by>admin</sys_created_by>
        <sys_created_on>2024-01-10 18:31:29</sys_created_on>
        <sys_id>d641b95f4727311008334d05516d43b8</sys_id>
        <sys_mod_count>0</sys_mod_count>
        <sys_name>x_1174267_solici_0_solicitacoesdecredito</sys_name>
        <sys_package display_value="Solicitação de Crédito" source="x_1174267_solici_0">20d0b15f4727311008334d05516d430e</sys_package>
        <sys_policy/>
        <sys_scope display_value="Solicitação de Crédito">20d0b15f4727311008334d05516d430e</sys_scope>
        <sys_update_name>sys_security_acl_d641b95f4727311008334d05516d43b8</sys_update_name>
        <sys_updated_by>admin</sys_updated_by>
        <sys_updated_on>2024-01-10 18:31:29</sys_updated_on>
        <type display_value="record">record</type>
    </sys_security_acl>
</record_update>
