<?xml version="1.0" encoding="UTF-8"?><record_update table="sys_db_object">
    <sys_db_object action="INSERT_OR_UPDATE">
        <access/>
        <actions_access>true</actions_access>
        <alter_access>true</alter_access>
        <caller_access/>
        <client_scripts_access>true</client_scripts_access>
        <configuration_access>false</configuration_access>
        <create_access>true</create_access>
        <create_access_controls>false</create_access_controls>
        <delete_access>false</delete_access>
        <is_extendable>true</is_extendable>
        <label>Auditoria</label>
        <live_feed_enabled>false</live_feed_enabled>
        <name>x_1174267_solici_0_auditoria</name>
        <number_ref display_value="AUDT">b7b926db472b311008334d05516d4333</number_ref>
        <provider_class/>
        <read_access>true</read_access>
        <scriptable_table>false</scriptable_table>
        <super_class/>
        <sys_class_name>sys_db_object</sys_class_name>
        <sys_created_by>admin</sys_created_by>
        <sys_created_on>2024-01-10 22:38:10</sys_created_on>
        <sys_id>67b926db472b311008334d05516d4300</sys_id>
        <sys_mod_count>2</sys_mod_count>
        <sys_name>Auditoria</sys_name>
        <sys_package display_value="Solicitação de Crédito" source="x_1174267_solici_0">20d0b15f4727311008334d05516d430e</sys_package>
        <sys_policy/>
        <sys_scope display_value="Solicitação de Crédito">20d0b15f4727311008334d05516d430e</sys_scope>
        <sys_update_name>sys_db_object_67b926db472b311008334d05516d4300</sys_update_name>
        <sys_updated_by>admin</sys_updated_by>
        <sys_updated_on>2024-01-10 22:38:11</sys_updated_on>
        <update_access>true</update_access>
        <user_role/>
        <ws_access>true</ws_access>
    </sys_db_object>
</record_update>
