<?xml version="1.0" encoding="UTF-8"?><record_update table="sys_search_filter">
    <sys_search_filter action="INSERT_OR_UPDATE">
        <active>true</active>
        <ais_search_source display_value="Solicitações de Crédito">e56a26b8473bb11008334d05516d43e5</ais_search_source>
        <label>Solicitações de Crédito</label>
        <name>Solicitações de Crédito</name>
        <order>100</order>
        <search_context_config display_value="Solicitação de Crédito Workspace AI Search Configu">986aa2b89a3bb1105eed0ceeb8f6c5ca</search_context_config>
        <sys_class_name>sys_search_filter</sys_class_name>
        <sys_created_by>admin</sys_created_by>
        <sys_created_on>2024-01-15 14:31:56</sys_created_on>
        <sys_id>b56a26b8473bb11008334d05516d43f4</sys_id>
        <sys_mod_count>0</sys_mod_count>
        <sys_name>Solicitações de Crédito</sys_name>
        <sys_package display_value="Solicitação de Crédito" source="x_1174267_solici_0">20d0b15f4727311008334d05516d430e</sys_package>
        <sys_policy/>
        <sys_scope display_value="Solicitação de Crédito">20d0b15f4727311008334d05516d430e</sys_scope>
        <sys_update_name>sys_search_filter_b56a26b8473bb11008334d05516d43f4</sys_update_name>
        <sys_updated_by>admin</sys_updated_by>
        <sys_updated_on>2024-01-15 14:31:56</sys_updated_on>
    </sys_search_filter>
</record_update>
