<?xml version="1.0" encoding="UTF-8"?><record_update>
    <sys_ui_list parent="" relationship="" sys_domain="global" table="x_1174267_solici_0_auditoria" version="2" view="workspace-solicitação-de-crédito-workspace-0">
        <sys_ui_list_element action="INSERT_OR_UPDATE">
            <average_value>false</average_value>
            <element>number</element>
            <list_id display_value="x_1174267_solici_0_auditoria" element="NULL" name="x_1174267_solici_0_auditoria" parent="NULL" relationship="NULL" sys_domain="global" view="906aa2b8a93bb110cbeb07412c195fca">c66a66b8473bb11008334d05516d43b1</list_id>
            <max_value>false</max_value>
            <min_value>false</min_value>
            <position>0</position>
            <sum>false</sum>
            <sys_created_by>admin</sys_created_by>
            <sys_created_on>2024-01-15 14:31:57</sys_created_on>
            <sys_id>026a66b8473bb11008334d05516d43b2</sys_id>
            <sys_mod_count>0</sys_mod_count>
            <sys_updated_by>admin</sys_updated_by>
            <sys_updated_on>2024-01-15 14:31:57</sys_updated_on>
        </sys_ui_list_element>
        <sys_ui_list_element action="INSERT_OR_UPDATE">
            <average_value>false</average_value>
            <element>nome</element>
            <list_id display_value="x_1174267_solici_0_auditoria" element="NULL" name="x_1174267_solici_0_auditoria" parent="NULL" relationship="NULL" sys_domain="global" view="906aa2b8a93bb110cbeb07412c195fca">c66a66b8473bb11008334d05516d43b1</list_id>
            <max_value>false</max_value>
            <min_value>false</min_value>
            <position>1</position>
            <sum>false</sum>
            <sys_created_by>admin</sys_created_by>
            <sys_created_on>2024-01-15 14:31:57</sys_created_on>
            <sys_id>066a66b8473bb11008334d05516d43b2</sys_id>
            <sys_mod_count>0</sys_mod_count>
            <sys_updated_by>admin</sys_updated_by>
            <sys_updated_on>2024-01-15 14:31:57</sys_updated_on>
        </sys_ui_list_element>
        <sys_ui_list_element action="INSERT_OR_UPDATE">
            <average_value>false</average_value>
            <element>quantidade_de_parcelas</element>
            <list_id display_value="x_1174267_solici_0_auditoria" element="NULL" name="x_1174267_solici_0_auditoria" parent="NULL" relationship="NULL" sys_domain="global" view="906aa2b8a93bb110cbeb07412c195fca">c66a66b8473bb11008334d05516d43b1</list_id>
            <max_value>false</max_value>
            <min_value>false</min_value>
            <position>2</position>
            <sum>false</sum>
            <sys_created_by>admin</sys_created_by>
            <sys_created_on>2024-01-15 14:31:57</sys_created_on>
            <sys_id>0a6a66b8473bb11008334d05516d43b2</sys_id>
            <sys_mod_count>0</sys_mod_count>
            <sys_updated_by>admin</sys_updated_by>
            <sys_updated_on>2024-01-15 14:31:57</sys_updated_on>
        </sys_ui_list_element>
        <sys_ui_list_element action="INSERT_OR_UPDATE">
            <average_value>false</average_value>
            <element>solicitcao_de_credito</element>
            <list_id display_value="x_1174267_solici_0_auditoria" element="NULL" name="x_1174267_solici_0_auditoria" parent="NULL" relationship="NULL" sys_domain="global" view="906aa2b8a93bb110cbeb07412c195fca">c66a66b8473bb11008334d05516d43b1</list_id>
            <max_value>false</max_value>
            <min_value>false</min_value>
            <position>3</position>
            <sum>false</sum>
            <sys_created_by>admin</sys_created_by>
            <sys_created_on>2024-01-15 14:31:57</sys_created_on>
            <sys_id>0e6a66b8473bb11008334d05516d43b2</sys_id>
            <sys_mod_count>0</sys_mod_count>
            <sys_updated_by>admin</sys_updated_by>
            <sys_updated_on>2024-01-15 14:31:57</sys_updated_on>
        </sys_ui_list_element>
        <sys_ui_list_element action="INSERT_OR_UPDATE">
            <average_value>false</average_value>
            <element>valor_do_credito</element>
            <list_id display_value="x_1174267_solici_0_auditoria" element="NULL" name="x_1174267_solici_0_auditoria" parent="NULL" relationship="NULL" sys_domain="global" view="906aa2b8a93bb110cbeb07412c195fca">c66a66b8473bb11008334d05516d43b1</list_id>
            <max_value>false</max_value>
            <min_value>false</min_value>
            <position>4</position>
            <sum>false</sum>
            <sys_created_by>admin</sys_created_by>
            <sys_created_on>2024-01-15 14:31:57</sys_created_on>
            <sys_id>026a66b8473bb11008334d05516d43b3</sys_id>
            <sys_mod_count>0</sys_mod_count>
            <sys_updated_by>admin</sys_updated_by>
            <sys_updated_on>2024-01-15 14:31:57</sys_updated_on>
        </sys_ui_list_element>
        <sys_ui_list action="INSERT_OR_UPDATE">
            <average_value>false</average_value>
            <element/>
            <max_value>false</max_value>
            <min_value>false</min_value>
            <name>x_1174267_solici_0_auditoria</name>
            <parent/>
            <position/>
            <relationship/>
            <sum>false</sum>
            <sys_class_name>sys_ui_list</sys_class_name>
            <sys_created_by>admin</sys_created_by>
            <sys_created_on>2024-01-15 14:31:57</sys_created_on>
            <sys_domain>global</sys_domain>
            <sys_domain_path>/</sys_domain_path>
            <sys_id>c66a66b8473bb11008334d05516d43b1</sys_id>
            <sys_mod_count>0</sys_mod_count>
            <sys_name>x_1174267_solici_0_auditoria</sys_name>
            <sys_package display_value="Solicitação de Crédito" source="x_1174267_solici_0">20d0b15f4727311008334d05516d430e</sys_package>
            <sys_policy/>
            <sys_scope display_value="Solicitação de Crédito">20d0b15f4727311008334d05516d430e</sys_scope>
            <sys_update_name>sys_ui_list_x_1174267_solici_0_auditoria_Workspace-x_1174267_solici_0-0</sys_update_name>
            <sys_updated_by>admin</sys_updated_by>
            <sys_updated_on>2024-01-15 14:31:57</sys_updated_on>
            <sys_user/>
            <view display_value="Workspace Solicitação de Crédito Workspace 0" name="workspace-solicitação-de-crédito-workspace-0">906aa2b8a93bb110cbeb07412c195fca</view>
            <view_name/>
        </sys_ui_list>
    </sys_ui_list>
</record_update>
