<?xml version="1.0" encoding="UTF-8"?><record_update table="sys_grid_canvas_pane">
    <sys_grid_canvas_pane action="INSERT_OR_UPDATE">
        <grid_canvas display_value="PA Incident Overview - New Tab">6a879d884733311008334d05516d435a</grid_canvas>
        <height>10</height>
        <portal_widget display_value="Created 2024-01-12 16:40:35">14f8110c4733311008334d05516d43aa</portal_widget>
        <posx>0</posx>
        <posy>0</posy>
        <sys_class_name>sys_grid_canvas_pane</sys_class_name>
        <sys_created_by>admin</sys_created_by>
        <sys_created_on>2024-01-13 00:40:35</sys_created_on>
        <sys_id>10f8990c4733311008334d05516d439a</sys_id>
        <sys_mod_count>0</sys_mod_count>
        <sys_name>6a879d884733311008334d05516d435a</sys_name>
        <sys_package display_value="Solicitação de Crédito" source="x_1174267_solici_0">20d0b15f4727311008334d05516d430e</sys_package>
        <sys_policy/>
        <sys_scope display_value="Solicitação de Crédito">20d0b15f4727311008334d05516d430e</sys_scope>
        <sys_update_name>sys_grid_canvas_pane_10f8990c4733311008334d05516d439a</sys_update_name>
        <sys_updated_by>admin</sys_updated_by>
        <sys_updated_on>2024-01-13 00:40:35</sys_updated_on>
        <width>12</width>
    </sys_grid_canvas_pane>
</record_update>
