<?xml version="1.0" encoding="UTF-8"?><record_update table="sys_grid_canvas">
    <sys_grid_canvas action="INSERT_OR_UPDATE">
        <legacy_page display_value="PA Overview">6e879d884733311008334d05516d4359</legacy_page>
        <name>PA Incident Overview - New Tab</name>
        <sys_class_name>sys_grid_canvas</sys_class_name>
        <sys_created_by>admin</sys_created_by>
        <sys_created_on>2024-01-13 00:34:27</sys_created_on>
        <sys_id>6a879d884733311008334d05516d435a</sys_id>
        <sys_mod_count>0</sys_mod_count>
        <sys_name>PA Incident Overview - New Tab</sys_name>
        <sys_package display_value="Solicitação de Crédito" source="x_1174267_solici_0">20d0b15f4727311008334d05516d430e</sys_package>
        <sys_policy/>
        <sys_scope display_value="Solicitação de Crédito">20d0b15f4727311008334d05516d430e</sys_scope>
        <sys_update_name>sys_grid_canvas_6a879d884733311008334d05516d435a</sys_update_name>
        <sys_updated_by>admin</sys_updated_by>
        <sys_updated_on>2024-01-13 00:34:27</sys_updated_on>
    </sys_grid_canvas>
</record_update>
