<?xml version="1.0" encoding="UTF-8"?><record_update>
    <sys_ui_section caption="" section_id="a751b95f4727311008334d05516d433d" sys_domain="global" table="x_1174267_solici_0_solicitacoesdecredito" version="3" view="">
        <sys_ui_element action="INSERT_OR_UPDATE">
            <element>number</element>
            <position>0</position>
            <sys_created_by>admin</sys_created_by>
            <sys_created_on>2024-01-10 22:33:00</sys_created_on>
            <sys_id>3388625b472b311008334d05516d43da</sys_id>
            <sys_mod_count>0</sys_mod_count>
            <sys_ui_formatter/>
            <sys_ui_section caption="NULL" display_value="" name="x_1174267_solici_0_solicitacoesdecredito" sys_domain="global" view="Default view">a751b95f4727311008334d05516d433d</sys_ui_section>
            <sys_updated_by>admin</sys_updated_by>
            <sys_updated_on>2024-01-10 22:33:00</sys_updated_on>
            <sys_user/>
            <type/>
        </sys_ui_element>
        <sys_ui_element action="INSERT_OR_UPDATE">
            <element>assigned_to</element>
            <position>1</position>
            <sys_created_by>admin</sys_created_by>
            <sys_created_on>2024-01-10 22:33:00</sys_created_on>
            <sys_id>f788625b472b311008334d05516d43da</sys_id>
            <sys_mod_count>0</sys_mod_count>
            <sys_ui_formatter/>
            <sys_ui_section caption="NULL" display_value="" name="x_1174267_solici_0_solicitacoesdecredito" sys_domain="global" view="Default view">a751b95f4727311008334d05516d433d</sys_ui_section>
            <sys_updated_by>admin</sys_updated_by>
            <sys_updated_on>2024-01-10 22:33:00</sys_updated_on>
            <sys_user/>
            <type/>
        </sys_ui_element>
        <sys_ui_element action="INSERT_OR_UPDATE">
            <element>cmdb_ci</element>
            <position>2</position>
            <sys_created_by>admin</sys_created_by>
            <sys_created_on>2024-01-10 22:33:00</sys_created_on>
            <sys_id>7b88625b472b311008334d05516d43da</sys_id>
            <sys_mod_count>0</sys_mod_count>
            <sys_ui_formatter/>
            <sys_ui_section caption="NULL" display_value="" name="x_1174267_solici_0_solicitacoesdecredito" sys_domain="global" view="Default view">a751b95f4727311008334d05516d433d</sys_ui_section>
            <sys_updated_by>admin</sys_updated_by>
            <sys_updated_on>2024-01-10 22:33:00</sys_updated_on>
            <sys_user/>
            <type/>
        </sys_ui_element>
        <sys_ui_element action="INSERT_OR_UPDATE">
            <element>active</element>
            <position>3</position>
            <sys_created_by>admin</sys_created_by>
            <sys_created_on>2024-01-10 22:33:00</sys_created_on>
            <sys_id>fb88625b472b311008334d05516d43da</sys_id>
            <sys_mod_count>0</sys_mod_count>
            <sys_ui_formatter/>
            <sys_ui_section caption="NULL" display_value="" name="x_1174267_solici_0_solicitacoesdecredito" sys_domain="global" view="Default view">a751b95f4727311008334d05516d433d</sys_ui_section>
            <sys_updated_by>admin</sys_updated_by>
            <sys_updated_on>2024-01-10 22:33:00</sys_updated_on>
            <sys_user/>
            <type/>
        </sys_ui_element>
        <sys_ui_element action="INSERT_OR_UPDATE">
            <element>.split</element>
            <position>4</position>
            <sys_created_by>admin</sys_created_by>
            <sys_created_on>2024-01-10 22:33:00</sys_created_on>
            <sys_id>7f88625b472b311008334d05516d43da</sys_id>
            <sys_mod_count>0</sys_mod_count>
            <sys_ui_formatter/>
            <sys_ui_section caption="NULL" display_value="" name="x_1174267_solici_0_solicitacoesdecredito" sys_domain="global" view="Default view">a751b95f4727311008334d05516d433d</sys_ui_section>
            <sys_updated_by>admin</sys_updated_by>
            <sys_updated_on>2024-01-10 22:33:00</sys_updated_on>
            <sys_user/>
            <type>.split</type>
        </sys_ui_element>
        <sys_ui_element action="INSERT_OR_UPDATE">
            <element>priority</element>
            <position>5</position>
            <sys_created_by>admin</sys_created_by>
            <sys_created_on>2024-01-10 22:33:00</sys_created_on>
            <sys_id>ff88625b472b311008334d05516d43da</sys_id>
            <sys_mod_count>0</sys_mod_count>
            <sys_ui_formatter/>
            <sys_ui_section caption="NULL" display_value="" name="x_1174267_solici_0_solicitacoesdecredito" sys_domain="global" view="Default view">a751b95f4727311008334d05516d433d</sys_ui_section>
            <sys_updated_by>admin</sys_updated_by>
            <sys_updated_on>2024-01-10 22:33:00</sys_updated_on>
            <sys_user/>
            <type/>
        </sys_ui_element>
        <sys_ui_element action="INSERT_OR_UPDATE">
            <element>state</element>
            <position>6</position>
            <sys_created_by>admin</sys_created_by>
            <sys_created_on>2024-01-10 22:33:00</sys_created_on>
            <sys_id>7388625b472b311008334d05516d43db</sys_id>
            <sys_mod_count>0</sys_mod_count>
            <sys_ui_formatter/>
            <sys_ui_section caption="NULL" display_value="" name="x_1174267_solici_0_solicitacoesdecredito" sys_domain="global" view="Default view">a751b95f4727311008334d05516d433d</sys_ui_section>
            <sys_updated_by>admin</sys_updated_by>
            <sys_updated_on>2024-01-10 22:33:00</sys_updated_on>
            <sys_user/>
            <type/>
        </sys_ui_element>
        <sys_ui_element action="INSERT_OR_UPDATE">
            <element>assignment_group</element>
            <position>7</position>
            <sys_created_by>admin</sys_created_by>
            <sys_created_on>2024-01-10 22:33:00</sys_created_on>
            <sys_id>f388625b472b311008334d05516d43db</sys_id>
            <sys_mod_count>0</sys_mod_count>
            <sys_ui_formatter/>
            <sys_ui_section caption="NULL" display_value="" name="x_1174267_solici_0_solicitacoesdecredito" sys_domain="global" view="Default view">a751b95f4727311008334d05516d433d</sys_ui_section>
            <sys_updated_by>admin</sys_updated_by>
            <sys_updated_on>2024-01-10 22:33:00</sys_updated_on>
            <sys_user/>
            <type/>
        </sys_ui_element>
        <sys_ui_element action="INSERT_OR_UPDATE">
            <element>parent</element>
            <position>8</position>
            <sys_created_by>admin</sys_created_by>
            <sys_created_on>2024-01-10 22:33:00</sys_created_on>
            <sys_id>7788625b472b311008334d05516d43db</sys_id>
            <sys_mod_count>0</sys_mod_count>
            <sys_ui_formatter/>
            <sys_ui_section caption="NULL" display_value="" name="x_1174267_solici_0_solicitacoesdecredito" sys_domain="global" view="Default view">a751b95f4727311008334d05516d433d</sys_ui_section>
            <sys_updated_by>admin</sys_updated_by>
            <sys_updated_on>2024-01-10 22:33:00</sys_updated_on>
            <sys_user/>
            <type/>
        </sys_ui_element>
        <sys_ui_element action="INSERT_OR_UPDATE">
            <element>.end_split</element>
            <position>9</position>
            <sys_created_by>admin</sys_created_by>
            <sys_created_on>2024-01-10 22:33:00</sys_created_on>
            <sys_id>f788625b472b311008334d05516d43db</sys_id>
            <sys_mod_count>0</sys_mod_count>
            <sys_ui_formatter/>
            <sys_ui_section caption="NULL" display_value="" name="x_1174267_solici_0_solicitacoesdecredito" sys_domain="global" view="Default view">a751b95f4727311008334d05516d433d</sys_ui_section>
            <sys_updated_by>admin</sys_updated_by>
            <sys_updated_on>2024-01-10 22:33:00</sys_updated_on>
            <sys_user/>
            <type>.end_split</type>
        </sys_ui_element>
        <sys_ui_element action="INSERT_OR_UPDATE">
            <element>short_description</element>
            <position>10</position>
            <sys_created_by>admin</sys_created_by>
            <sys_created_on>2024-01-10 22:33:00</sys_created_on>
            <sys_id>7b88625b472b311008334d05516d43db</sys_id>
            <sys_mod_count>0</sys_mod_count>
            <sys_ui_formatter/>
            <sys_ui_section caption="NULL" display_value="" name="x_1174267_solici_0_solicitacoesdecredito" sys_domain="global" view="Default view">a751b95f4727311008334d05516d433d</sys_ui_section>
            <sys_updated_by>admin</sys_updated_by>
            <sys_updated_on>2024-01-10 22:33:00</sys_updated_on>
            <sys_user/>
            <type/>
        </sys_ui_element>
        <sys_ui_element action="INSERT_OR_UPDATE">
            <element>description</element>
            <position>11</position>
            <sys_created_by>admin</sys_created_by>
            <sys_created_on>2024-01-10 22:33:00</sys_created_on>
            <sys_id>fb88625b472b311008334d05516d43db</sys_id>
            <sys_mod_count>0</sys_mod_count>
            <sys_ui_formatter/>
            <sys_ui_section caption="NULL" display_value="" name="x_1174267_solici_0_solicitacoesdecredito" sys_domain="global" view="Default view">a751b95f4727311008334d05516d433d</sys_ui_section>
            <sys_updated_by>admin</sys_updated_by>
            <sys_updated_on>2024-01-10 22:33:00</sys_updated_on>
            <sys_user/>
            <type/>
        </sys_ui_element>
        <sys_ui_element action="INSERT_OR_UPDATE">
            <element>work_notes</element>
            <position>12</position>
            <sys_created_by>admin</sys_created_by>
            <sys_created_on>2024-01-10 22:33:00</sys_created_on>
            <sys_id>b3882a5b472b311008334d05516d4339</sys_id>
            <sys_mod_count>0</sys_mod_count>
            <sys_ui_formatter/>
            <sys_ui_section caption="NULL" display_value="" name="x_1174267_solici_0_solicitacoesdecredito" sys_domain="global" view="Default view">a751b95f4727311008334d05516d433d</sys_ui_section>
            <sys_updated_by>admin</sys_updated_by>
            <sys_updated_on>2024-01-10 22:33:00</sys_updated_on>
            <sys_user/>
            <type/>
        </sys_ui_element>
        <sys_ui_element action="INSERT_OR_UPDATE">
            <element>nome</element>
            <position>13</position>
            <sys_created_by>admin</sys_created_by>
            <sys_created_on>2024-01-10 22:33:00</sys_created_on>
            <sys_id>37882a5b472b311008334d05516d4339</sys_id>
            <sys_mod_count>0</sys_mod_count>
            <sys_ui_formatter/>
            <sys_ui_section caption="NULL" display_value="" name="x_1174267_solici_0_solicitacoesdecredito" sys_domain="global" view="Default view">a751b95f4727311008334d05516d433d</sys_ui_section>
            <sys_updated_by>admin</sys_updated_by>
            <sys_updated_on>2024-01-10 22:33:00</sys_updated_on>
            <sys_user/>
            <type/>
        </sys_ui_element>
        <sys_ui_element action="INSERT_OR_UPDATE">
            <element>agencia</element>
            <position>14</position>
            <sys_created_by>admin</sys_created_by>
            <sys_created_on>2024-01-10 22:33:00</sys_created_on>
            <sys_id>b7882a5b472b311008334d05516d4339</sys_id>
            <sys_mod_count>0</sys_mod_count>
            <sys_ui_formatter/>
            <sys_ui_section caption="NULL" display_value="" name="x_1174267_solici_0_solicitacoesdecredito" sys_domain="global" view="Default view">a751b95f4727311008334d05516d433d</sys_ui_section>
            <sys_updated_by>admin</sys_updated_by>
            <sys_updated_on>2024-01-10 22:33:00</sys_updated_on>
            <sys_user/>
            <type/>
        </sys_ui_element>
        <sys_ui_element action="INSERT_OR_UPDATE">
            <element>cpf</element>
            <position>15</position>
            <sys_created_by>admin</sys_created_by>
            <sys_created_on>2024-01-10 22:33:00</sys_created_on>
            <sys_id>3b882a5b472b311008334d05516d4339</sys_id>
            <sys_mod_count>0</sys_mod_count>
            <sys_ui_formatter/>
            <sys_ui_section caption="NULL" display_value="" name="x_1174267_solici_0_solicitacoesdecredito" sys_domain="global" view="Default view">a751b95f4727311008334d05516d433d</sys_ui_section>
            <sys_updated_by>admin</sys_updated_by>
            <sys_updated_on>2024-01-10 22:33:00</sys_updated_on>
            <sys_user/>
            <type/>
        </sys_ui_element>
        <sys_ui_element action="INSERT_OR_UPDATE">
            <element>conta_corrente</element>
            <position>16</position>
            <sys_created_by>admin</sys_created_by>
            <sys_created_on>2024-01-10 22:33:00</sys_created_on>
            <sys_id>bb882a5b472b311008334d05516d4339</sys_id>
            <sys_mod_count>0</sys_mod_count>
            <sys_ui_formatter/>
            <sys_ui_section caption="NULL" display_value="" name="x_1174267_solici_0_solicitacoesdecredito" sys_domain="global" view="Default view">a751b95f4727311008334d05516d433d</sys_ui_section>
            <sys_updated_by>admin</sys_updated_by>
            <sys_updated_on>2024-01-10 22:33:00</sys_updated_on>
            <sys_user/>
            <type/>
        </sys_ui_element>
        <sys_ui_element action="INSERT_OR_UPDATE">
            <element>email</element>
            <position>17</position>
            <sys_created_by>admin</sys_created_by>
            <sys_created_on>2024-01-10 22:33:00</sys_created_on>
            <sys_id>3f882a5b472b311008334d05516d4339</sys_id>
            <sys_mod_count>0</sys_mod_count>
            <sys_ui_formatter/>
            <sys_ui_section caption="NULL" display_value="" name="x_1174267_solici_0_solicitacoesdecredito" sys_domain="global" view="Default view">a751b95f4727311008334d05516d433d</sys_ui_section>
            <sys_updated_by>admin</sys_updated_by>
            <sys_updated_on>2024-01-10 22:33:00</sys_updated_on>
            <sys_user/>
            <type/>
        </sys_ui_element>
        <sys_ui_element action="INSERT_OR_UPDATE">
            <element>parcelas</element>
            <position>18</position>
            <sys_created_by>admin</sys_created_by>
            <sys_created_on>2024-01-10 22:33:00</sys_created_on>
            <sys_id>bf882a5b472b311008334d05516d4339</sys_id>
            <sys_mod_count>0</sys_mod_count>
            <sys_ui_formatter/>
            <sys_ui_section caption="NULL" display_value="" name="x_1174267_solici_0_solicitacoesdecredito" sys_domain="global" view="Default view">a751b95f4727311008334d05516d433d</sys_ui_section>
            <sys_updated_by>admin</sys_updated_by>
            <sys_updated_on>2024-01-10 22:33:00</sys_updated_on>
            <sys_user/>
            <type/>
        </sys_ui_element>
        <sys_ui_element action="INSERT_OR_UPDATE">
            <element>rg</element>
            <position>19</position>
            <sys_created_by>admin</sys_created_by>
            <sys_created_on>2024-01-10 22:33:00</sys_created_on>
            <sys_id>33882a5b472b311008334d05516d433a</sys_id>
            <sys_mod_count>0</sys_mod_count>
            <sys_ui_formatter/>
            <sys_ui_section caption="NULL" display_value="" name="x_1174267_solici_0_solicitacoesdecredito" sys_domain="global" view="Default view">a751b95f4727311008334d05516d433d</sys_ui_section>
            <sys_updated_by>admin</sys_updated_by>
            <sys_updated_on>2024-01-10 22:33:00</sys_updated_on>
            <sys_user/>
            <type/>
        </sys_ui_element>
        <sys_ui_element action="INSERT_OR_UPDATE">
            <element>sexo</element>
            <position>20</position>
            <sys_created_by>admin</sys_created_by>
            <sys_created_on>2024-01-10 22:33:00</sys_created_on>
            <sys_id>b3882a5b472b311008334d05516d433a</sys_id>
            <sys_mod_count>0</sys_mod_count>
            <sys_ui_formatter/>
            <sys_ui_section caption="NULL" display_value="" name="x_1174267_solici_0_solicitacoesdecredito" sys_domain="global" view="Default view">a751b95f4727311008334d05516d433d</sys_ui_section>
            <sys_updated_by>admin</sys_updated_by>
            <sys_updated_on>2024-01-10 22:33:00</sys_updated_on>
            <sys_user/>
            <type/>
        </sys_ui_element>
        <sys_ui_element action="INSERT_OR_UPDATE">
            <element>valor_do_credito</element>
            <position>21</position>
            <sys_created_by>admin</sys_created_by>
            <sys_created_on>2024-01-10 22:33:00</sys_created_on>
            <sys_id>37882a5b472b311008334d05516d433a</sys_id>
            <sys_mod_count>0</sys_mod_count>
            <sys_ui_formatter/>
            <sys_ui_section caption="NULL" display_value="" name="x_1174267_solici_0_solicitacoesdecredito" sys_domain="global" view="Default view">a751b95f4727311008334d05516d433d</sys_ui_section>
            <sys_updated_by>admin</sys_updated_by>
            <sys_updated_on>2024-01-10 22:33:00</sys_updated_on>
            <sys_user/>
            <type/>
        </sys_ui_element>
        <sys_ui_element action="INSERT_OR_UPDATE">
            <element>telefone</element>
            <position>22</position>
            <sys_created_by>admin</sys_created_by>
            <sys_created_on>2024-01-10 22:33:00</sys_created_on>
            <sys_id>b7882a5b472b311008334d05516d433a</sys_id>
            <sys_mod_count>0</sys_mod_count>
            <sys_ui_formatter/>
            <sys_ui_section caption="NULL" display_value="" name="x_1174267_solici_0_solicitacoesdecredito" sys_domain="global" view="Default view">a751b95f4727311008334d05516d433d</sys_ui_section>
            <sys_updated_by>admin</sys_updated_by>
            <sys_updated_on>2024-01-10 22:33:00</sys_updated_on>
            <sys_user/>
            <type/>
        </sys_ui_element>
        <sys_ui_element action="INSERT_OR_UPDATE">
            <element>endereco</element>
            <position>23</position>
            <sys_created_by>admin</sys_created_by>
            <sys_created_on>2024-01-10 22:33:00</sys_created_on>
            <sys_id>3b882a5b472b311008334d05516d433a</sys_id>
            <sys_mod_count>0</sys_mod_count>
            <sys_ui_formatter/>
            <sys_ui_section caption="NULL" display_value="" name="x_1174267_solici_0_solicitacoesdecredito" sys_domain="global" view="Default view">a751b95f4727311008334d05516d433d</sys_ui_section>
            <sys_updated_by>admin</sys_updated_by>
            <sys_updated_on>2024-01-10 22:33:00</sys_updated_on>
            <sys_user/>
            <type/>
        </sys_ui_element>
        <sys_ui_element action="INSERT_OR_UPDATE">
            <element>comments_and_work_notes</element>
            <position>24</position>
            <sys_created_by>admin</sys_created_by>
            <sys_created_on>2024-01-10 22:33:00</sys_created_on>
            <sys_id>bb882a5b472b311008334d05516d433a</sys_id>
            <sys_mod_count>0</sys_mod_count>
            <sys_ui_formatter/>
            <sys_ui_section caption="NULL" display_value="" name="x_1174267_solici_0_solicitacoesdecredito" sys_domain="global" view="Default view">a751b95f4727311008334d05516d433d</sys_ui_section>
            <sys_updated_by>admin</sys_updated_by>
            <sys_updated_on>2024-01-10 22:33:00</sys_updated_on>
            <sys_user/>
            <type/>
        </sys_ui_element>
        <sys_ui_section action="INSERT_OR_UPDATE">
            <caption/>
            <header>false</header>
            <name>x_1174267_solici_0_solicitacoesdecredito</name>
            <roles/>
            <sys_class_name>sys_ui_section</sys_class_name>
            <sys_created_by>admin</sys_created_by>
            <sys_created_on>2024-01-10 18:31:52</sys_created_on>
            <sys_domain>global</sys_domain>
            <sys_domain_path>/</sys_domain_path>
            <sys_id>a751b95f4727311008334d05516d433d</sys_id>
            <sys_mod_count>0</sys_mod_count>
            <sys_name>x_1174267_solici_0_solicitacoesdecredito</sys_name>
            <sys_overrides/>
            <sys_package display_value="Solicitação de Crédito" source="x_1174267_solici_0">20d0b15f4727311008334d05516d430e</sys_package>
            <sys_policy/>
            <sys_scope display_value="Solicitação de Crédito">20d0b15f4727311008334d05516d430e</sys_scope>
            <sys_update_name>sys_ui_section_a751b95f4727311008334d05516d433d</sys_update_name>
            <sys_updated_by>admin</sys_updated_by>
            <sys_updated_on>2024-01-10 18:31:52</sys_updated_on>
            <sys_user/>
            <title>true</title>
            <view display_value="Default view" name="NULL">Default view</view>
            <view_name/>
        </sys_ui_section>
    </sys_ui_section>
</record_update>
