<?xml version="1.0" encoding="UTF-8"?><record_update table="sys_report_users_groups">
    <sys_report_users_groups action="INSERT_OR_UPDATE">
        <group_id/>
        <report_id display_value="Open Incidents by Priority">b6e8150c4733311008334d05516d4320</report_id>
        <sys_class_name>sys_report_users_groups</sys_class_name>
        <sys_created_by>admin</sys_created_by>
        <sys_created_on>2024-01-13 00:40:29</sys_created_on>
        <sys_id>3ee8150c4733311008334d05516d4320</sys_id>
        <sys_mod_count>0</sys_mod_count>
        <sys_name>b6e8150c4733311008334d05516d4320</sys_name>
        <sys_package display_value="Solicitação de Crédito" source="x_1174267_solici_0">20d0b15f4727311008334d05516d430e</sys_package>
        <sys_policy/>
        <sys_scope display_value="Solicitação de Crédito">20d0b15f4727311008334d05516d430e</sys_scope>
        <sys_update_name>sys_report_users_groups_3ee8150c4733311008334d05516d4320</sys_update_name>
        <sys_updated_by>admin</sys_updated_by>
        <sys_updated_on>2024-01-13 00:40:29</sys_updated_on>
        <user_id display_value="Junior  Teixeira">6816f79cc0a8016401c5a33be04be441</user_id>
    </sys_report_users_groups>
</record_update>
