<?xml version="1.0" encoding="UTF-8"?><record_update table="sys_suggestion_reader_group">
    <sys_suggestion_reader_group action="INSERT_OR_UPDATE">
        <click_in_mode>true</click_in_mode>
        <context_config_id display_value="Solicitação de Crédito Workspace AI Search Configu">986aa2b89a3bb1105eed0ceeb8f6c5ca</context_config_id>
        <limit>5</limit>
        <order>100</order>
        <section_header>Recent searches</section_header>
        <suggestion_type>Recent Search Reader Group for Starter Workspace AI Search Configuration</suggestion_type>
        <sys_class_name>sys_suggestion_reader_group</sys_class_name>
        <sys_created_by>admin</sys_created_by>
        <sys_created_on>2024-01-15 14:31:51</sys_created_on>
        <sys_id>186aa2b8763bb110114134d3e965eccc</sys_id>
        <sys_mod_count>0</sys_mod_count>
        <sys_name>Recent Search Reader Group for Starter Workspace AI Search Configuration</sys_name>
        <sys_package display_value="Solicitação de Crédito" source="x_1174267_solici_0">20d0b15f4727311008334d05516d430e</sys_package>
        <sys_policy/>
        <sys_scope display_value="Solicitação de Crédito">20d0b15f4727311008334d05516d430e</sys_scope>
        <sys_update_name>sys_suggestion_reader_group_186aa2b8763bb110114134d3e965eccc</sys_update_name>
        <sys_updated_by>admin</sys_updated_by>
        <sys_updated_on>2024-01-15 14:31:51</sys_updated_on>
    </sys_suggestion_reader_group>
</record_update>
