<?xml version="1.0" encoding="UTF-8"?><record_update sys_domain="global" table="sys_ux_screen">
    <sys_ux_screen action="INSERT_OR_UPDATE">
        <active>true</active>
        <app_config display_value="Solicitação de Crédito Config">b17643b4ecbbb1100a1c9e580a429b17</app_config>
        <description/>
        <event_mappings>[ {
  "eventMappingId" : "ckhffjjisfyaaaabboddhhhmwraaxeeaft",
  "isConfiguration" : false,
  "offRowStorageId" : null,
  "sourceEventApiName" : "x_1174267_solici_0.NAV_ITEM_SELECTED_RELAY_7d7643b44ebbb110bb520b8da6bfcb06",
  "sourceEventCorrelationId" : null,
  "sourceEventDefinition" : {
    "apiName" : "x_1174267_solici_0.NAV_ITEM_SELECTED_RELAY_7d7643b44ebbb110bb520b8da6bfcb06",
    "id" : null,
    "type" : "UXEVENT"
  },
  "sourceEventSysId" : null,
  "targets" : [ {
    "broker" : null,
    "clientScript" : null,
    "conditional" : null,
    "declarativeAction" : null,
    "event" : {
      "apiName" : "sn_canvas_core.NAV_ITEM_SELECTED",
      "payload" : {
        "type" : "MAP_CONTAINER",
        "container" : {
          "route" : {
            "type" : "EVENT_PAYLOAD_BINDING",
            "binding" : {
              "address" : [ "route" ]
            }
          },
          "fields" : {
            "type" : "EVENT_PAYLOAD_BINDING",
            "binding" : {
              "address" : [ "fields" ]
            }
          },
          "params" : {
            "type" : "EVENT_PAYLOAD_BINDING",
            "binding" : {
              "address" : [ "params" ]
            }
          },
          "redirect" : {
            "type" : "EVENT_PAYLOAD_BINDING",
            "binding" : {
              "address" : [ "redirect" ]
            }
          },
          "passiveNavigation" : {
            "type" : "EVENT_PAYLOAD_BINDING",
            "binding" : {
              "address" : [ "passiveNavigation" ]
            }
          },
          "title" : {
            "type" : "EVENT_PAYLOAD_BINDING",
            "binding" : {
              "address" : [ "title" ]
            }
          },
          "multiInstField" : {
            "type" : "EVENT_PAYLOAD_BINDING",
            "binding" : {
              "address" : [ "multiInstField" ]
            }
          },
          "targetRoute" : {
            "type" : "EVENT_PAYLOAD_BINDING",
            "binding" : {
              "address" : [ "targetRoute" ]
            }
          },
          "external" : {
            "type" : "EVENT_PAYLOAD_BINDING",
            "binding" : {
              "address" : [ "external" ]
            }
          }
        }
      },
      "sysId" : "8b82bf18e5276c8e423b6e4e0889b463"
    },
    "operation" : null,
    "targetId" : "ckhffjjisfyaaaabbnddhhhmsoffggkjjsjj",
    "type" : "EVENT"
  } ]
} ]</event_mappings>
        <macroponent display_value="Home">7d7643b44ebbb110bb520b8da6bfcb06</macroponent>
        <macroponent_config>{
  "sysId" : {
    "type" : "JSON_LITERAL",
    "value" : ""
  },
  "openInEditMode" : {
    "type" : "JSON_LITERAL",
    "value" : ""
  },
  "label" : {
    "type" : "TRANSLATION_LITERAL",
    "value" : {
      "code" : null,
      "message" : "",
      "comment" : ""
    }
  },
  "bare" : {
    "type" : "JSON_LITERAL",
    "value" : true
  },
  "scrollable" : {
    "type" : "JSON_LITERAL",
    "value" : "y"
  },
  "headerLevel" : {
    "type" : "JSON_LITERAL",
    "value" : "1"
  },
  "headingOnlyVisibleToScreenReaders" : {
    "type" : "JSON_LITERAL",
    "value" : false
  },
  "interceptNotifications" : {
    "type" : "JSON_LITERAL",
    "value" : false
  },
  "propagateNotifications" : {
    "type" : "JSON_LITERAL",
    "value" : false
  }
}</macroponent_config>
        <name>Home default</name>
        <order>0</order>
        <parent_macroponent display_value="Workspace App Shell">c276387cc331101080d6d3658940ddd2</parent_macroponent>
        <required_translations>[ ]</required_translations>
        <rollback_screen/>
        <screen_condition/>
        <screen_type display_value="Home">757643b4f4bbb1107707f1384405af0b</screen_type>
        <sys_class_name>sys_ux_screen</sys_class_name>
        <sys_created_by>admin</sys_created_by>
        <sys_created_on>2024-01-15 16:34:34</sys_created_on>
        <sys_domain>global</sys_domain>
        <sys_domain_path>/</sys_domain_path>
        <sys_id>bd7643b470bbb1107a6406a0fefd7a02</sys_id>
        <sys_mod_count>0</sys_mod_count>
        <sys_name>Home default</sys_name>
        <sys_overrides/>
        <sys_package display_value="Solicitação de Crédito" source="x_1174267_solici_0">20d0b15f4727311008334d05516d430e</sys_package>
        <sys_policy/>
        <sys_scope display_value="Solicitação de Crédito">20d0b15f4727311008334d05516d430e</sys_scope>
        <sys_update_name>sys_ux_screen_bd7643b470bbb1107a6406a0fefd7a02</sys_update_name>
        <sys_updated_by>admin</sys_updated_by>
        <sys_updated_on>2024-01-15 16:34:34</sys_updated_on>
    </sys_ux_screen>
    <sys_translated_text action="delete_multiple" query="documentkey=bd7643b470bbb1107a6406a0fefd7a02"/>
</record_update>
