<?xml version="1.0" encoding="UTF-8"?><record_update sys_domain="global" table="sys_ux_applicability">
    <sys_ux_applicability action="INSERT_OR_UPDATE">
        <active>true</active>
        <api_name>x_1174267_solici_0.Audience for app solicitao-de-crdito</api_name>
        <description/>
        <name>Audience for app solicitao-de-crdito</name>
        <roles>20d0b15f4727311008334d05516d4315,24d0b15f4727311008334d05516d4319</roles>
        <sys_class_name>sys_ux_applicability</sys_class_name>
        <sys_created_by>admin</sys_created_by>
        <sys_created_on>2024-01-15 16:34:37</sys_created_on>
        <sys_domain>global</sys_domain>
        <sys_domain_path>/</sys_domain_path>
        <sys_id>b27643b447bbb11008334d05516d43ee</sys_id>
        <sys_mod_count>0</sys_mod_count>
        <sys_name>Audience for app solicitao-de-crdito</sys_name>
        <sys_overrides/>
        <sys_package display_value="Solicitação de Crédito" source="x_1174267_solici_0">20d0b15f4727311008334d05516d430e</sys_package>
        <sys_policy/>
        <sys_scope display_value="Solicitação de Crédito">20d0b15f4727311008334d05516d430e</sys_scope>
        <sys_update_name>sys_ux_applicability_b27643b447bbb11008334d05516d43ee</sys_update_name>
        <sys_updated_by>admin</sys_updated_by>
        <sys_updated_on>2024-01-15 16:34:37</sys_updated_on>
    </sys_ux_applicability>
</record_update>
