<?xml version="1.0" encoding="UTF-8"?><record_update>
    <sys_ui_section caption="" section_id="466a26b8473bb11008334d05516d43c6" sys_domain="global" table="x_1174267_solici_0_auditoria" version="3" view="workspace-solicitação-de-crédito-workspace-0">
        <sys_ui_element action="INSERT_OR_UPDATE">
            <element>number</element>
            <position>0</position>
            <sys_created_by>admin</sys_created_by>
            <sys_created_on>2024-01-15 14:31:57</sys_created_on>
            <sys_id>4e6a26b8473bb11008334d05516d43c7</sys_id>
            <sys_mod_count>0</sys_mod_count>
            <sys_ui_formatter/>
            <sys_ui_section caption="NULL" display_value="" name="x_1174267_solici_0_auditoria" sys_domain="global" view="906aa2b8a93bb110cbeb07412c195fca">466a26b8473bb11008334d05516d43c6</sys_ui_section>
            <sys_updated_by>admin</sys_updated_by>
            <sys_updated_on>2024-01-15 14:31:57</sys_updated_on>
            <sys_user/>
            <type/>
        </sys_ui_element>
        <sys_ui_element action="INSERT_OR_UPDATE">
            <element>nome</element>
            <position>1</position>
            <sys_created_by>admin</sys_created_by>
            <sys_created_on>2024-01-15 14:31:57</sys_created_on>
            <sys_id>426a26b8473bb11008334d05516d43c8</sys_id>
            <sys_mod_count>0</sys_mod_count>
            <sys_ui_formatter/>
            <sys_ui_section caption="NULL" display_value="" name="x_1174267_solici_0_auditoria" sys_domain="global" view="906aa2b8a93bb110cbeb07412c195fca">466a26b8473bb11008334d05516d43c6</sys_ui_section>
            <sys_updated_by>admin</sys_updated_by>
            <sys_updated_on>2024-01-15 14:31:57</sys_updated_on>
            <sys_user/>
            <type/>
        </sys_ui_element>
        <sys_ui_element action="INSERT_OR_UPDATE">
            <element>valor_do_credito</element>
            <position>2</position>
            <sys_created_by>admin</sys_created_by>
            <sys_created_on>2024-01-15 14:31:57</sys_created_on>
            <sys_id>466a26b8473bb11008334d05516d43c7</sys_id>
            <sys_mod_count>0</sys_mod_count>
            <sys_ui_formatter/>
            <sys_ui_section caption="NULL" display_value="" name="x_1174267_solici_0_auditoria" sys_domain="global" view="906aa2b8a93bb110cbeb07412c195fca">466a26b8473bb11008334d05516d43c6</sys_ui_section>
            <sys_updated_by>admin</sys_updated_by>
            <sys_updated_on>2024-01-15 14:31:57</sys_updated_on>
            <sys_user/>
            <type/>
        </sys_ui_element>
        <sys_ui_element action="INSERT_OR_UPDATE">
            <element>quantidade_de_parcelas</element>
            <position>3</position>
            <sys_created_by>admin</sys_created_by>
            <sys_created_on>2024-01-15 14:31:57</sys_created_on>
            <sys_id>466a26b8473bb11008334d05516d43c8</sys_id>
            <sys_mod_count>0</sys_mod_count>
            <sys_ui_formatter/>
            <sys_ui_section caption="NULL" display_value="" name="x_1174267_solici_0_auditoria" sys_domain="global" view="906aa2b8a93bb110cbeb07412c195fca">466a26b8473bb11008334d05516d43c6</sys_ui_section>
            <sys_updated_by>admin</sys_updated_by>
            <sys_updated_on>2024-01-15 14:31:57</sys_updated_on>
            <sys_user/>
            <type/>
        </sys_ui_element>
        <sys_ui_element action="INSERT_OR_UPDATE">
            <element>solicitcao_de_credito</element>
            <position>4</position>
            <sys_created_by>admin</sys_created_by>
            <sys_created_on>2024-01-15 14:31:57</sys_created_on>
            <sys_id>4a6a26b8473bb11008334d05516d43c7</sys_id>
            <sys_mod_count>0</sys_mod_count>
            <sys_ui_formatter/>
            <sys_ui_section caption="NULL" display_value="" name="x_1174267_solici_0_auditoria" sys_domain="global" view="906aa2b8a93bb110cbeb07412c195fca">466a26b8473bb11008334d05516d43c6</sys_ui_section>
            <sys_updated_by>admin</sys_updated_by>
            <sys_updated_on>2024-01-15 14:31:57</sys_updated_on>
            <sys_user/>
            <type/>
        </sys_ui_element>
        <sys_ui_section action="INSERT_OR_UPDATE">
            <caption/>
            <header>false</header>
            <name>x_1174267_solici_0_auditoria</name>
            <roles/>
            <sys_class_name>sys_ui_section</sys_class_name>
            <sys_created_by>admin</sys_created_by>
            <sys_created_on>2024-01-15 14:31:57</sys_created_on>
            <sys_domain>global</sys_domain>
            <sys_domain_path>/</sys_domain_path>
            <sys_id>466a26b8473bb11008334d05516d43c6</sys_id>
            <sys_mod_count>0</sys_mod_count>
            <sys_name>x_1174267_solici_0_auditoria</sys_name>
            <sys_overrides/>
            <sys_package display_value="Solicitação de Crédito" source="x_1174267_solici_0">20d0b15f4727311008334d05516d430e</sys_package>
            <sys_policy/>
            <sys_scope display_value="Solicitação de Crédito">20d0b15f4727311008334d05516d430e</sys_scope>
            <sys_update_name>sys_ui_section_466a26b8473bb11008334d05516d43c6</sys_update_name>
            <sys_updated_by>admin</sys_updated_by>
            <sys_updated_on>2024-01-15 14:31:57</sys_updated_on>
            <sys_user/>
            <title>true</title>
            <view display_value="Workspace Solicitação de Crédito Workspace 0" name="workspace-solicitação-de-crédito-workspace-0">906aa2b8a93bb110cbeb07412c195fca</view>
            <view_name/>
        </sys_ui_section>
    </sys_ui_section>
</record_update>
