<?xml version="1.0" encoding="UTF-8"?><record_update sys_domain="global" table="sys_ux_screen">
    <sys_ux_screen action="INSERT_OR_UPDATE">
        <active>true</active>
        <app_config display_value="Solicitação de Crédito Workspace Config">146aa2b8f83bb110d3475b58ef9a5ee1</app_config>
        <description/>
        <event_mappings/>
        <macroponent display_value="Workspace notification">2683731bb7fa5010fddc6c91de11a93c</macroponent>
        <macroponent_config/>
        <name>Notification tray default</name>
        <order>0</order>
        <parent_macroponent display_value="Workspace App Shell">c276387cc331101080d6d3658940ddd2</parent_macroponent>
        <required_translations>[]</required_translations>
        <rollback_screen/>
        <screen_condition/>
        <screen_type display_value="Notification tray">1c6aa2b8b43bb110940cbf7a5a05f6c9</screen_type>
        <sys_class_name>sys_ux_screen</sys_class_name>
        <sys_created_by>admin</sys_created_by>
        <sys_created_on>2024-01-15 14:31:50</sys_created_on>
        <sys_domain>global</sys_domain>
        <sys_domain_path>/</sys_domain_path>
        <sys_id>d46aa2b8f13bb1109e44a122e4009fbf</sys_id>
        <sys_mod_count>0</sys_mod_count>
        <sys_name>Notification tray default</sys_name>
        <sys_overrides/>
        <sys_package display_value="Solicitação de Crédito" source="x_1174267_solici_0">20d0b15f4727311008334d05516d430e</sys_package>
        <sys_policy/>
        <sys_scope display_value="Solicitação de Crédito">20d0b15f4727311008334d05516d430e</sys_scope>
        <sys_update_name>sys_ux_screen_d46aa2b8f13bb1109e44a122e4009fbf</sys_update_name>
        <sys_updated_by>admin</sys_updated_by>
        <sys_updated_on>2024-01-15 14:31:50</sys_updated_on>
    </sys_ux_screen>
    <sys_translated_text action="delete_multiple" query="documentkey=d46aa2b8f13bb1109e44a122e4009fbf"/>
</record_update>
