<?xml version="1.0" encoding="UTF-8"?><record_update>
    <sys_ui_list parent="" relationship="" sys_domain="global" table="x_1174267_solici_0_solicitacoesdecredito" version="2" view="workspace-solicitação-de-crédito-workspace-0">
        <sys_ui_list_element action="INSERT_OR_UPDATE">
            <average_value>false</average_value>
            <element>number</element>
            <list_id display_value="x_1174267_solici_0_solicitacoesdecredito" element="NULL" name="x_1174267_solici_0_solicitacoesdecredito" parent="NULL" relationship="NULL" sys_domain="global" view="906aa2b8a93bb110cbeb07412c195fca">026a66b8473bb11008334d05516d4389</list_id>
            <max_value>false</max_value>
            <min_value>false</min_value>
            <position>0</position>
            <sum>false</sum>
            <sys_created_by>admin</sys_created_by>
            <sys_created_on>2024-01-15 14:31:57</sys_created_on>
            <sys_id>ca6a66b8473bb11008334d05516d438a</sys_id>
            <sys_mod_count>0</sys_mod_count>
            <sys_updated_by>admin</sys_updated_by>
            <sys_updated_on>2024-01-15 14:31:57</sys_updated_on>
        </sys_ui_list_element>
        <sys_ui_list_element action="INSERT_OR_UPDATE">
            <average_value>false</average_value>
            <element>nome</element>
            <list_id display_value="x_1174267_solici_0_solicitacoesdecredito" element="NULL" name="x_1174267_solici_0_solicitacoesdecredito" parent="NULL" relationship="NULL" sys_domain="global" view="906aa2b8a93bb110cbeb07412c195fca">026a66b8473bb11008334d05516d4389</list_id>
            <max_value>false</max_value>
            <min_value>false</min_value>
            <position>1</position>
            <sum>false</sum>
            <sys_created_by>admin</sys_created_by>
            <sys_created_on>2024-01-15 14:31:57</sys_created_on>
            <sys_id>066a66b8473bb11008334d05516d438b</sys_id>
            <sys_mod_count>0</sys_mod_count>
            <sys_updated_by>admin</sys_updated_by>
            <sys_updated_on>2024-01-15 14:31:57</sys_updated_on>
        </sys_ui_list_element>
        <sys_ui_list_element action="INSERT_OR_UPDATE">
            <average_value>false</average_value>
            <element>cpf</element>
            <list_id display_value="x_1174267_solici_0_solicitacoesdecredito" element="NULL" name="x_1174267_solici_0_solicitacoesdecredito" parent="NULL" relationship="NULL" sys_domain="global" view="906aa2b8a93bb110cbeb07412c195fca">026a66b8473bb11008334d05516d4389</list_id>
            <max_value>false</max_value>
            <min_value>false</min_value>
            <position>2</position>
            <sum>false</sum>
            <sys_created_by>admin</sys_created_by>
            <sys_created_on>2024-01-15 14:31:57</sys_created_on>
            <sys_id>0a6a66b8473bb11008334d05516d438b</sys_id>
            <sys_mod_count>0</sys_mod_count>
            <sys_updated_by>admin</sys_updated_by>
            <sys_updated_on>2024-01-15 14:31:57</sys_updated_on>
        </sys_ui_list_element>
        <sys_ui_list_element action="INSERT_OR_UPDATE">
            <average_value>false</average_value>
            <element>rg</element>
            <list_id display_value="x_1174267_solici_0_solicitacoesdecredito" element="NULL" name="x_1174267_solici_0_solicitacoesdecredito" parent="NULL" relationship="NULL" sys_domain="global" view="906aa2b8a93bb110cbeb07412c195fca">026a66b8473bb11008334d05516d4389</list_id>
            <max_value>false</max_value>
            <min_value>false</min_value>
            <position>3</position>
            <sum>false</sum>
            <sys_created_by>admin</sys_created_by>
            <sys_created_on>2024-01-15 14:31:57</sys_created_on>
            <sys_id>0e6a66b8473bb11008334d05516d438b</sys_id>
            <sys_mod_count>0</sys_mod_count>
            <sys_updated_by>admin</sys_updated_by>
            <sys_updated_on>2024-01-15 14:31:57</sys_updated_on>
        </sys_ui_list_element>
        <sys_ui_list_element action="INSERT_OR_UPDATE">
            <average_value>false</average_value>
            <element>agencia</element>
            <list_id display_value="x_1174267_solici_0_solicitacoesdecredito" element="NULL" name="x_1174267_solici_0_solicitacoesdecredito" parent="NULL" relationship="NULL" sys_domain="global" view="906aa2b8a93bb110cbeb07412c195fca">026a66b8473bb11008334d05516d4389</list_id>
            <max_value>false</max_value>
            <min_value>false</min_value>
            <position>4</position>
            <sum>false</sum>
            <sys_created_by>admin</sys_created_by>
            <sys_created_on>2024-01-15 14:31:57</sys_created_on>
            <sys_id>026a66b8473bb11008334d05516d438c</sys_id>
            <sys_mod_count>0</sys_mod_count>
            <sys_updated_by>admin</sys_updated_by>
            <sys_updated_on>2024-01-15 14:31:57</sys_updated_on>
        </sys_ui_list_element>
        <sys_ui_list_element action="INSERT_OR_UPDATE">
            <average_value>false</average_value>
            <element>conta_corrente</element>
            <list_id display_value="x_1174267_solici_0_solicitacoesdecredito" element="NULL" name="x_1174267_solici_0_solicitacoesdecredito" parent="NULL" relationship="NULL" sys_domain="global" view="906aa2b8a93bb110cbeb07412c195fca">026a66b8473bb11008334d05516d4389</list_id>
            <max_value>false</max_value>
            <min_value>false</min_value>
            <position>5</position>
            <sum>false</sum>
            <sys_created_by>admin</sys_created_by>
            <sys_created_on>2024-01-15 14:31:57</sys_created_on>
            <sys_id>066a66b8473bb11008334d05516d438c</sys_id>
            <sys_mod_count>0</sys_mod_count>
            <sys_updated_by>admin</sys_updated_by>
            <sys_updated_on>2024-01-15 14:31:57</sys_updated_on>
        </sys_ui_list_element>
        <sys_ui_list_element action="INSERT_OR_UPDATE">
            <average_value>false</average_value>
            <element>email</element>
            <list_id display_value="x_1174267_solici_0_solicitacoesdecredito" element="NULL" name="x_1174267_solici_0_solicitacoesdecredito" parent="NULL" relationship="NULL" sys_domain="global" view="906aa2b8a93bb110cbeb07412c195fca">026a66b8473bb11008334d05516d4389</list_id>
            <max_value>false</max_value>
            <min_value>false</min_value>
            <position>6</position>
            <sum>false</sum>
            <sys_created_by>admin</sys_created_by>
            <sys_created_on>2024-01-15 14:31:57</sys_created_on>
            <sys_id>0a6a66b8473bb11008334d05516d438c</sys_id>
            <sys_mod_count>0</sys_mod_count>
            <sys_updated_by>admin</sys_updated_by>
            <sys_updated_on>2024-01-15 14:31:57</sys_updated_on>
        </sys_ui_list_element>
        <sys_ui_list_element action="INSERT_OR_UPDATE">
            <average_value>false</average_value>
            <element>parcelas</element>
            <list_id display_value="x_1174267_solici_0_solicitacoesdecredito" element="NULL" name="x_1174267_solici_0_solicitacoesdecredito" parent="NULL" relationship="NULL" sys_domain="global" view="906aa2b8a93bb110cbeb07412c195fca">026a66b8473bb11008334d05516d4389</list_id>
            <max_value>false</max_value>
            <min_value>false</min_value>
            <position>7</position>
            <sum>false</sum>
            <sys_created_by>admin</sys_created_by>
            <sys_created_on>2024-01-15 14:31:57</sys_created_on>
            <sys_id>0e6a66b8473bb11008334d05516d438c</sys_id>
            <sys_mod_count>0</sys_mod_count>
            <sys_updated_by>admin</sys_updated_by>
            <sys_updated_on>2024-01-15 14:31:57</sys_updated_on>
        </sys_ui_list_element>
        <sys_ui_list_element action="INSERT_OR_UPDATE">
            <average_value>false</average_value>
            <element>sexo</element>
            <list_id display_value="x_1174267_solici_0_solicitacoesdecredito" element="NULL" name="x_1174267_solici_0_solicitacoesdecredito" parent="NULL" relationship="NULL" sys_domain="global" view="906aa2b8a93bb110cbeb07412c195fca">026a66b8473bb11008334d05516d4389</list_id>
            <max_value>false</max_value>
            <min_value>false</min_value>
            <position>8</position>
            <sum>false</sum>
            <sys_created_by>admin</sys_created_by>
            <sys_created_on>2024-01-15 14:31:57</sys_created_on>
            <sys_id>026a66b8473bb11008334d05516d438d</sys_id>
            <sys_mod_count>0</sys_mod_count>
            <sys_updated_by>admin</sys_updated_by>
            <sys_updated_on>2024-01-15 14:31:57</sys_updated_on>
        </sys_ui_list_element>
        <sys_ui_list_element action="INSERT_OR_UPDATE">
            <average_value>false</average_value>
            <element>telefone</element>
            <list_id display_value="x_1174267_solici_0_solicitacoesdecredito" element="NULL" name="x_1174267_solici_0_solicitacoesdecredito" parent="NULL" relationship="NULL" sys_domain="global" view="906aa2b8a93bb110cbeb07412c195fca">026a66b8473bb11008334d05516d4389</list_id>
            <max_value>false</max_value>
            <min_value>false</min_value>
            <position>9</position>
            <sum>false</sum>
            <sys_created_by>admin</sys_created_by>
            <sys_created_on>2024-01-15 14:31:57</sys_created_on>
            <sys_id>066a66b8473bb11008334d05516d438d</sys_id>
            <sys_mod_count>0</sys_mod_count>
            <sys_updated_by>admin</sys_updated_by>
            <sys_updated_on>2024-01-15 14:31:57</sys_updated_on>
        </sys_ui_list_element>
        <sys_ui_list_element action="INSERT_OR_UPDATE">
            <average_value>false</average_value>
            <element>priority</element>
            <list_id display_value="x_1174267_solici_0_solicitacoesdecredito" element="NULL" name="x_1174267_solici_0_solicitacoesdecredito" parent="NULL" relationship="NULL" sys_domain="global" view="906aa2b8a93bb110cbeb07412c195fca">026a66b8473bb11008334d05516d4389</list_id>
            <max_value>false</max_value>
            <min_value>false</min_value>
            <position>10</position>
            <sum>false</sum>
            <sys_created_by>admin</sys_created_by>
            <sys_created_on>2024-01-15 14:31:57</sys_created_on>
            <sys_id>0a6a66b8473bb11008334d05516d438d</sys_id>
            <sys_mod_count>0</sys_mod_count>
            <sys_updated_by>admin</sys_updated_by>
            <sys_updated_on>2024-01-15 14:31:57</sys_updated_on>
        </sys_ui_list_element>
        <sys_ui_list_element action="INSERT_OR_UPDATE">
            <average_value>false</average_value>
            <element>state</element>
            <list_id display_value="x_1174267_solici_0_solicitacoesdecredito" element="NULL" name="x_1174267_solici_0_solicitacoesdecredito" parent="NULL" relationship="NULL" sys_domain="global" view="906aa2b8a93bb110cbeb07412c195fca">026a66b8473bb11008334d05516d4389</list_id>
            <max_value>false</max_value>
            <min_value>false</min_value>
            <position>11</position>
            <sum>false</sum>
            <sys_created_by>admin</sys_created_by>
            <sys_created_on>2024-01-15 14:31:57</sys_created_on>
            <sys_id>0e6a66b8473bb11008334d05516d438d</sys_id>
            <sys_mod_count>0</sys_mod_count>
            <sys_updated_by>admin</sys_updated_by>
            <sys_updated_on>2024-01-15 14:31:57</sys_updated_on>
        </sys_ui_list_element>
        <sys_ui_list_element action="INSERT_OR_UPDATE">
            <average_value>false</average_value>
            <element>assigned_to</element>
            <list_id display_value="x_1174267_solici_0_solicitacoesdecredito" element="NULL" name="x_1174267_solici_0_solicitacoesdecredito" parent="NULL" relationship="NULL" sys_domain="global" view="906aa2b8a93bb110cbeb07412c195fca">026a66b8473bb11008334d05516d4389</list_id>
            <max_value>false</max_value>
            <min_value>false</min_value>
            <position>12</position>
            <sum>false</sum>
            <sys_created_by>admin</sys_created_by>
            <sys_created_on>2024-01-15 14:31:57</sys_created_on>
            <sys_id>026a66b8473bb11008334d05516d438e</sys_id>
            <sys_mod_count>0</sys_mod_count>
            <sys_updated_by>admin</sys_updated_by>
            <sys_updated_on>2024-01-15 14:31:57</sys_updated_on>
        </sys_ui_list_element>
        <sys_ui_list_element action="INSERT_OR_UPDATE">
            <average_value>false</average_value>
            <element>short_description</element>
            <list_id display_value="x_1174267_solici_0_solicitacoesdecredito" element="NULL" name="x_1174267_solici_0_solicitacoesdecredito" parent="NULL" relationship="NULL" sys_domain="global" view="906aa2b8a93bb110cbeb07412c195fca">026a66b8473bb11008334d05516d4389</list_id>
            <max_value>false</max_value>
            <min_value>false</min_value>
            <position>13</position>
            <sum>false</sum>
            <sys_created_by>admin</sys_created_by>
            <sys_created_on>2024-01-15 14:31:57</sys_created_on>
            <sys_id>066a66b8473bb11008334d05516d438e</sys_id>
            <sys_mod_count>0</sys_mod_count>
            <sys_updated_by>admin</sys_updated_by>
            <sys_updated_on>2024-01-15 14:31:57</sys_updated_on>
        </sys_ui_list_element>
        <sys_ui_list_element action="INSERT_OR_UPDATE">
            <average_value>false</average_value>
            <element>sys_class_name</element>
            <list_id display_value="x_1174267_solici_0_solicitacoesdecredito" element="NULL" name="x_1174267_solici_0_solicitacoesdecredito" parent="NULL" relationship="NULL" sys_domain="global" view="906aa2b8a93bb110cbeb07412c195fca">026a66b8473bb11008334d05516d4389</list_id>
            <max_value>false</max_value>
            <min_value>false</min_value>
            <position>14</position>
            <sum>false</sum>
            <sys_created_by>admin</sys_created_by>
            <sys_created_on>2024-01-15 14:31:57</sys_created_on>
            <sys_id>0a6a66b8473bb11008334d05516d438e</sys_id>
            <sys_mod_count>0</sys_mod_count>
            <sys_updated_by>admin</sys_updated_by>
            <sys_updated_on>2024-01-15 14:31:57</sys_updated_on>
        </sys_ui_list_element>
        <sys_ui_list action="INSERT_OR_UPDATE">
            <average_value>false</average_value>
            <element/>
            <max_value>false</max_value>
            <min_value>false</min_value>
            <name>x_1174267_solici_0_solicitacoesdecredito</name>
            <parent/>
            <position/>
            <relationship/>
            <sum>false</sum>
            <sys_class_name>sys_ui_list</sys_class_name>
            <sys_created_by>admin</sys_created_by>
            <sys_created_on>2024-01-15 14:31:57</sys_created_on>
            <sys_domain>global</sys_domain>
            <sys_domain_path>/</sys_domain_path>
            <sys_id>026a66b8473bb11008334d05516d4389</sys_id>
            <sys_mod_count>0</sys_mod_count>
            <sys_name>x_1174267_solici_0_solicitacoesdecredito</sys_name>
            <sys_package display_value="Solicitação de Crédito" source="x_1174267_solici_0">20d0b15f4727311008334d05516d430e</sys_package>
            <sys_policy/>
            <sys_scope display_value="Solicitação de Crédito">20d0b15f4727311008334d05516d430e</sys_scope>
            <sys_update_name>sys_ui_list_x_1174267_solici_0_solicitacoesdecredito_Workspace-x_1174267_solici_0-0</sys_update_name>
            <sys_updated_by>admin</sys_updated_by>
            <sys_updated_on>2024-01-15 14:31:57</sys_updated_on>
            <sys_user/>
            <view display_value="Workspace Solicitação de Crédito Workspace 0" name="workspace-solicitação-de-crédito-workspace-0">906aa2b8a93bb110cbeb07412c195fca</view>
            <view_name/>
        </sys_ui_list>
    </sys_ui_list>
</record_update>
