<?xml version="1.0" encoding="UTF-8"?><record_update table="sys_number">
    <sys_number action="INSERT_OR_UPDATE">
        <category display_value="" name="x_1174267_solici_0_solicitacoesdecredito">x_1174267_solici_0_solicitacoesdecredito</category>
        <maximum_digits>7</maximum_digits>
        <number>1000</number>
        <prefix>CRED</prefix>
        <sys_class_name>sys_number</sys_class_name>
        <sys_created_by>admin</sys_created_by>
        <sys_created_on>2024-01-10 18:31:26</sys_created_on>
        <sys_id>9941795f4727311008334d05516d43f0</sys_id>
        <sys_mod_count>0</sys_mod_count>
        <sys_name>CRED</sys_name>
        <sys_package display_value="Solicitação de Crédito" source="x_1174267_solici_0">20d0b15f4727311008334d05516d430e</sys_package>
        <sys_policy/>
        <sys_scope display_value="Solicitação de Crédito">20d0b15f4727311008334d05516d430e</sys_scope>
        <sys_update_name>sys_number_9941795f4727311008334d05516d43f0</sys_update_name>
        <sys_updated_by>admin</sys_updated_by>
        <sys_updated_on>2024-01-10 18:31:26</sys_updated_on>
    </sys_number>
</record_update>
