<?xml version="1.0" encoding="UTF-8"?><record_update table="sys_package_dependency_m2m">
    <sys_package_dependency_m2m action="INSERT_OR_UPDATE">
        <dependency display_value="Task table schema" source="com.glide.task">8f8574397d31311076daf29f52070d14</dependency>
        <min_version>1.0.0</min_version>
        <sys_created_by>admin</sys_created_by>
        <sys_created_on>2024-01-10 18:31:25</sys_created_on>
        <sys_id>5941795f4727311008334d05516d43df</sys_id>
        <sys_mod_count>0</sys_mod_count>
        <sys_package display_value="Solicitação de Crédito" source="x_1174267_solici_0">20d0b15f4727311008334d05516d430e</sys_package>
        <sys_updated_by>admin</sys_updated_by>
        <sys_updated_on>2024-01-10 18:31:25</sys_updated_on>
    </sys_package_dependency_m2m>
</record_update>
