<?xml version="1.0" encoding="UTF-8"?><record_update table="sys_security_acl_role">
    <sys_security_acl_role action="INSERT_OR_UPDATE">
        <sys_class_name>sys_security_acl_role</sys_class_name>
        <sys_created_by>admin</sys_created_by>
        <sys_created_on>2024-01-15 16:34:38</sys_created_on>
        <sys_id>0b7683b447bbb11008334d05516d436c</sys_id>
        <sys_mod_count>0</sys_mod_count>
        <sys_name>x.1174267.solicitao-de-crdito.*.x_1174267_solici_0.user</sys_name>
        <sys_package display_value="Solicitação de Crédito" source="x_1174267_solici_0">20d0b15f4727311008334d05516d430e</sys_package>
        <sys_policy/>
        <sys_scope display_value="Solicitação de Crédito">20d0b15f4727311008334d05516d430e</sys_scope>
        <sys_security_acl display_value="x.1174267.solicitao-de-crdito.*">b97643b456bbb1107d8902211a21e60c</sys_security_acl>
        <sys_update_name>sys_security_acl_role_0b7683b447bbb11008334d05516d436c</sys_update_name>
        <sys_updated_by>admin</sys_updated_by>
        <sys_updated_on>2024-01-15 16:34:38</sys_updated_on>
        <sys_user_role display_value="x_1174267_solici_0.user" name="x_1174267_solici_0.user">24d0b15f4727311008334d05516d4319</sys_user_role>
        <transaction_id/>
    </sys_security_acl_role>
</record_update>
