<?xml version="1.0" encoding="UTF-8"?><record_update sys_domain="global" table="sys_hub_action_type_definition">
    <sys_hub_action_type_definition action="INSERT_OR_UPDATE">
        <access>public</access>
        <acls/>
        <action_status/>
        <action_template/>
        <active>true</active>
        <annotation/>
        <callable_by_client_api>false</callable_by_client_api>
        <category/>
        <compiler_build/>
        <copied_from/>
        <copied_from_name/>
        <description/>
        <ih_action>false</ih_action>
        <internal_name>sendmail</internal_name>
        <label_cache/>
        <latest_snapshot/>
        <master_snapshot/>
        <name>sendmail</name>
        <natlang/>
        <outputs/>
        <pre_compiled>false</pre_compiled>
        <state>draft</state>
        <sys_class_name>sys_hub_action_type_definition</sys_class_name>
        <sys_created_by>admin</sys_created_by>
        <sys_created_on>2024-01-11 00:56:56</sys_created_on>
        <sys_domain>global</sys_domain>
        <sys_domain_path>/</sys_domain_path>
        <sys_id>948903d347eb311008334d05516d4390</sys_id>
        <sys_mod_count>0</sys_mod_count>
        <sys_name>sendmail</sys_name>
        <sys_overrides/>
        <sys_package display_value="Solicitação de Crédito" source="x_1174267_solici_0">20d0b15f4727311008334d05516d430e</sys_package>
        <sys_policy/>
        <sys_scope display_value="Solicitação de Crédito">20d0b15f4727311008334d05516d430e</sys_scope>
        <sys_update_name>sys_hub_action_type_definition_948903d347eb311008334d05516d4390</sys_update_name>
        <sys_updated_by>admin</sys_updated_by>
        <sys_updated_on>2024-01-11 00:56:56</sys_updated_on>
        <system_level>false</system_level>
        <type/>
    </sys_hub_action_type_definition>
    <sys_translated_text action="delete_multiple" query="documentkey=948903d347eb311008334d05516d4390"/>
    <sys_variable_value action="delete_multiple" query="document_key=948903d347eb311008334d05516d4390"/>
    <sys_hub_step_instance action="delete_multiple" query="action=948903d347eb311008334d05516d4390"/>
    <sys_hub_action_input action="delete_multiple" query="model=948903d347eb311008334d05516d4390"/>
    <sys_hub_action_output action="delete_multiple" query="model=948903d347eb311008334d05516d4390"/>
    <sys_hub_pill_compound action="delete_multiple" query="attached_to=948903d347eb311008334d05516d4390"/>
    <sys_hub_action_status_metadata action="delete_multiple" query="action_type_id=948903d347eb311008334d05516d4390"/>
    <sys_documentation action="delete_multiple" query="name=var__m_sys_hub_action_input_948903d347eb311008334d05516d4390"/>
    <sys_choice action="delete_multiple" query="name=var__m_sys_hub_action_input_948903d347eb311008334d05516d4390"/>
    <sys_documentation action="delete_multiple" query="name=var__m_sys_hub_action_output_948903d347eb311008334d05516d4390"/>
    <sys_choice action="delete_multiple" query="name=var__m_sys_hub_action_output_948903d347eb311008334d05516d4390"/>
    <sys_hub_action_plan action="delete_multiple" query="action_id=948903d347eb311008334d05516d4390"/>
</record_update>
