<?xml version="1.0" encoding="UTF-8"?><record_update table="sys_kmf_crypto_caller_policy">
    <sys_kmf_crypto_caller_policy action="INSERT_OR_UPDATE">
        <active>true</active>
        <approval_type/>
        <check_script_hash>false</check_script_hash>
        <crypto_module display_value="com_snc_core_automation_connection_credential_glideencrypter">550cd0b07722201099808d1168106121</crypto_module>
        <crypto_spec display_value="com_snc_core_automation_connection_credential_glideencrypter --- Symmetric Key Wrapping/Unwrapping">110cd0b07722201099808d1168106123</crypto_spec>
        <granular_operation/>
        <identity_group_alias/>
        <impersonation>false</impersonation>
        <instance_recipient/>
        <owner>811543badb26799005ef1729139619f6</owner>
        <policy_name>AutoGen-scope-x_1174267_solici_0-global.com_snc_core_automation_connection_credential_glideencrypter</policy_name>
        <result>track</result>
        <script_hash/>
        <script_table/>
        <signature_data/>
        <specify_purpose>false</specify_purpose>
        <sys_class_name>sys_kmf_crypto_caller_policy</sys_class_name>
        <sys_created_by>admin</sys_created_by>
        <sys_created_on>2024-01-10 23:20:39</sys_created_on>
        <sys_id>3973f2d7476b311008334d05516d43a8</sys_id>
        <sys_mod_count>0</sys_mod_count>
        <sys_name/>
        <sys_package display_value="Solicitação de Crédito" source="x_1174267_solici_0">20d0b15f4727311008334d05516d430e</sys_package>
        <sys_policy/>
        <sys_scope display_value="Solicitação de Crédito">20d0b15f4727311008334d05516d430e</sys_scope>
        <sys_update_name>sys_kmf_crypto_caller_policy_3973f2d7476b311008334d05516d43a8</sys_update_name>
        <sys_updated_by>admin</sys_updated_by>
        <sys_updated_on>2024-01-10 23:20:39</sys_updated_on>
        <target_role/>
        <target_scope display_value="Solicitação de Crédito">20d0b15f4727311008334d05516d430e</target_scope>
        <target_script/>
        <type>3</type>
        <used>false</used>
    </sys_kmf_crypto_caller_policy>
</record_update>
