<?xml version="1.0" encoding="UTF-8"?><record_update table="sys_rest_message_fn">
    <sys_rest_message_fn action="INSERT_OR_UPDATE">
        <authentication_type>inherit_from_parent</authentication_type>
        <basic_auth_password/>
        <basic_auth_profile/>
        <basic_auth_user/>
        <content>{&#13;
        body: 'Your appointment is coming up on July 21 at 3PM',&#13;
        from: 'whatsapp:+14155238886',&#13;
        to: 'whatsapp:+558888962662'&#13;
    }</content>
        <function_name>Default POST</function_name>
        <http_method>post</http_method>
        <lock>false</lock>
        <oauth2_profile/>
        <protocol_name/>
        <qualified_name>APITWILIOWHATS [ Default POST ]</qualified_name>
        <rest_endpoint>https://api.twilio.com/2010-04-01/Accounts/ACcf66dd3cb4fefbdf0151f67084692f42/Messages.json</rest_endpoint>
        <rest_message display_value="APITWILIOWHATS">71ec9faa4700021008334d05516d436a</rest_message>
        <sys_class_name>sys_rest_message_fn</sys_class_name>
        <sys_created_by>admin</sys_created_by>
        <sys_created_on>2024-02-02 14:59:10</sys_created_on>
        <sys_id>404d1fea4700021008334d05516d432c</sys_id>
        <sys_mod_count>3</sys_mod_count>
        <sys_name>Default POST</sys_name>
        <sys_package display_value="Solicitação de Crédito" source="x_1174267_solici_0">20d0b15f4727311008334d05516d430e</sys_package>
        <sys_policy/>
        <sys_scope display_value="Solicitação de Crédito">20d0b15f4727311008334d05516d430e</sys_scope>
        <sys_update_name>sys_rest_message_fn_404d1fea4700021008334d05516d432c</sys_update_name>
        <sys_updated_by>admin</sys_updated_by>
        <sys_updated_on>2024-02-02 15:05:26</sys_updated_on>
        <use_basic_auth>false</use_basic_auth>
        <use_mid_server/>
        <use_mutual_auth>false</use_mutual_auth>
    </sys_rest_message_fn>
</record_update>
