<?xml version="1.0" encoding="UTF-8"?><record_update table="sys_ux_event">
    <sys_ux_event action="INSERT_OR_UPDATE">
        <description/>
        <event_name>NAV_ITEM_SELECTED_RELAY_186aa2b84e3bb110e19d7eae2eb034c4</event_name>
        <explicit_api_name/>
        <interfaces/>
        <label>Link to destination Relay (New Home default)</label>
        <props>[{"name":"route","fieldType":"string","interfaceApiName":"global.route","label":"Route type"},{"name":"fields","fieldType":"json","interfaceApiName":"global.route","label":"Route fields"},{"name":"params","fieldType":"json","interfaceApiName":"global.route","label":"Optionals parameters"},{"name":"redirect","fieldType":"boolean","interfaceApiName":null,"label":"Remove previous URL from browser history"},{"name":"passiveNavigation","fieldType":"boolean","interfaceApiName":null,"label":"Load in background (advanced)"},{"name":"title","fieldType":"string","interfaceApiName":null,"label":"Title (advanced)"},{"name":"multiInstField","fieldType":"string","interfaceApiName":null,"label":"Multi-instance field (advanced)"},{"name":"targetRoute","fieldType":"string","interfaceApiName":null,"label":"Sub-navigation route (advanced)"},{"name":"external","fieldType":"json","interfaceApiName":"global.route","label":"External URL object"}]</props>
        <required_translations/>
        <schema_version>1.0.0</schema_version>
        <sys_class_name>sys_ux_event</sys_class_name>
        <sys_created_by>admin</sys_created_by>
        <sys_created_on>2024-01-15 14:31:51</sys_created_on>
        <sys_id>d86aa2b8b83bb110302c7a639e37a3c4</sys_id>
        <sys_mod_count>0</sys_mod_count>
        <sys_name>Link to destination Relay (New Home default)</sys_name>
        <sys_package display_value="Solicitação de Crédito" source="x_1174267_solici_0">20d0b15f4727311008334d05516d430e</sys_package>
        <sys_policy/>
        <sys_scope display_value="Solicitação de Crédito">20d0b15f4727311008334d05516d430e</sys_scope>
        <sys_update_name>sys_ux_event_d86aa2b8b83bb110302c7a639e37a3c4</sys_update_name>
        <sys_updated_by>admin</sys_updated_by>
        <sys_updated_on>2024-01-15 14:31:51</sys_updated_on>
    </sys_ux_event>
    <sys_translated_text action="delete_multiple" query="documentkey=d86aa2b8b83bb110302c7a639e37a3c4"/>
</record_update>
