<?xml version="1.0" encoding="UTF-8"?><record_update table="sys_rest_message">
    <sys_rest_message action="INSERT_OR_UPDATE">
        <access>package_private</access>
        <authentication_type>basic</authentication_type>
        <basic_auth_password/>
        <basic_auth_profile display_value="Twilio Credentials">05fd1b2e4700021008334d05516d4311</basic_auth_profile>
        <basic_auth_user/>
        <description/>
        <name>APITWILIOWHATS</name>
        <oauth2_profile/>
        <protocol_name/>
        <rest_endpoint>https://api.twilio.com/2010-04-01/Accounts/ACcf66dd3cb4fefbdf0151f67084692f42/Messages.json</rest_endpoint>
        <sys_class_name>sys_rest_message</sys_class_name>
        <sys_created_by>admin</sys_created_by>
        <sys_created_on>2024-02-02 14:59:10</sys_created_on>
        <sys_id>71ec9faa4700021008334d05516d436a</sys_id>
        <sys_mod_count>1</sys_mod_count>
        <sys_name>APITWILIOWHATS</sys_name>
        <sys_package display_value="Solicitação de Crédito" source="x_1174267_solici_0">20d0b15f4727311008334d05516d430e</sys_package>
        <sys_policy/>
        <sys_scope display_value="Solicitação de Crédito">20d0b15f4727311008334d05516d430e</sys_scope>
        <sys_update_name>sys_rest_message_71ec9faa4700021008334d05516d436a</sys_update_name>
        <sys_updated_by>admin</sys_updated_by>
        <sys_updated_on>2024-02-02 15:02:53</sys_updated_on>
        <use_basic_auth>false</use_basic_auth>
        <use_mutual_auth>false</use_mutual_auth>
    </sys_rest_message>
</record_update>
