<?xml version="1.0" encoding="UTF-8"?><record_update table="sys_ux_applicability_m2m_list">
    <sys_ux_applicability_m2m_list action="INSERT_OR_UPDATE">
        <active>true</active>
        <applicability display_value="Audience for app solicitao-de-crdito">b27643b447bbb11008334d05516d43ee</applicability>
        <list display_value="Open">877683b447bbb11008334d05516d435c</list>
        <order>100</order>
        <sys_class_name>sys_ux_applicability_m2m_list</sys_class_name>
        <sys_created_by>admin</sys_created_by>
        <sys_created_on>2024-01-15 16:34:38</sys_created_on>
        <sys_id>c77683b447bbb11008334d05516d435e</sys_id>
        <sys_mod_count>0</sys_mod_count>
        <sys_name/>
        <sys_package display_value="Solicitação de Crédito" source="x_1174267_solici_0">20d0b15f4727311008334d05516d430e</sys_package>
        <sys_policy/>
        <sys_scope display_value="Solicitação de Crédito">20d0b15f4727311008334d05516d430e</sys_scope>
        <sys_update_name>sys_ux_applicability_m2m_list_c77683b447bbb11008334d05516d435e</sys_update_name>
        <sys_updated_by>admin</sys_updated_by>
        <sys_updated_on>2024-01-15 16:34:38</sys_updated_on>
    </sys_ux_applicability_m2m_list>
</record_update>
