<?xml version="1.0" encoding="UTF-8"?><record_update table="sys_rest_message_fn_param_defs">
    <sys_rest_message_fn_param_defs action="INSERT_OR_UPDATE">
        <name>Body</name>
        <order>100</order>
        <rest_message_function display_value="Default POST">404d1fea4700021008334d05516d432c</rest_message_function>
        <sys_class_name>sys_rest_message_fn_param_defs</sys_class_name>
        <sys_created_by>admin</sys_created_by>
        <sys_created_on>2024-02-02 15:01:37</sys_created_on>
        <sys_id>835d9fea4700021008334d05516d43ba</sys_id>
        <sys_mod_count>0</sys_mod_count>
        <sys_name>Body</sys_name>
        <sys_package display_value="Solicitação de Crédito" source="x_1174267_solici_0">20d0b15f4727311008334d05516d430e</sys_package>
        <sys_policy/>
        <sys_scope display_value="Solicitação de Crédito">20d0b15f4727311008334d05516d430e</sys_scope>
        <sys_update_name>sys_rest_message_fn_param_defs_835d9fea4700021008334d05516d43ba</sys_update_name>
        <sys_updated_by>admin</sys_updated_by>
        <sys_updated_on>2024-02-02 15:01:37</sys_updated_on>
        <value>Olá mundo!!!</value>
    </sys_rest_message_fn_param_defs>
</record_update>
