<?xml version="1.0" encoding="UTF-8"?><record_update sys_domain="global" table="sys_ux_screen">
    <sys_ux_screen action="INSERT_OR_UPDATE">
        <active>true</active>
        <app_config display_value="Solicitação de Crédito Config">b17643b4ecbbb1100a1c9e580a429b17</app_config>
        <description/>
        <event_mappings>[ ]</event_mappings>
        <macroponent display_value="Solicitações de Crédito Record Page">937683b447bbb11008334d05516d43af</macroponent>
        <macroponent_config>{
  "views" : {
    "type" : "JSON_LITERAL",
    "value" : ""
  },
  "selectedTabIndex" : {
    "type" : "JSON_LITERAL",
    "value" : 0
  },
  "label" : {
    "type" : "TRANSLATION_LITERAL",
    "value" : {
      "code" : null,
      "message" : "",
      "comment" : ""
    }
  },
  "bare" : {
    "type" : "JSON_LITERAL",
    "value" : true
  },
  "scrollable" : {
    "type" : "JSON_LITERAL",
    "value" : "y"
  },
  "headerLevel" : {
    "type" : "JSON_LITERAL",
    "value" : "1"
  },
  "headingOnlyVisibleToScreenReaders" : {
    "type" : "JSON_LITERAL",
    "value" : false
  },
  "interceptNotifications" : {
    "type" : "JSON_LITERAL",
    "value" : false
  },
  "propagateNotifications" : {
    "type" : "JSON_LITERAL",
    "value" : false
  }
}</macroponent_config>
        <name>Solicitações de Crédito Record Page</name>
        <order>100</order>
        <parent_macroponent display_value="Workspace App Shell">c276387cc331101080d6d3658940ddd2</parent_macroponent>
        <required_translations>[ ]</required_translations>
        <rollback_screen/>
        <screen_condition>table=x_1174267_solici_0_solicitacoesdecredito</screen_condition>
        <screen_type display_value="Record">7d7643b4fcbbb1106f3b08ce22397209</screen_type>
        <sys_class_name>sys_ux_screen</sys_class_name>
        <sys_created_by>admin</sys_created_by>
        <sys_created_on>2024-01-15 16:34:39</sys_created_on>
        <sys_domain>global</sys_domain>
        <sys_domain_path>/</sys_domain_path>
        <sys_id>177683b447bbb11008334d05516d43cf</sys_id>
        <sys_mod_count>0</sys_mod_count>
        <sys_name>Solicitações de Crédito Record Page</sys_name>
        <sys_overrides/>
        <sys_package display_value="Solicitação de Crédito" source="x_1174267_solici_0">20d0b15f4727311008334d05516d430e</sys_package>
        <sys_policy/>
        <sys_scope display_value="Solicitação de Crédito">20d0b15f4727311008334d05516d430e</sys_scope>
        <sys_update_name>sys_ux_screen_177683b447bbb11008334d05516d43cf</sys_update_name>
        <sys_updated_by>admin</sys_updated_by>
        <sys_updated_on>2024-01-15 16:34:39</sys_updated_on>
    </sys_ux_screen>
    <sys_translated_text action="delete_multiple" query="documentkey=177683b447bbb11008334d05516d43cf"/>
</record_update>
