<?xml version="1.0" encoding="UTF-8"?><record_update table="sys_ux_app_route">
    <sys_ux_app_route action="INSERT_OR_UPDATE">
        <app_config display_value="Solicitação de Crédito Workspace Config">146aa2b8f83bb110d3475b58ef9a5ee1</app_config>
        <description/>
        <extension_point/>
        <fields>table,sysId</fields>
        <icon/>
        <name>KB</name>
        <optional_parameters/>
        <order>0</order>
        <parent_macroponent display_value="Workspace App Shell">c276387cc331101080d6d3658940ddd2</parent_macroponent>
        <parent_macroponent_composition_element_id/>
        <route_type>kb_view</route_type>
        <screen_type display_value="KB">106aa2b85b3bb110ca616ace6eaebec6</screen_type>
        <sys_class_name>sys_ux_app_route</sys_class_name>
        <sys_created_by>admin</sys_created_by>
        <sys_created_on>2024-01-15 14:31:50</sys_created_on>
        <sys_id>dc6aa2b88d3bb11007a5b315d3855ac6</sys_id>
        <sys_mod_count>0</sys_mod_count>
        <sys_name>KB</sys_name>
        <sys_package display_value="Solicitação de Crédito" source="x_1174267_solici_0">20d0b15f4727311008334d05516d430e</sys_package>
        <sys_policy/>
        <sys_scope display_value="Solicitação de Crédito">20d0b15f4727311008334d05516d430e</sys_scope>
        <sys_update_name>sys_ux_app_route_dc6aa2b88d3bb11007a5b315d3855ac6</sys_update_name>
        <sys_updated_by>admin</sys_updated_by>
        <sys_updated_on>2024-01-15 14:31:50</sys_updated_on>
    </sys_ux_app_route>
    <sys_translated_text action="delete_multiple" query="documentkey=dc6aa2b88d3bb11007a5b315d3855ac6"/>
</record_update>
