<?xml version="1.0" encoding="UTF-8"?><record_update sys_domain="global" table="pa_dashboards">
    <pa_dashboards action="DELETE">
        <active>true</active>
        <breakdown_source/>
        <color/>
        <disable_multiple_element>false</disable_multiple_element>
        <group display_value="Incident">12783e6feb6512001e68286b1206fee0</group>
        <groups/>
        <is_breakdown>false</is_breakdown>
        <managed_breakdown/>
        <managed_publisher/>
        <name>teste incidente</name>
        <no_tabs>false</no_tabs>
        <order>1</order>
        <owner display_value="System Administrator">6816f79cc0a8016401c5a33be04be441</owner>
        <restrict_to_roles/>
        <role_override>true</role_override>
        <roles/>
        <should_migrate_permissions>false</should_migrate_permissions>
        <sys_class_name>pa_dashboards</sys_class_name>
        <sys_created_by>admin</sys_created_by>
        <sys_created_on>2024-01-13 00:15:42</sys_created_on>
        <sys_domain>global</sys_domain>
        <sys_domain_path>/</sys_domain_path>
        <sys_id>291319844733311008334d05516d4369</sys_id>
        <sys_mod_count>2</sys_mod_count>
        <sys_name>teste incidente</sys_name>
        <sys_overrides/>
        <sys_package display_value="Solicitação de Crédito" source="x_1174267_solici_0">20d0b15f4727311008334d05516d430e</sys_package>
        <sys_policy/>
        <sys_scope display_value="Solicitação de Crédito">20d0b15f4727311008334d05516d430e</sys_scope>
        <sys_update_name>pa_dashboards_291319844733311008334d05516d4369</sys_update_name>
        <sys_updated_by>admin</sys_updated_by>
        <sys_updated_on>2024-01-13 00:17:02</sys_updated_on>
        <users/>
        <visible_to>2</visible_to>
    </pa_dashboards>
    <sys_update_version action="INSERT_OR_UPDATE">
        <action>DELETE</action>
        <application display_value="Solicitação de Crédito">20d0b15f4727311008334d05516d430e</application>
        <file_path/>
        <instance_id>811543badb26799005ef1729139619f6</instance_id>
        <instance_name>dev218783</instance_name>
        <name>pa_dashboards_291319844733311008334d05516d4369</name>
        <payload><![CDATA[<?xml version="1.0" encoding="UTF-8"?><record_update sys_domain="global" table="pa_dashboards"><pa_dashboards action="INSERT_OR_UPDATE"><active>true</active><breakdown_source/><color/><disable_multiple_element>false</disable_multiple_element><group display_value="Incident">12783e6feb6512001e68286b1206fee0</group><groups/><is_breakdown>false</is_breakdown><managed_breakdown/><managed_publisher/><name>teste incidente</name><no_tabs>false</no_tabs><order>1</order><owner display_value="System Administrator">6816f79cc0a8016401c5a33be04be441</owner><restrict_to_roles/><role_override>true</role_override><roles/><should_migrate_permissions>false</should_migrate_permissions><sys_class_name>pa_dashboards</sys_class_name><sys_created_by>admin</sys_created_by><sys_created_on>2024-01-13 00:15:42</sys_created_on><sys_domain>global</sys_domain><sys_domain_path>/</sys_domain_path><sys_id>291319844733311008334d05516d4369</sys_id><sys_mod_count>2</sys_mod_count><sys_name>teste incidente</sys_name><sys_overrides/><sys_package display_value="Solicitação de Crédito" source="x_1174267_solici_0">20d0b15f4727311008334d05516d430e</sys_package><sys_policy/><sys_scope display_value="Solicitação de Crédito">20d0b15f4727311008334d05516d430e</sys_scope><sys_update_name>pa_dashboards_291319844733311008334d05516d4369</sys_update_name><sys_updated_by>admin</sys_updated_by><sys_updated_on>2024-01-13 00:17:02</sys_updated_on><users/><visible_to>2</visible_to></pa_dashboards></record_update>]]></payload>
        <payload_hash>-1797696091</payload_hash>
        <record_name>teste incidente</record_name>
        <reverted_from/>
        <source>64d0b15f4727311008334d05516d4310</source>
        <source_table>sys_update_set</source_table>
        <state>previous</state>
        <sys_created_by>admin</sys_created_by>
        <sys_created_on>2024-01-13 00:17:02</sys_created_on>
        <sys_id>1b8311c44733311008334d05516d436d</sys_id>
        <sys_mod_count>0</sys_mod_count>
        <sys_recorded_at>18d002dde170000001</sys_recorded_at>
        <sys_updated_by>admin</sys_updated_by>
        <sys_updated_on>2024-01-13 00:17:02</sys_updated_on>
        <type>Dashboard</type>
        <update_guid>138311c491333110c20d333ef752686d</update_guid>
        <update_guid_history>138311c491333110c20d333ef752686d:-1797696091,4b8311c4de333110f704379ca77c4e61:2044804169,8c43d984cb3331103f133f281c6f1601:-1797696091</update_guid_history>
    </sys_update_version>
    <sys_metadata_delete action="INSERT_OR_UPDATE">
        <sys_audit_delete display_value="teste incidente">36461d484733311008334d05516d436d</sys_audit_delete>
        <sys_class_name>sys_metadata_delete</sys_class_name>
        <sys_created_by>admin</sys_created_by>
        <sys_created_on>2024-01-13 00:29:01</sys_created_on>
        <sys_db_object display_value="" name="pa_dashboards">pa_dashboards</sys_db_object>
        <sys_id>33eeeba8c43548acbe5031acae8f6f44</sys_id>
        <sys_metadata>291319844733311008334d05516d4369</sys_metadata>
        <sys_mod_count>0</sys_mod_count>
        <sys_name>teste incidente</sys_name>
        <sys_package display_value="Solicitação de Crédito" source="x_1174267_solici_0">20d0b15f4727311008334d05516d430e</sys_package>
        <sys_parent/>
        <sys_policy/>
        <sys_scope display_value="Solicitação de Crédito">20d0b15f4727311008334d05516d430e</sys_scope>
        <sys_scope_delete display_value="">2401dd0265f342d09565f185e072f901</sys_scope_delete>
        <sys_update_name>pa_dashboards_291319844733311008334d05516d4369</sys_update_name>
        <sys_update_version display_value="pa_dashboards_291319844733311008334d05516d4369">1b8311c44733311008334d05516d436d</sys_update_version>
        <sys_updated_by>admin</sys_updated_by>
        <sys_updated_on>2024-01-13 00:29:01</sys_updated_on>
    </sys_metadata_delete>
</record_update>
