<?xml version="1.0" encoding="UTF-8"?><record_update sys_domain="global" table="pa_m2m_dashboard_tabs">
    <pa_m2m_dashboard_tabs action="DELETE">
        <dashboard display_value="teste incidente">291319844733311008334d05516d4369</dashboard>
        <home>false</home>
        <homepage/>
        <order>1</order>
        <sys_class_name>pa_m2m_dashboard_tabs</sys_class_name>
        <sys_created_by>admin</sys_created_by>
        <sys_created_on>2024-01-13 00:15:43</sys_created_on>
        <sys_domain>global</sys_domain>
        <sys_domain_path>/</sys_domain_path>
        <sys_id>7b3399844733311008334d05516d43fe</sys_id>
        <sys_mod_count>0</sys_mod_count>
        <sys_name>291319844733311008334d05516d4369</sys_name>
        <sys_overrides/>
        <sys_package display_value="Solicitação de Crédito" source="x_1174267_solici_0">20d0b15f4727311008334d05516d430e</sys_package>
        <sys_policy/>
        <sys_scope display_value="Solicitação de Crédito">20d0b15f4727311008334d05516d430e</sys_scope>
        <sys_update_name>pa_m2m_dashboard_tabs_7b3399844733311008334d05516d43fe</sys_update_name>
        <sys_updated_by>admin</sys_updated_by>
        <sys_updated_on>2024-01-13 00:15:43</sys_updated_on>
        <tab display_value="teste incidente - New Tab">bb3399844733311008334d05516d43fb</tab>
    </pa_m2m_dashboard_tabs>
    <sys_update_version action="INSERT_OR_UPDATE">
        <action>DELETE</action>
        <application display_value="Solicitação de Crédito">20d0b15f4727311008334d05516d430e</application>
        <file_path/>
        <instance_id>811543badb26799005ef1729139619f6</instance_id>
        <instance_name>dev218783</instance_name>
        <name>pa_m2m_dashboard_tabs_7b3399844733311008334d05516d43fe</name>
        <payload><![CDATA[<?xml version="1.0" encoding="UTF-8"?><record_update sys_domain="global" table="pa_m2m_dashboard_tabs"><pa_m2m_dashboard_tabs action="INSERT_OR_UPDATE"><dashboard display_value="teste incidente">291319844733311008334d05516d4369</dashboard><home>false</home><homepage/><order>1</order><sys_class_name>pa_m2m_dashboard_tabs</sys_class_name><sys_created_by>admin</sys_created_by><sys_created_on>2024-01-13 00:15:43</sys_created_on><sys_domain>global</sys_domain><sys_domain_path>/</sys_domain_path><sys_id>7b3399844733311008334d05516d43fe</sys_id><sys_mod_count>0</sys_mod_count><sys_name>291319844733311008334d05516d4369</sys_name><sys_overrides/><sys_package display_value="Solicitação de Crédito" source="x_1174267_solici_0">20d0b15f4727311008334d05516d430e</sys_package><sys_policy/><sys_scope display_value="Solicitação de Crédito">20d0b15f4727311008334d05516d430e</sys_scope><sys_update_name>pa_m2m_dashboard_tabs_7b3399844733311008334d05516d43fe</sys_update_name><sys_updated_by>admin</sys_updated_by><sys_updated_on>2024-01-13 00:15:43</sys_updated_on><tab display_value="teste incidente - New Tab">bb3399844733311008334d05516d43fb</tab></pa_m2m_dashboard_tabs></record_update>]]></payload>
        <payload_hash>592811676</payload_hash>
        <record_name>291319844733311008334d05516d4369</record_name>
        <reverted_from/>
        <source>64d0b15f4727311008334d05516d4310</source>
        <source_table>sys_update_set</source_table>
        <state>previous</state>
        <sys_created_by>admin</sys_created_by>
        <sys_created_on>2024-01-13 00:15:43</sys_created_on>
        <sys_id>cc43d9844733311008334d05516d4300</sys_id>
        <sys_mod_count>0</sys_mod_count>
        <sys_recorded_at>18d002ca7d60000001</sys_recorded_at>
        <sys_updated_by>admin</sys_updated_by>
        <sys_updated_on>2024-01-13 00:15:43</sys_updated_on>
        <type>Dashboard Tab</type>
        <update_guid>0443d9843e333110a90786cd59fbb500</update_guid>
        <update_guid_history>0443d9843e333110a90786cd59fbb500:592811676</update_guid_history>
    </sys_update_version>
    <sys_metadata_delete action="INSERT_OR_UPDATE">
        <sys_audit_delete display_value="teste incidente">7a461d484733311008334d05516d4363</sys_audit_delete>
        <sys_class_name>sys_metadata_delete</sys_class_name>
        <sys_created_by>admin</sys_created_by>
        <sys_created_on>2024-01-13 00:29:01</sys_created_on>
        <sys_db_object display_value="" name="pa_m2m_dashboard_tabs">pa_m2m_dashboard_tabs</sys_db_object>
        <sys_id>9438ee05d4c344b896571b9a08d53b44</sys_id>
        <sys_metadata>7b3399844733311008334d05516d43fe</sys_metadata>
        <sys_mod_count>0</sys_mod_count>
        <sys_name>291319844733311008334d05516d4369</sys_name>
        <sys_package display_value="Solicitação de Crédito" source="x_1174267_solici_0">20d0b15f4727311008334d05516d430e</sys_package>
        <sys_parent display_value="">291319844733311008334d05516d4369</sys_parent>
        <sys_policy/>
        <sys_scope display_value="Solicitação de Crédito">20d0b15f4727311008334d05516d430e</sys_scope>
        <sys_scope_delete display_value="">2401dd0265f342d09565f185e072f901</sys_scope_delete>
        <sys_update_name>pa_m2m_dashboard_tabs_7b3399844733311008334d05516d43fe</sys_update_name>
        <sys_update_version display_value="pa_m2m_dashboard_tabs_7b3399844733311008334d05516d43fe">cc43d9844733311008334d05516d4300</sys_update_version>
        <sys_updated_by>admin</sys_updated_by>
        <sys_updated_on>2024-01-13 00:29:01</sys_updated_on>
    </sys_metadata_delete>
</record_update>
