<?xml version="1.0" encoding="UTF-8"?><record_update sys_domain="global" table="pa_m2m_dashboard_tabs">
    <pa_m2m_dashboard_tabs action="DELETE">
        <dashboard display_value="Incident Overview">3b775d884733311008334d05516d4368</dashboard>
        <home>false</home>
        <homepage/>
        <order>2</order>
        <sys_class_name>pa_m2m_dashboard_tabs</sys_class_name>
        <sys_created_by>admin</sys_created_by>
        <sys_created_on>2024-01-13 00:37:22</sys_created_on>
        <sys_domain>global</sys_domain>
        <sys_domain_path>/</sys_domain_path>
        <sys_id>9d38d9c84733311008334d05516d438f</sys_id>
        <sys_mod_count>0</sys_mod_count>
        <sys_name>3b775d884733311008334d05516d4368</sys_name>
        <sys_overrides/>
        <sys_package display_value="Solicitação de Crédito" source="x_1174267_solici_0">20d0b15f4727311008334d05516d430e</sys_package>
        <sys_policy/>
        <sys_scope display_value="Solicitação de Crédito">20d0b15f4727311008334d05516d430e</sys_scope>
        <sys_update_name>pa_m2m_dashboard_tabs_9d38d9c84733311008334d05516d438f</sys_update_name>
        <sys_updated_by>admin</sys_updated_by>
        <sys_updated_on>2024-01-13 00:37:22</sys_updated_on>
        <tab display_value="Incident Overview - New Tab 2">4d38d9c84733311008334d05516d438d</tab>
    </pa_m2m_dashboard_tabs>
    <sys_update_version action="INSERT_OR_UPDATE">
        <action>DELETE</action>
        <application display_value="Solicitação de Crédito">20d0b15f4727311008334d05516d430e</application>
        <file_path/>
        <instance_id>811543badb26799005ef1729139619f6</instance_id>
        <instance_name>dev218783</instance_name>
        <name>pa_m2m_dashboard_tabs_9d38d9c84733311008334d05516d438f</name>
        <payload><![CDATA[<?xml version="1.0" encoding="UTF-8"?><record_update sys_domain="global" table="pa_m2m_dashboard_tabs"><pa_m2m_dashboard_tabs action="INSERT_OR_UPDATE"><dashboard display_value="Incident Overview">3b775d884733311008334d05516d4368</dashboard><home>false</home><homepage/><order>2</order><sys_class_name>pa_m2m_dashboard_tabs</sys_class_name><sys_created_by>admin</sys_created_by><sys_created_on>2024-01-13 00:37:22</sys_created_on><sys_domain>global</sys_domain><sys_domain_path>/</sys_domain_path><sys_id>9d38d9c84733311008334d05516d438f</sys_id><sys_mod_count>0</sys_mod_count><sys_name>3b775d884733311008334d05516d4368</sys_name><sys_overrides/><sys_package display_value="Solicitação de Crédito" source="x_1174267_solici_0">20d0b15f4727311008334d05516d430e</sys_package><sys_policy/><sys_scope display_value="Solicitação de Crédito">20d0b15f4727311008334d05516d430e</sys_scope><sys_update_name>pa_m2m_dashboard_tabs_9d38d9c84733311008334d05516d438f</sys_update_name><sys_updated_by>admin</sys_updated_by><sys_updated_on>2024-01-13 00:37:22</sys_updated_on><tab display_value="Incident Overview - New Tab 2">4d38d9c84733311008334d05516d438d</tab></pa_m2m_dashboard_tabs></record_update>]]></payload>
        <payload_hash>-671445118</payload_hash>
        <record_name>3b775d884733311008334d05516d4368</record_name>
        <reverted_from/>
        <source>64d0b15f4727311008334d05516d4310</source>
        <source_table>sys_update_set</source_table>
        <state>previous</state>
        <sys_created_by>admin</sys_created_by>
        <sys_created_on>2024-01-13 00:37:22</sys_created_on>
        <sys_id>d538d9c84733311008334d05516d4391</sys_id>
        <sys_mod_count>0</sys_mod_count>
        <sys_recorded_at>18d00407be40000001</sys_recorded_at>
        <sys_updated_by>admin</sys_updated_by>
        <sys_updated_on>2024-01-13 00:37:22</sys_updated_on>
        <type>Dashboard Tab</type>
        <update_guid>1d38d9c845333110d42b0a66a646b690</update_guid>
        <update_guid_history>1d38d9c845333110d42b0a66a646b690:-671445118</update_guid_history>
    </sys_update_version>
    <sys_metadata_delete action="INSERT_OR_UPDATE">
        <sys_audit_delete display_value="Incident Overview">06389dc84733311008334d05516d4314</sys_audit_delete>
        <sys_class_name>sys_metadata_delete</sys_class_name>
        <sys_created_by>admin</sys_created_by>
        <sys_created_on>2024-01-13 00:37:26</sys_created_on>
        <sys_db_object display_value="" name="pa_m2m_dashboard_tabs">pa_m2m_dashboard_tabs</sys_db_object>
        <sys_id>19678598ad3b4d6b870b01049c4515f1</sys_id>
        <sys_metadata>9d38d9c84733311008334d05516d438f</sys_metadata>
        <sys_mod_count>0</sys_mod_count>
        <sys_name>3b775d884733311008334d05516d4368</sys_name>
        <sys_package display_value="Solicitação de Crédito" source="x_1174267_solici_0">20d0b15f4727311008334d05516d430e</sys_package>
        <sys_parent display_value="Incident Overview">3b775d884733311008334d05516d4368</sys_parent>
        <sys_policy/>
        <sys_scope display_value="Solicitação de Crédito">20d0b15f4727311008334d05516d430e</sys_scope>
        <sys_scope_delete display_value="">2401dd0265f342d09565f185e072f901</sys_scope_delete>
        <sys_update_name>pa_m2m_dashboard_tabs_9d38d9c84733311008334d05516d438f</sys_update_name>
        <sys_update_version display_value="pa_m2m_dashboard_tabs_9d38d9c84733311008334d05516d438f">d538d9c84733311008334d05516d4391</sys_update_version>
        <sys_updated_by>admin</sys_updated_by>
        <sys_updated_on>2024-01-13 00:37:26</sys_updated_on>
    </sys_metadata_delete>
</record_update>
