<?xml version="1.0" encoding="UTF-8"?><record_update sys_domain="global" table="pa_m2m_dashboard_tabs">
    <pa_m2m_dashboard_tabs action="DELETE">
        <dashboard display_value="teste incidente">291319844733311008334d05516d4369</dashboard>
        <home>false</home>
        <homepage/>
        <order>2</order>
        <sys_class_name>pa_m2m_dashboard_tabs</sys_class_name>
        <sys_created_by>admin</sys_created_by>
        <sys_created_on>2024-01-13 00:16:49</sys_created_on>
        <sys_domain>global</sys_domain>
        <sys_domain_path>/</sys_domain_path>
        <sys_id>04831d844733311008334d05516d43f6</sys_id>
        <sys_mod_count>0</sys_mod_count>
        <sys_name>291319844733311008334d05516d4369</sys_name>
        <sys_overrides/>
        <sys_package display_value="Solicitação de Crédito" source="x_1174267_solici_0">20d0b15f4727311008334d05516d430e</sys_package>
        <sys_policy/>
        <sys_scope display_value="Solicitação de Crédito">20d0b15f4727311008334d05516d430e</sys_scope>
        <sys_update_name>pa_m2m_dashboard_tabs_04831d844733311008334d05516d43f6</sys_update_name>
        <sys_updated_by>admin</sys_updated_by>
        <sys_updated_on>2024-01-13 00:16:49</sys_updated_on>
        <tab display_value="teste incidente - New Tab 2">c0831d844733311008334d05516d43f4</tab>
    </pa_m2m_dashboard_tabs>
    <sys_update_version action="INSERT_OR_UPDATE">
        <action>DELETE</action>
        <application display_value="Solicitação de Crédito">20d0b15f4727311008334d05516d430e</application>
        <file_path/>
        <instance_id>811543badb26799005ef1729139619f6</instance_id>
        <instance_name>dev218783</instance_name>
        <name>pa_m2m_dashboard_tabs_04831d844733311008334d05516d43f6</name>
        <payload><![CDATA[<?xml version="1.0" encoding="UTF-8"?><record_update sys_domain="global" table="pa_m2m_dashboard_tabs"><pa_m2m_dashboard_tabs action="INSERT_OR_UPDATE"><dashboard display_value="teste incidente">291319844733311008334d05516d4369</dashboard><home>false</home><homepage/><order>2</order><sys_class_name>pa_m2m_dashboard_tabs</sys_class_name><sys_created_by>admin</sys_created_by><sys_created_on>2024-01-13 00:16:49</sys_created_on><sys_domain>global</sys_domain><sys_domain_path>/</sys_domain_path><sys_id>04831d844733311008334d05516d43f6</sys_id><sys_mod_count>0</sys_mod_count><sys_name>291319844733311008334d05516d4369</sys_name><sys_overrides/><sys_package display_value="Solicitação de Crédito" source="x_1174267_solici_0">20d0b15f4727311008334d05516d430e</sys_package><sys_policy/><sys_scope display_value="Solicitação de Crédito">20d0b15f4727311008334d05516d430e</sys_scope><sys_update_name>pa_m2m_dashboard_tabs_04831d844733311008334d05516d43f6</sys_update_name><sys_updated_by>admin</sys_updated_by><sys_updated_on>2024-01-13 00:16:49</sys_updated_on><tab display_value="teste incidente - New Tab 2">c0831d844733311008334d05516d43f4</tab></pa_m2m_dashboard_tabs></record_update>]]></payload>
        <payload_hash>-553064900</payload_hash>
        <record_name>291319844733311008334d05516d4369</record_name>
        <reverted_from/>
        <source>64d0b15f4727311008334d05516d4310</source>
        <source_table>sys_update_set</source_table>
        <state>previous</state>
        <sys_created_by>admin</sys_created_by>
        <sys_created_on>2024-01-13 00:16:49</sys_created_on>
        <sys_id>4c831d844733311008334d05516d43f7</sys_id>
        <sys_mod_count>0</sys_mod_count>
        <sys_recorded_at>18d002da9f80000001</sys_recorded_at>
        <sys_updated_by>admin</sys_updated_by>
        <sys_updated_on>2024-01-13 00:16:49</sys_updated_on>
        <type>Dashboard Tab</type>
        <update_guid>80831d845f3331104a6877d2c417d7f7</update_guid>
        <update_guid_history>80831d845f3331104a6877d2c417d7f7:-553064900</update_guid_history>
    </sys_update_version>
    <sys_metadata_delete action="INSERT_OR_UPDATE">
        <sys_audit_delete display_value="teste incidente">4d83d1844733311008334d05516d433c</sys_audit_delete>
        <sys_class_name>sys_metadata_delete</sys_class_name>
        <sys_created_by>admin</sys_created_by>
        <sys_created_on>2024-01-13 00:16:53</sys_created_on>
        <sys_db_object display_value="" name="pa_m2m_dashboard_tabs">pa_m2m_dashboard_tabs</sys_db_object>
        <sys_id>065382e2040e49c083c8ee01b6eaf900</sys_id>
        <sys_metadata>04831d844733311008334d05516d43f6</sys_metadata>
        <sys_mod_count>0</sys_mod_count>
        <sys_name>291319844733311008334d05516d4369</sys_name>
        <sys_package display_value="Solicitação de Crédito" source="x_1174267_solici_0">20d0b15f4727311008334d05516d430e</sys_package>
        <sys_parent display_value="">291319844733311008334d05516d4369</sys_parent>
        <sys_policy/>
        <sys_scope display_value="Solicitação de Crédito">20d0b15f4727311008334d05516d430e</sys_scope>
        <sys_scope_delete display_value="">2401dd0265f342d09565f185e072f901</sys_scope_delete>
        <sys_update_name>pa_m2m_dashboard_tabs_04831d844733311008334d05516d43f6</sys_update_name>
        <sys_update_version display_value="pa_m2m_dashboard_tabs_04831d844733311008334d05516d43f6">4c831d844733311008334d05516d43f7</sys_update_version>
        <sys_updated_by>admin</sys_updated_by>
        <sys_updated_on>2024-01-13 00:16:53</sys_updated_on>
    </sys_metadata_delete>
</record_update>
