<?xml version="1.0" encoding="UTF-8"?><record_update sys_domain="global" table="pa_tabs">
    <pa_tabs action="DELETE">
        <canvas_page/>
        <name>teste incidente - New Tab 2</name>
        <page/>
        <sys_class_name>pa_tabs</sys_class_name>
        <sys_created_by>admin</sys_created_by>
        <sys_created_on>2024-01-13 00:16:49</sys_created_on>
        <sys_domain>global</sys_domain>
        <sys_domain_path>/</sys_domain_path>
        <sys_id>c0831d844733311008334d05516d43f4</sys_id>
        <sys_mod_count>0</sys_mod_count>
        <sys_name>teste incidente - New Tab 2</sys_name>
        <sys_overrides/>
        <sys_package display_value="Solicitação de Crédito" source="x_1174267_solici_0">20d0b15f4727311008334d05516d430e</sys_package>
        <sys_policy/>
        <sys_scope display_value="Solicitação de Crédito">20d0b15f4727311008334d05516d430e</sys_scope>
        <sys_update_name>pa_tabs_c0831d844733311008334d05516d43f4</sys_update_name>
        <sys_updated_by>admin</sys_updated_by>
        <sys_updated_on>2024-01-13 00:16:49</sys_updated_on>
    </pa_tabs>
    <sys_update_version action="INSERT_OR_UPDATE">
        <action>DELETE</action>
        <application display_value="Solicitação de Crédito">20d0b15f4727311008334d05516d430e</application>
        <file_path/>
        <instance_id>811543badb26799005ef1729139619f6</instance_id>
        <instance_name>dev218783</instance_name>
        <name>pa_tabs_c0831d844733311008334d05516d43f4</name>
        <payload><![CDATA[<?xml version="1.0" encoding="UTF-8"?><record_update sys_domain="global" table="pa_tabs"><pa_tabs action="INSERT_OR_UPDATE"><canvas_page/><name>teste incidente - New Tab 2</name><page/><sys_class_name>pa_tabs</sys_class_name><sys_created_by>admin</sys_created_by><sys_created_on>2024-01-13 00:16:49</sys_created_on><sys_domain>global</sys_domain><sys_domain_path>/</sys_domain_path><sys_id>c0831d844733311008334d05516d43f4</sys_id><sys_mod_count>0</sys_mod_count><sys_name>teste incidente - New Tab 2</sys_name><sys_overrides/><sys_package display_value="Solicitação de Crédito" source="x_1174267_solici_0">20d0b15f4727311008334d05516d430e</sys_package><sys_policy/><sys_scope display_value="Solicitação de Crédito">20d0b15f4727311008334d05516d430e</sys_scope><sys_update_name>pa_tabs_c0831d844733311008334d05516d43f4</sys_update_name><sys_updated_by>admin</sys_updated_by><sys_updated_on>2024-01-13 00:16:49</sys_updated_on></pa_tabs></record_update>]]></payload>
        <payload_hash>-444428769</payload_hash>
        <record_name>teste incidente - New Tab 2</record_name>
        <reverted_from/>
        <source>64d0b15f4727311008334d05516d4310</source>
        <source_table>sys_update_set</source_table>
        <state>previous</state>
        <sys_created_by>admin</sys_created_by>
        <sys_created_on>2024-01-13 00:16:53</sys_created_on>
        <sys_id>c183dd844733311008334d05516d43c9</sys_id>
        <sys_mod_count>0</sys_mod_count>
        <sys_recorded_at>18d002dbb4a0000001</sys_recorded_at>
        <sys_updated_by>admin</sys_updated_by>
        <sys_updated_on>2024-01-13 00:16:53</sys_updated_on>
        <type>Tab</type>
        <update_guid>00831d8458333110983553b208cff6f5</update_guid>
        <update_guid_history>00831d8458333110983553b208cff6f5:916089558,00831d8458333110983553b208cff6f5:916089558,00831d8458333110983553b208cff6f5:916089558</update_guid_history>
    </sys_update_version>
    <sys_metadata_delete action="INSERT_OR_UPDATE">
        <sys_audit_delete display_value="teste incidente - New Tab 2">8183dd844733311008334d05516d43cf</sys_audit_delete>
        <sys_class_name>sys_metadata_delete</sys_class_name>
        <sys_created_by>admin</sys_created_by>
        <sys_created_on>2024-01-13 00:16:53</sys_created_on>
        <sys_db_object display_value="" name="pa_tabs">pa_tabs</sys_db_object>
        <sys_id>56be319fe76a4e82839eeec7bfb433e9</sys_id>
        <sys_metadata>c0831d844733311008334d05516d43f4</sys_metadata>
        <sys_mod_count>0</sys_mod_count>
        <sys_name>teste incidente - New Tab 2</sys_name>
        <sys_package display_value="Solicitação de Crédito" source="x_1174267_solici_0">20d0b15f4727311008334d05516d430e</sys_package>
        <sys_parent/>
        <sys_policy/>
        <sys_scope display_value="Solicitação de Crédito">20d0b15f4727311008334d05516d430e</sys_scope>
        <sys_scope_delete display_value="">2401dd0265f342d09565f185e072f901</sys_scope_delete>
        <sys_update_name>pa_tabs_c0831d844733311008334d05516d43f4</sys_update_name>
        <sys_update_version display_value="pa_tabs_c0831d844733311008334d05516d43f4">c183dd844733311008334d05516d43c9</sys_update_version>
        <sys_updated_by>admin</sys_updated_by>
        <sys_updated_on>2024-01-13 00:16:53</sys_updated_on>
    </sys_metadata_delete>
</record_update>
