<?xml version="1.0" encoding="UTF-8"?><record_update sys_domain="global" table="pa_tabs">
    <pa_tabs action="DELETE">
        <canvas_page/>
        <name>teste incidente - New Tab</name>
        <page/>
        <sys_class_name>pa_tabs</sys_class_name>
        <sys_created_by>admin</sys_created_by>
        <sys_created_on>2024-01-13 00:15:42</sys_created_on>
        <sys_domain>global</sys_domain>
        <sys_domain_path>/</sys_domain_path>
        <sys_id>bb3399844733311008334d05516d43fb</sys_id>
        <sys_mod_count>0</sys_mod_count>
        <sys_name>teste incidente - New Tab</sys_name>
        <sys_overrides/>
        <sys_package display_value="Solicitação de Crédito" source="x_1174267_solici_0">20d0b15f4727311008334d05516d430e</sys_package>
        <sys_policy/>
        <sys_scope display_value="Solicitação de Crédito">20d0b15f4727311008334d05516d430e</sys_scope>
        <sys_update_name>pa_tabs_bb3399844733311008334d05516d43fb</sys_update_name>
        <sys_updated_by>admin</sys_updated_by>
        <sys_updated_on>2024-01-13 00:15:42</sys_updated_on>
    </pa_tabs>
    <sys_update_version action="INSERT_OR_UPDATE">
        <action>DELETE</action>
        <application display_value="Solicitação de Crédito">20d0b15f4727311008334d05516d430e</application>
        <file_path/>
        <instance_id>811543badb26799005ef1729139619f6</instance_id>
        <instance_name>dev218783</instance_name>
        <name>pa_tabs_bb3399844733311008334d05516d43fb</name>
        <payload><![CDATA[<?xml version="1.0" encoding="UTF-8"?><record_update sys_domain="global" table="pa_tabs"><pa_tabs action="INSERT_OR_UPDATE"><canvas_page/><name>teste incidente - New Tab</name><page/><sys_class_name>pa_tabs</sys_class_name><sys_created_by>admin</sys_created_by><sys_created_on>2024-01-13 00:15:42</sys_created_on><sys_domain>global</sys_domain><sys_domain_path>/</sys_domain_path><sys_id>bb3399844733311008334d05516d43fb</sys_id><sys_mod_count>0</sys_mod_count><sys_name>teste incidente - New Tab</sys_name><sys_overrides/><sys_package display_value="Solicitação de Crédito" source="x_1174267_solici_0">20d0b15f4727311008334d05516d430e</sys_package><sys_policy/><sys_scope display_value="Solicitação de Crédito">20d0b15f4727311008334d05516d430e</sys_scope><sys_update_name>pa_tabs_bb3399844733311008334d05516d43fb</sys_update_name><sys_updated_by>admin</sys_updated_by><sys_updated_on>2024-01-13 00:15:42</sys_updated_on></pa_tabs></record_update>]]></payload>
        <payload_hash>-372618117</payload_hash>
        <record_name>teste incidente - New Tab</record_name>
        <reverted_from/>
        <source>64d0b15f4727311008334d05516d4310</source>
        <source_table>sys_update_set</source_table>
        <state>previous</state>
        <sys_created_by>admin</sys_created_by>
        <sys_created_on>2024-01-13 00:29:00</sys_created_on>
        <sys_id>72461d484733311008334d05516d435c</sys_id>
        <sys_mod_count>0</sys_mod_count>
        <sys_recorded_at>18d0038d4bb0000001</sys_recorded_at>
        <sys_updated_by>admin</sys_updated_by>
        <sys_updated_on>2024-01-13 00:29:00</sys_updated_on>
        <type>Tab</type>
        <update_guid>37339984a73331100025f3cc420842fd</update_guid>
        <update_guid_history>37339984a73331100025f3cc420842fd:-446496210,37339984a73331100025f3cc420842fd:-446496210,37339984a73331100025f3cc420842fd:-446496210</update_guid_history>
    </sys_update_version>
    <sys_metadata_delete action="INSERT_OR_UPDATE">
        <sys_audit_delete display_value="teste incidente - New Tab">fa461d484733311008334d05516d4366</sys_audit_delete>
        <sys_class_name>sys_metadata_delete</sys_class_name>
        <sys_created_by>admin</sys_created_by>
        <sys_created_on>2024-01-13 00:29:01</sys_created_on>
        <sys_db_object display_value="" name="pa_tabs">pa_tabs</sys_db_object>
        <sys_id>0c0140a03b9849f68118d83cda42f349</sys_id>
        <sys_metadata>bb3399844733311008334d05516d43fb</sys_metadata>
        <sys_mod_count>0</sys_mod_count>
        <sys_name>teste incidente - New Tab</sys_name>
        <sys_package display_value="Solicitação de Crédito" source="x_1174267_solici_0">20d0b15f4727311008334d05516d430e</sys_package>
        <sys_parent/>
        <sys_policy/>
        <sys_scope display_value="Solicitação de Crédito">20d0b15f4727311008334d05516d430e</sys_scope>
        <sys_scope_delete display_value="">2401dd0265f342d09565f185e072f901</sys_scope_delete>
        <sys_update_name>pa_tabs_bb3399844733311008334d05516d43fb</sys_update_name>
        <sys_update_version display_value="pa_tabs_bb3399844733311008334d05516d43fb">72461d484733311008334d05516d435c</sys_update_version>
        <sys_updated_by>admin</sys_updated_by>
        <sys_updated_on>2024-01-13 00:29:01</sys_updated_on>
    </sys_metadata_delete>
</record_update>
