<?xml version="1.0" encoding="UTF-8"?><record_update sys_domain="global" table="pa_tabs">
    <pa_tabs action="DELETE">
        <canvas_page/>
        <name>Incident Overview - New Tab 2</name>
        <page/>
        <sys_class_name>pa_tabs</sys_class_name>
        <sys_created_by>admin</sys_created_by>
        <sys_created_on>2024-01-13 00:37:32</sys_created_on>
        <sys_domain>global</sys_domain>
        <sys_domain_path>/</sys_domain_path>
        <sys_id>3f38d9c84733311008334d05516d43d9</sys_id>
        <sys_mod_count>0</sys_mod_count>
        <sys_name>Incident Overview - New Tab 2</sys_name>
        <sys_overrides/>
        <sys_package display_value="Solicitação de Crédito" source="x_1174267_solici_0">20d0b15f4727311008334d05516d430e</sys_package>
        <sys_policy/>
        <sys_scope display_value="Solicitação de Crédito">20d0b15f4727311008334d05516d430e</sys_scope>
        <sys_update_name>pa_tabs_3f38d9c84733311008334d05516d43d9</sys_update_name>
        <sys_updated_by>admin</sys_updated_by>
        <sys_updated_on>2024-01-13 00:37:32</sys_updated_on>
    </pa_tabs>
    <sys_update_version action="INSERT_OR_UPDATE">
        <action>DELETE</action>
        <application display_value="Solicitação de Crédito">20d0b15f4727311008334d05516d430e</application>
        <file_path/>
        <instance_id>811543badb26799005ef1729139619f6</instance_id>
        <instance_name>dev218783</instance_name>
        <name>pa_tabs_3f38d9c84733311008334d05516d43d9</name>
        <payload><![CDATA[<?xml version="1.0" encoding="UTF-8"?><record_update sys_domain="global" table="pa_tabs"><pa_tabs action="INSERT_OR_UPDATE"><canvas_page/><name>Incident Overview - New Tab 2</name><page/><sys_class_name>pa_tabs</sys_class_name><sys_created_by>admin</sys_created_by><sys_created_on>2024-01-13 00:37:32</sys_created_on><sys_domain>global</sys_domain><sys_domain_path>/</sys_domain_path><sys_id>3f38d9c84733311008334d05516d43d9</sys_id><sys_mod_count>0</sys_mod_count><sys_name>Incident Overview - New Tab 2</sys_name><sys_overrides/><sys_package display_value="Solicitação de Crédito" source="x_1174267_solici_0">20d0b15f4727311008334d05516d430e</sys_package><sys_policy/><sys_scope display_value="Solicitação de Crédito">20d0b15f4727311008334d05516d430e</sys_scope><sys_update_name>pa_tabs_3f38d9c84733311008334d05516d43d9</sys_update_name><sys_updated_by>admin</sys_updated_by><sys_updated_on>2024-01-13 00:37:32</sys_updated_on></pa_tabs></record_update>]]></payload>
        <payload_hash>1091007905</payload_hash>
        <record_name>Incident Overview - New Tab 2</record_name>
        <reverted_from/>
        <source>64d0b15f4727311008334d05516d4310</source>
        <source_table>sys_update_set</source_table>
        <state>previous</state>
        <sys_created_by>admin</sys_created_by>
        <sys_created_on>2024-01-13 00:37:55</sys_created_on>
        <sys_id>9558110c4733311008334d05516d4362</sys_id>
        <sys_mod_count>0</sys_mod_count>
        <sys_recorded_at>18d0040fc050000001</sys_recorded_at>
        <sys_updated_by>admin</sys_updated_by>
        <sys_updated_on>2024-01-13 00:37:55</sys_updated_on>
        <type>Tab</type>
        <update_guid>3b38d9c80333311059eed6d0b4cb3dda</update_guid>
        <update_guid_history>3b38d9c80333311059eed6d0b4cb3dda:2143563228,3b38d9c80333311059eed6d0b4cb3dda:2143563228,3b38d9c80333311059eed6d0b4cb3dda:2143563228</update_guid_history>
    </sys_update_version>
    <sys_metadata_delete action="INSERT_OR_UPDATE">
        <sys_audit_delete display_value="Incident Overview - New Tab 2">5d58110c4733311008334d05516d437f</sys_audit_delete>
        <sys_class_name>sys_metadata_delete</sys_class_name>
        <sys_created_by>admin</sys_created_by>
        <sys_created_on>2024-01-13 00:37:55</sys_created_on>
        <sys_db_object display_value="" name="pa_tabs">pa_tabs</sys_db_object>
        <sys_id>9616f181f7b24c6ca420a0ef8c0d3d10</sys_id>
        <sys_metadata>3f38d9c84733311008334d05516d43d9</sys_metadata>
        <sys_mod_count>0</sys_mod_count>
        <sys_name>Incident Overview - New Tab 2</sys_name>
        <sys_package display_value="Solicitação de Crédito" source="x_1174267_solici_0">20d0b15f4727311008334d05516d430e</sys_package>
        <sys_parent/>
        <sys_policy/>
        <sys_scope display_value="Solicitação de Crédito">20d0b15f4727311008334d05516d430e</sys_scope>
        <sys_scope_delete display_value="">2401dd0265f342d09565f185e072f901</sys_scope_delete>
        <sys_update_name>pa_tabs_3f38d9c84733311008334d05516d43d9</sys_update_name>
        <sys_update_version display_value="pa_tabs_3f38d9c84733311008334d05516d43d9">9558110c4733311008334d05516d4362</sys_update_version>
        <sys_updated_by>admin</sys_updated_by>
        <sys_updated_on>2024-01-13 00:37:55</sys_updated_on>
    </sys_metadata_delete>
</record_update>
