<?xml version="1.0" encoding="UTF-8"?><record_update table="sc_cat_item_category">
    <sc_cat_item_category action="DELETE">
        <sc_cat_item display_value="Fomulário de Solicitação de Crédito">bc06b9934767311008334d05516d43ef</sc_cat_item>
        <sc_category display_value="Services">109f0438c6112276003ae8ac13e7009d</sc_category>
        <sys_class_name>sc_cat_item_category</sys_class_name>
        <sys_created_by>admin</sys_created_by>
        <sys_created_on>2024-01-10 19:20:29</sys_created_on>
        <sys_id>bb7c7d1b4767311008334d05516d43f5</sys_id>
        <sys_mod_count>0</sys_mod_count>
        <sys_name>Services.Fomulário de Solicitação de Crédito</sys_name>
        <sys_package display_value="Solicitação de Crédito" source="x_1174267_solici_0">20d0b15f4727311008334d05516d430e</sys_package>
        <sys_policy/>
        <sys_scope display_value="Solicitação de Crédito">20d0b15f4727311008334d05516d430e</sys_scope>
        <sys_update_name>sc_cat_item_category_bb7c7d1b4767311008334d05516d43f5</sys_update_name>
        <sys_updated_by>admin</sys_updated_by>
        <sys_updated_on>2024-01-10 19:20:29</sys_updated_on>
    </sc_cat_item_category>
    <sys_update_version action="INSERT_OR_UPDATE">
        <action>DELETE</action>
        <application display_value="Solicitação de Crédito">20d0b15f4727311008334d05516d430e</application>
        <file_path/>
        <instance_id>811543badb26799005ef1729139619f6</instance_id>
        <instance_name>dev218783</instance_name>
        <name>sc_cat_item_category_bb7c7d1b4767311008334d05516d43f5</name>
        <payload><![CDATA[<?xml version="1.0" encoding="UTF-8"?><record_update table="sc_cat_item_category"><sc_cat_item_category action="INSERT_OR_UPDATE"><sc_cat_item display_value="Fomulário de Solicitação de Crédito">bc06b9934767311008334d05516d43ef</sc_cat_item><sc_category display_value="Services">109f0438c6112276003ae8ac13e7009d</sc_category><sys_class_name>sc_cat_item_category</sys_class_name><sys_created_by>admin</sys_created_by><sys_created_on>2024-01-10 19:20:29</sys_created_on><sys_id>bb7c7d1b4767311008334d05516d43f5</sys_id><sys_mod_count>0</sys_mod_count><sys_name>Services.Fomulário de Solicitação de Crédito</sys_name><sys_package display_value="Solicitação de Crédito" source="x_1174267_solici_0">20d0b15f4727311008334d05516d430e</sys_package><sys_policy/><sys_scope display_value="Solicitação de Crédito">20d0b15f4727311008334d05516d430e</sys_scope><sys_update_name>sc_cat_item_category_bb7c7d1b4767311008334d05516d43f5</sys_update_name><sys_updated_by>admin</sys_updated_by><sys_updated_on>2024-01-10 19:20:29</sys_updated_on></sc_cat_item_category></record_update>]]></payload>
        <payload_hash>2001552606</payload_hash>
        <record_name>Services.Fomulário de Solicitação de Crédito</record_name>
        <reverted_from/>
        <source>64d0b15f4727311008334d05516d4310</source>
        <source_table>sys_update_set</source_table>
        <state>previous</state>
        <sys_created_by>admin</sys_created_by>
        <sys_created_on>2024-01-10 19:20:29</sys_created_on>
        <sys_id>7b7c7d1b4767311008334d05516d43f9</sys_id>
        <sys_mod_count>0</sys_mod_count>
        <sys_recorded_at>18cf4d1a5940000001</sys_recorded_at>
        <sys_updated_by>admin</sys_updated_by>
        <sys_updated_on>2024-01-10 19:20:29</sys_updated_on>
        <type>Catalog Item Category</type>
        <update_guid>fb7c7d1bf267311076add305b64982f8</update_guid>
        <update_guid_history>fb7c7d1bf267311076add305b64982f8:2001552606</update_guid_history>
    </sys_update_version>
    <sys_metadata_delete action="INSERT_OR_UPDATE">
        <sys_audit_delete display_value="Services.Fomulário de Solicitação de Crédito">fe1df55b4767311008334d05516d43d3</sys_audit_delete>
        <sys_class_name>sys_metadata_delete</sys_class_name>
        <sys_created_by>admin</sys_created_by>
        <sys_created_on>2024-01-10 19:23:09</sys_created_on>
        <sys_db_object display_value="" name="sc_cat_item_category">sc_cat_item_category</sys_db_object>
        <sys_id>0e4a5b30c15f448c8eff637cf5005224</sys_id>
        <sys_metadata>bb7c7d1b4767311008334d05516d43f5</sys_metadata>
        <sys_mod_count>0</sys_mod_count>
        <sys_name>Services.Fomulário de Solicitação de Crédito</sys_name>
        <sys_package display_value="Solicitação de Crédito" source="x_1174267_solici_0">20d0b15f4727311008334d05516d430e</sys_package>
        <sys_parent/>
        <sys_policy/>
        <sys_scope display_value="Solicitação de Crédito">20d0b15f4727311008334d05516d430e</sys_scope>
        <sys_scope_delete display_value="">2401dd0265f342d09565f185e072f901</sys_scope_delete>
        <sys_update_name>sc_cat_item_category_bb7c7d1b4767311008334d05516d43f5</sys_update_name>
        <sys_update_version display_value="sc_cat_item_category_bb7c7d1b4767311008334d05516d43f5">7b7c7d1b4767311008334d05516d43f9</sys_update_version>
        <sys_updated_by>admin</sys_updated_by>
        <sys_updated_on>2024-01-10 19:23:09</sys_updated_on>
    </sys_metadata_delete>
</record_update>
