<?xml version="1.0" encoding="UTF-8"?><record_update>
    <sys_choice action="INSERT_OR_UPDATE" field="sexo" table="x_1174267_solici_0_solicitacoesdecredito" version="3">
        <sys_choice_set action="INSERT_OR_UPDATE">
            <element>sexo</element>
            <name>x_1174267_solici_0_solicitacoesdecredito</name>
            <sys_class_name>sys_choice_set</sys_class_name>
            <sys_created_by>admin</sys_created_by>
            <sys_created_on>2024-01-10 18:41:47</sys_created_on>
            <sys_mod_count>0</sys_mod_count>
            <sys_name>sexo</sys_name>
            <sys_package display_value="Solicitação de Crédito" source="x_1174267_solici_0">20d0b15f4727311008334d05516d430e</sys_package>
            <sys_policy/>
            <sys_scope display_value="Solicitação de Crédito">20d0b15f4727311008334d05516d430e</sys_scope>
            <sys_update_name>sys_choice_x_1174267_solici_0_solicitacoesdecredito_sexo</sys_update_name>
            <sys_updated_by>admin</sys_updated_by>
            <sys_updated_on>2024-01-10 18:41:47</sys_updated_on>
        </sys_choice_set>
        <sys_choice action="INSERT_OR_UPDATE">
            <dependent_value/>
            <element>sexo</element>
            <hint/>
            <inactive>false</inactive>
            <label>Masculino</label>
            <language>en</language>
            <name>x_1174267_solici_0_solicitacoesdecredito</name>
            <sequence>0</sequence>
            <synonyms/>
            <sys_created_by>admin</sys_created_by>
            <sys_created_on>2024-01-10 18:41:47</sys_created_on>
            <sys_domain>global</sys_domain>
            <sys_domain_path>/</sys_domain_path>
            <sys_mod_count>0</sys_mod_count>
            <sys_updated_by>admin</sys_updated_by>
            <sys_updated_on>2024-01-10 18:41:47</sys_updated_on>
            <value>masculino</value>
        </sys_choice>
        <sys_choice action="INSERT_OR_UPDATE">
            <dependent_value/>
            <element>sexo</element>
            <hint/>
            <inactive>false</inactive>
            <label>Feminino</label>
            <language>en</language>
            <name>x_1174267_solici_0_solicitacoesdecredito</name>
            <sequence>1</sequence>
            <synonyms/>
            <sys_created_by>admin</sys_created_by>
            <sys_created_on>2024-01-10 18:41:47</sys_created_on>
            <sys_domain>global</sys_domain>
            <sys_domain_path>/</sys_domain_path>
            <sys_mod_count>0</sys_mod_count>
            <sys_updated_by>admin</sys_updated_by>
            <sys_updated_on>2024-01-10 18:41:47</sys_updated_on>
            <value>feminino</value>
        </sys_choice>
    </sys_choice>
</record_update>
