<?xml version="1.0" encoding="UTF-8"?><record_update sys_domain="global" table="sys_ux_page_property">
    <sys_ux_page_property action="DELETE">
        <choices/>
        <description>A default view for Solicitação de Crédito generated</description>
        <name>view</name>
        <page display_value="Solicitação de Crédito">7d7643b464bbb1106576bef17d378716</page>
        <required_translations/>
        <route/>
        <suffix/>
        <sys_class_name>sys_ux_page_property</sys_class_name>
        <sys_created_by>admin</sys_created_by>
        <sys_created_on>2024-01-15 16:34:34</sys_created_on>
        <sys_domain>global</sys_domain>
        <sys_domain_path>global</sys_domain_path>
        <sys_id>357643b449bbb11010376540d1d05906</sys_id>
        <sys_mod_count>1</sys_mod_count>
        <sys_name>view</sys_name>
        <sys_package display_value="Solicitação de Crédito" source="x_1174267_solici_0">20d0b15f4727311008334d05516d430e</sys_package>
        <sys_policy/>
        <sys_scope display_value="Solicitação de Crédito">20d0b15f4727311008334d05516d430e</sys_scope>
        <sys_update_name>sys_ux_page_property_357643b449bbb11010376540d1d05906</sys_update_name>
        <sys_updated_by>admin</sys_updated_by>
        <sys_updated_on>2024-01-15 16:34:41</sys_updated_on>
        <type>string</type>
        <unique_name>x_1174267_solici_0.7d7643b464bbb1106576bef17d378716.root.view</unique_name>
        <value>workspace-solicitação-de-crédito-0</value>
    </sys_ux_page_property>
    <sys_translated_text action="DELETE" query="documentkey=357643b449bbb11010376540d1d05906"/>
    <sys_update_version action="INSERT_OR_UPDATE">
        <action>DELETE</action>
        <application display_value="Solicitação de Crédito">20d0b15f4727311008334d05516d430e</application>
        <file_path/>
        <instance_id>811543badb26799005ef1729139619f6</instance_id>
        <instance_name>dev218783</instance_name>
        <name>sys_ux_page_property_357643b449bbb11010376540d1d05906</name>
        <payload><![CDATA[<?xml version="1.0" encoding="UTF-8"?><record_update sys_domain="global" table="sys_ux_page_property"><sys_ux_page_property action="INSERT_OR_UPDATE"><choices/><description>A default view for Solicitação de Crédito generated</description><name>view</name><page display_value="Solicitação de Crédito">7d7643b464bbb1106576bef17d378716</page><required_translations/><route/><suffix/><sys_class_name>sys_ux_page_property</sys_class_name><sys_created_by>admin</sys_created_by><sys_created_on>2024-01-15 16:34:34</sys_created_on><sys_domain>global</sys_domain><sys_domain_path>global</sys_domain_path><sys_id>357643b449bbb11010376540d1d05906</sys_id><sys_mod_count>1</sys_mod_count><sys_name>view</sys_name><sys_package display_value="Solicitação de Crédito" source="x_1174267_solici_0">20d0b15f4727311008334d05516d430e</sys_package><sys_policy/><sys_scope display_value="Solicitação de Crédito">20d0b15f4727311008334d05516d430e</sys_scope><sys_update_name>sys_ux_page_property_357643b449bbb11010376540d1d05906</sys_update_name><sys_updated_by>admin</sys_updated_by><sys_updated_on>2024-01-15 16:34:41</sys_updated_on><type>string</type><unique_name>x_1174267_solici_0.7d7643b464bbb1106576bef17d378716.root.view</unique_name><value>workspace-solicitação-de-crédito-0</value></sys_ux_page_property><sys_translated_text action="delete_multiple" query="documentkey=357643b449bbb11010376540d1d05906"/></record_update>]]></payload>
        <payload_hash>-1230530854</payload_hash>
        <record_name>view</record_name>
        <reverted_from/>
        <source>64d0b15f4727311008334d05516d4310</source>
        <source_table>sys_update_set</source_table>
        <state>previous</state>
        <sys_created_by>admin</sys_created_by>
        <sys_created_on>2024-01-15 16:34:41</sys_created_on>
        <sys_id>f376c3b447bbb11008334d05516d4364</sys_id>
        <sys_mod_count>0</sys_mod_count>
        <sys_recorded_at>18d0df9a6ff0000001</sys_recorded_at>
        <sys_updated_by>admin</sys_updated_by>
        <sys_updated_on>2024-01-15 16:34:41</sys_updated_on>
        <type>UX Page Property</type>
        <update_guid>fb76c3b49bbbb1104ea21f6e9f80ef63</update_guid>
        <update_guid_history>fb76c3b49bbbb1104ea21f6e9f80ef63:-1230530854,f776c3b404bbb1105a90d57fc5104462:-743843954</update_guid_history>
    </sys_update_version>
    <sys_metadata_delete action="INSERT_OR_UPDATE">
        <sys_audit_delete/>
        <sys_class_name>sys_metadata_delete</sys_class_name>
        <sys_created_by>admin</sys_created_by>
        <sys_created_on>2024-02-23 22:39:14</sys_created_on>
        <sys_db_object display_value="" name="sys_ux_page_property">sys_ux_page_property</sys_db_object>
        <sys_id>5f4468c11c174aeebddeb461ea4d01e4</sys_id>
        <sys_metadata>357643b449bbb11010376540d1d05906</sys_metadata>
        <sys_mod_count>0</sys_mod_count>
        <sys_name>view</sys_name>
        <sys_package display_value="Solicitação de Crédito" source="x_1174267_solici_0">20d0b15f4727311008334d05516d430e</sys_package>
        <sys_parent/>
        <sys_policy/>
        <sys_scope display_value="Solicitação de Crédito">20d0b15f4727311008334d05516d430e</sys_scope>
        <sys_scope_delete display_value="">2401dd0265f342d09565f185e072f901</sys_scope_delete>
        <sys_update_name>sys_ux_page_property_357643b449bbb11010376540d1d05906</sys_update_name>
        <sys_update_version display_value="sys_ux_page_property_357643b449bbb11010376540d1d05906">f376c3b447bbb11008334d05516d4364</sys_update_version>
        <sys_updated_by>admin</sys_updated_by>
        <sys_updated_on>2024-02-23 22:39:14</sys_updated_on>
    </sys_metadata_delete>
</record_update>
