<?xml version="1.0" encoding="UTF-8"?><record_update sys_domain="global" table="sys_ux_page_property">
    <sys_ux_page_property action="DELETE">
        <choices/>
        <description>L1 Configuration	</description>
        <name>chrome_toolbar</name>
        <page display_value="">7d7643b464bbb1106576bef17d378716</page>
        <required_translations>[ {
  "message" : "Analytics Center",
  "comment" : ""
}, {
  "message" : "Home",
  "comment" : ""
}, {
  "message" : "List",
  "comment" : ""
} ]</required_translations>
        <route/>
        <suffix/>
        <sys_class_name>sys_ux_page_property</sys_class_name>
        <sys_created_by>admin</sys_created_by>
        <sys_created_on>2024-01-15 16:34:34</sys_created_on>
        <sys_domain>global</sys_domain>
        <sys_domain_path>global</sys_domain_path>
        <sys_id>b57643b45fbbb110da903d1879fea804</sys_id>
        <sys_mod_count>0</sys_mod_count>
        <sys_name>chrome_toolbar</sys_name>
        <sys_package display_value="Solicitação de Crédito" source="x_1174267_solici_0">20d0b15f4727311008334d05516d430e</sys_package>
        <sys_policy/>
        <sys_scope display_value="Solicitação de Crédito">20d0b15f4727311008334d05516d430e</sys_scope>
        <sys_update_name>sys_ux_page_property_b57643b45fbbb110da903d1879fea804</sys_update_name>
        <sys_updated_by>admin</sys_updated_by>
        <sys_updated_on>2024-01-15 16:34:34</sys_updated_on>
        <type>json</type>
        <unique_name>x_1174267_solici_0.7d7643b464bbb1106576bef17d378716.root.chrome_toolbar</unique_name>
        <value>[&#13;
   {&#13;
      "id":"home",&#13;
      "label": {&#13;
              "message": "Home",&#13;
               "translatable": true&#13;
        },&#13;
      "icon":"home-outline",&#13;
      "viewportInfo":{&#13;
         &#13;
      },&#13;
      "routeInfo":{&#13;
         "route":"home"&#13;
      },&#13;
      "group":"top",&#13;
      "badge":{&#13;
         &#13;
      },&#13;
      "presence":{&#13;
         &#13;
      },&#13;
      "availability":{&#13;
         &#13;
      }&#13;
   },&#13;
   {&#13;
      "id":"list",&#13;
      "label": {&#13;
              "message": "List",&#13;
               "translatable": true&#13;
        },&#13;
      "icon":"list-outline",&#13;
      "viewportInfo":{&#13;
         &#13;
      },&#13;
      "routeInfo":{&#13;
         "route":"list"&#13;
      },&#13;
      "group":"top",&#13;
      "badge":{&#13;
         &#13;
      },&#13;
      "presence":{&#13;
         &#13;
      },&#13;
      "availability":{&#13;
         &#13;
      }&#13;
   },&#13;
 {&#13;
      "id":"analytics-center",&#13;
      "label": {&#13;
              "message": "Analytics Center",&#13;
               "translatable": true&#13;
        },&#13;
      "icon":"analytics-center-outline",&#13;
      "viewportInfo":{&#13;
         &#13;
      },&#13;
      "routeInfo":{&#13;
         "route":"analytics-center"&#13;
      },&#13;
      "group":"top",&#13;
      "badge":{&#13;
         &#13;
      },&#13;
      "presence":{&#13;
         &#13;
      },&#13;
      "availability":{&#13;
         &#13;
      }&#13;
   }&#13;
]</value>
    </sys_ux_page_property>
    <sys_update_version action="INSERT_OR_UPDATE">
        <action>DELETE</action>
        <application display_value="Solicitação de Crédito">20d0b15f4727311008334d05516d430e</application>
        <file_path/>
        <instance_id>811543badb26799005ef1729139619f6</instance_id>
        <instance_name>dev218783</instance_name>
        <name>sys_ux_page_property_b57643b45fbbb110da903d1879fea804</name>
        <payload><![CDATA[<?xml version="1.0" encoding="UTF-8"?><record_update sys_domain="global" table="sys_ux_page_property"><sys_ux_page_property action="INSERT_OR_UPDATE"><choices/><description>L1 Configuration	</description><name>chrome_toolbar</name><page display_value="">7d7643b464bbb1106576bef17d378716</page><required_translations>[ {
  "message" : "Analytics Center",
  "comment" : ""
}, {
  "message" : "Home",
  "comment" : ""
}, {
  "message" : "List",
  "comment" : ""
} ]</required_translations><route/><suffix/><sys_class_name>sys_ux_page_property</sys_class_name><sys_created_by>admin</sys_created_by><sys_created_on>2024-01-15 16:34:34</sys_created_on><sys_domain>global</sys_domain><sys_domain_path>global</sys_domain_path><sys_id>b57643b45fbbb110da903d1879fea804</sys_id><sys_mod_count>0</sys_mod_count><sys_name>chrome_toolbar</sys_name><sys_package display_value="Solicitação de Crédito" source="x_1174267_solici_0">20d0b15f4727311008334d05516d430e</sys_package><sys_policy/><sys_scope display_value="Solicitação de Crédito">20d0b15f4727311008334d05516d430e</sys_scope><sys_update_name>sys_ux_page_property_b57643b45fbbb110da903d1879fea804</sys_update_name><sys_updated_by>admin</sys_updated_by><sys_updated_on>2024-01-15 16:34:34</sys_updated_on><type>json</type><unique_name>x_1174267_solici_0.7d7643b464bbb1106576bef17d378716.root.chrome_toolbar</unique_name><value>[&#13;
   {&#13;
      "id":"home",&#13;
      "label": {&#13;
              "message": "Home",&#13;
               "translatable": true&#13;
        },&#13;
      "icon":"home-outline",&#13;
      "viewportInfo":{&#13;
         &#13;
      },&#13;
      "routeInfo":{&#13;
         "route":"home"&#13;
      },&#13;
      "group":"top",&#13;
      "badge":{&#13;
         &#13;
      },&#13;
      "presence":{&#13;
         &#13;
      },&#13;
      "availability":{&#13;
         &#13;
      }&#13;
   },&#13;
   {&#13;
      "id":"list",&#13;
      "label": {&#13;
              "message": "List",&#13;
               "translatable": true&#13;
        },&#13;
      "icon":"list-outline",&#13;
      "viewportInfo":{&#13;
         &#13;
      },&#13;
      "routeInfo":{&#13;
         "route":"list"&#13;
      },&#13;
      "group":"top",&#13;
      "badge":{&#13;
         &#13;
      },&#13;
      "presence":{&#13;
         &#13;
      },&#13;
      "availability":{&#13;
         &#13;
      }&#13;
   },&#13;
 {&#13;
      "id":"analytics-center",&#13;
      "label": {&#13;
              "message": "Analytics Center",&#13;
               "translatable": true&#13;
        },&#13;
      "icon":"analytics-center-outline",&#13;
      "viewportInfo":{&#13;
         &#13;
      },&#13;
      "routeInfo":{&#13;
         "route":"analytics-center"&#13;
      },&#13;
      "group":"top",&#13;
      "badge":{&#13;
         &#13;
      },&#13;
      "presence":{&#13;
         &#13;
      },&#13;
      "availability":{&#13;
         &#13;
      }&#13;
   }&#13;
]</value></sys_ux_page_property></record_update>]]></payload>
        <payload_hash>-348884225</payload_hash>
        <record_name>chrome_toolbar</record_name>
        <reverted_from/>
        <source/>
        <source_table>sys_upgrade_history</source_table>
        <state>previous</state>
        <sys_created_by>admin</sys_created_by>
        <sys_created_on>2024-02-23 22:39:14</sys_created_on>
        <sys_id>94ff0d254720021008334d05516d434a</sys_id>
        <sys_mod_count>0</sys_mod_count>
        <sys_recorded_at>18dd81f6dca0000001</sys_recorded_at>
        <sys_updated_by>admin</sys_updated_by>
        <sys_updated_on>2024-02-23 22:39:14</sys_updated_on>
        <type>UX Page Property</type>
        <update_guid>54ff0d250b2002106c20a61fcf37be4a</update_guid>
        <update_guid_history>54ff0d250b2002106c20a61fcf37be4a:-348884225</update_guid_history>
    </sys_update_version>
    <sys_metadata_delete action="INSERT_OR_UPDATE">
        <sys_audit_delete/>
        <sys_class_name>sys_metadata_delete</sys_class_name>
        <sys_created_by>admin</sys_created_by>
        <sys_created_on>2024-02-23 22:39:14</sys_created_on>
        <sys_db_object display_value="" name="sys_ux_page_property">sys_ux_page_property</sys_db_object>
        <sys_id>20f191334a954000b9f4bd1ea4000000</sys_id>
        <sys_metadata>b57643b45fbbb110da903d1879fea804</sys_metadata>
        <sys_mod_count>0</sys_mod_count>
        <sys_name>chrome_toolbar</sys_name>
        <sys_package display_value="Solicitação de Crédito" source="x_1174267_solici_0">20d0b15f4727311008334d05516d430e</sys_package>
        <sys_parent/>
        <sys_policy/>
        <sys_scope display_value="Solicitação de Crédito">20d0b15f4727311008334d05516d430e</sys_scope>
        <sys_scope_delete display_value="">2401dd0265f342d09565f185e072f901</sys_scope_delete>
        <sys_update_name>sys_ux_page_property_b57643b45fbbb110da903d1879fea804</sys_update_name>
        <sys_update_version display_value="sys_ux_page_property_b57643b45fbbb110da903d1879fea804">94ff0d254720021008334d05516d434a</sys_update_version>
        <sys_updated_by>admin</sys_updated_by>
        <sys_updated_on>2024-02-23 22:39:14</sys_updated_on>
    </sys_metadata_delete>
</record_update>
