<?xml version="1.0" encoding="UTF-8"?><record_update sys_domain="global" table="sys_ux_page_property">
    <sys_ux_page_property action="DELETE">
        <choices/>
        <description/>
        <name>actionConfigId</name>
        <page display_value="">7d7643b464bbb1106576bef17d378716</page>
        <required_translations>[]</required_translations>
        <route/>
        <suffix/>
        <sys_class_name>sys_ux_page_property</sys_class_name>
        <sys_created_by>admin</sys_created_by>
        <sys_created_on>2024-01-15 16:34:33</sys_created_on>
        <sys_domain>global</sys_domain>
        <sys_domain_path>global</sys_domain_path>
        <sys_id>f17643b4ecbbb11005d336e6b4fcb004</sys_id>
        <sys_mod_count>0</sys_mod_count>
        <sys_name>actionConfigId</sys_name>
        <sys_package display_value="Solicitação de Crédito" source="x_1174267_solici_0">20d0b15f4727311008334d05516d430e</sys_package>
        <sys_policy/>
        <sys_scope display_value="Solicitação de Crédito">20d0b15f4727311008334d05516d430e</sys_scope>
        <sys_update_name>sys_ux_page_property_f17643b4ecbbb11005d336e6b4fcb004</sys_update_name>
        <sys_updated_by>admin</sys_updated_by>
        <sys_updated_on>2024-01-15 16:34:33</sys_updated_on>
        <type>string</type>
        <unique_name>x_1174267_solici_0.7d7643b464bbb1106576bef17d378716.root.actionConfigId</unique_name>
        <value>df28e3db0f1210107d20409dc4767ee0</value>
    </sys_ux_page_property>
    <sys_update_version action="INSERT_OR_UPDATE">
        <action>DELETE</action>
        <application display_value="Solicitação de Crédito">20d0b15f4727311008334d05516d430e</application>
        <file_path/>
        <instance_id>811543badb26799005ef1729139619f6</instance_id>
        <instance_name>dev218783</instance_name>
        <name>sys_ux_page_property_f17643b4ecbbb11005d336e6b4fcb004</name>
        <payload><![CDATA[<?xml version="1.0" encoding="UTF-8"?><record_update sys_domain="global" table="sys_ux_page_property"><sys_ux_page_property action="INSERT_OR_UPDATE"><choices/><description/><name>actionConfigId</name><page display_value="">7d7643b464bbb1106576bef17d378716</page><required_translations>[]</required_translations><route/><suffix/><sys_class_name>sys_ux_page_property</sys_class_name><sys_created_by>admin</sys_created_by><sys_created_on>2024-01-15 16:34:33</sys_created_on><sys_domain>global</sys_domain><sys_domain_path>global</sys_domain_path><sys_id>f17643b4ecbbb11005d336e6b4fcb004</sys_id><sys_mod_count>0</sys_mod_count><sys_name>actionConfigId</sys_name><sys_package display_value="Solicitação de Crédito" source="x_1174267_solici_0">20d0b15f4727311008334d05516d430e</sys_package><sys_policy/><sys_scope display_value="Solicitação de Crédito">20d0b15f4727311008334d05516d430e</sys_scope><sys_update_name>sys_ux_page_property_f17643b4ecbbb11005d336e6b4fcb004</sys_update_name><sys_updated_by>admin</sys_updated_by><sys_updated_on>2024-01-15 16:34:33</sys_updated_on><type>string</type><unique_name>x_1174267_solici_0.7d7643b464bbb1106576bef17d378716.root.actionConfigId</unique_name><value>df28e3db0f1210107d20409dc4767ee0</value></sys_ux_page_property></record_update>]]></payload>
        <payload_hash>-150998858</payload_hash>
        <record_name>actionConfigId</record_name>
        <reverted_from/>
        <source/>
        <source_table>sys_upgrade_history</source_table>
        <state>previous</state>
        <sys_created_by>admin</sys_created_by>
        <sys_created_on>2024-02-23 22:39:15</sys_created_on>
        <sys_id>e8ff0d254720021008334d05516d436d</sys_id>
        <sys_mod_count>0</sys_mod_count>
        <sys_recorded_at>18dd81f6ebd0000001</sys_recorded_at>
        <sys_updated_by>admin</sys_updated_by>
        <sys_updated_on>2024-02-23 22:39:15</sys_updated_on>
        <type>UX Page Property</type>
        <update_guid>a8ff0d25bd2002107323e22d2b7de26d</update_guid>
        <update_guid_history>a8ff0d25bd2002107323e22d2b7de26d:-150998858</update_guid_history>
    </sys_update_version>
    <sys_metadata_delete action="INSERT_OR_UPDATE">
        <sys_audit_delete/>
        <sys_class_name>sys_metadata_delete</sys_class_name>
        <sys_created_by>admin</sys_created_by>
        <sys_created_on>2024-02-23 22:39:15</sys_created_on>
        <sys_db_object display_value="" name="sys_ux_page_property">sys_ux_page_property</sys_db_object>
        <sys_id>2bcaf4a61daa4c748e6c18ccb6265499</sys_id>
        <sys_metadata>f17643b4ecbbb11005d336e6b4fcb004</sys_metadata>
        <sys_mod_count>0</sys_mod_count>
        <sys_name>actionConfigId</sys_name>
        <sys_package display_value="Solicitação de Crédito" source="x_1174267_solici_0">20d0b15f4727311008334d05516d430e</sys_package>
        <sys_parent/>
        <sys_policy/>
        <sys_scope display_value="Solicitação de Crédito">20d0b15f4727311008334d05516d430e</sys_scope>
        <sys_scope_delete display_value="">2401dd0265f342d09565f185e072f901</sys_scope_delete>
        <sys_update_name>sys_ux_page_property_f17643b4ecbbb11005d336e6b4fcb004</sys_update_name>
        <sys_update_version display_value="sys_ux_page_property_f17643b4ecbbb11005d336e6b4fcb004">e8ff0d254720021008334d05516d436d</sys_update_version>
        <sys_updated_by>admin</sys_updated_by>
        <sys_updated_on>2024-02-23 22:39:15</sys_updated_on>
    </sys_metadata_delete>
</record_update>
