<?xml version="1.0" encoding="UTF-8"?><record_update sys_domain="global" table="sys_ux_page_property">
    <sys_ux_page_property action="DELETE">
        <choices/>
        <description>sys_ux_applicability sys_id for Workspace audience</description>
        <name>wbApplicabilityConfigId</name>
        <page display_value="Solicitação de Crédito">7d7643b464bbb1106576bef17d378716</page>
        <required_translations/>
        <route/>
        <suffix/>
        <sys_class_name>sys_ux_page_property</sys_class_name>
        <sys_created_by>admin</sys_created_by>
        <sys_created_on>2024-01-15 16:34:33</sys_created_on>
        <sys_domain>global</sys_domain>
        <sys_domain_path>global</sys_domain_path>
        <sys_id>717643b465bbb110dc0c946844b06d06</sys_id>
        <sys_mod_count>1</sys_mod_count>
        <sys_name>wbApplicabilityConfigId</sys_name>
        <sys_package display_value="Solicitação de Crédito" source="x_1174267_solici_0">20d0b15f4727311008334d05516d430e</sys_package>
        <sys_policy/>
        <sys_scope display_value="Solicitação de Crédito">20d0b15f4727311008334d05516d430e</sys_scope>
        <sys_update_name>sys_ux_page_property_717643b465bbb110dc0c946844b06d06</sys_update_name>
        <sys_updated_by>admin</sys_updated_by>
        <sys_updated_on>2024-01-15 16:34:37</sys_updated_on>
        <type>string</type>
        <unique_name>x_1174267_solici_0.7d7643b464bbb1106576bef17d378716.root.wbApplicabilityConfigId</unique_name>
        <value>b27643b447bbb11008334d05516d43ee</value>
    </sys_ux_page_property>
    <sys_translated_text action="DELETE" query="documentkey=717643b465bbb110dc0c946844b06d06"/>
    <sys_update_version action="INSERT_OR_UPDATE">
        <action>DELETE</action>
        <application display_value="Solicitação de Crédito">20d0b15f4727311008334d05516d430e</application>
        <file_path/>
        <instance_id>811543badb26799005ef1729139619f6</instance_id>
        <instance_name>dev218783</instance_name>
        <name>sys_ux_page_property_717643b465bbb110dc0c946844b06d06</name>
        <payload><![CDATA[<?xml version="1.0" encoding="UTF-8"?><record_update sys_domain="global" table="sys_ux_page_property"><sys_ux_page_property action="INSERT_OR_UPDATE"><choices/><description>sys_ux_applicability sys_id for Workspace audience</description><name>wbApplicabilityConfigId</name><page display_value="Solicitação de Crédito">7d7643b464bbb1106576bef17d378716</page><required_translations/><route/><suffix/><sys_class_name>sys_ux_page_property</sys_class_name><sys_created_by>admin</sys_created_by><sys_created_on>2024-01-15 16:34:33</sys_created_on><sys_domain>global</sys_domain><sys_domain_path>global</sys_domain_path><sys_id>717643b465bbb110dc0c946844b06d06</sys_id><sys_mod_count>1</sys_mod_count><sys_name>wbApplicabilityConfigId</sys_name><sys_package display_value="Solicitação de Crédito" source="x_1174267_solici_0">20d0b15f4727311008334d05516d430e</sys_package><sys_policy/><sys_scope display_value="Solicitação de Crédito">20d0b15f4727311008334d05516d430e</sys_scope><sys_update_name>sys_ux_page_property_717643b465bbb110dc0c946844b06d06</sys_update_name><sys_updated_by>admin</sys_updated_by><sys_updated_on>2024-01-15 16:34:37</sys_updated_on><type>string</type><unique_name>x_1174267_solici_0.7d7643b464bbb1106576bef17d378716.root.wbApplicabilityConfigId</unique_name><value>b27643b447bbb11008334d05516d43ee</value></sys_ux_page_property><sys_translated_text action="delete_multiple" query="documentkey=717643b465bbb110dc0c946844b06d06"/></record_update>]]></payload>
        <payload_hash>1828544071</payload_hash>
        <record_name>wbApplicabilityConfigId</record_name>
        <reverted_from/>
        <source>64d0b15f4727311008334d05516d4310</source>
        <source_table>sys_update_set</source_table>
        <state>previous</state>
        <sys_created_by>admin</sys_created_by>
        <sys_created_on>2024-01-15 16:34:37</sys_created_on>
        <sys_id>3a7643b447bbb11008334d05516d43f5</sys_id>
        <sys_mod_count>0</sys_mod_count>
        <sys_recorded_at>18d0df996bf0000001</sys_recorded_at>
        <sys_updated_by>admin</sys_updated_by>
        <sys_updated_on>2024-01-15 16:34:37</sys_updated_on>
        <type>UX Page Property</type>
        <update_guid>327643b411bbb1106fc2caea9398b6f5</update_guid>
        <update_guid_history>327643b411bbb1106fc2caea9398b6f5:1828544071,ba7643b4dbbbb110fd2bb3e8b0abe4f3:-1655706814</update_guid_history>
    </sys_update_version>
    <sys_metadata_delete action="INSERT_OR_UPDATE">
        <sys_audit_delete/>
        <sys_class_name>sys_metadata_delete</sys_class_name>
        <sys_created_by>admin</sys_created_by>
        <sys_created_on>2024-02-23 22:39:14</sys_created_on>
        <sys_db_object display_value="" name="sys_ux_page_property">sys_ux_page_property</sys_db_object>
        <sys_id>054aaabd80c54d2284b62de264d02d04</sys_id>
        <sys_metadata>717643b465bbb110dc0c946844b06d06</sys_metadata>
        <sys_mod_count>0</sys_mod_count>
        <sys_name>wbApplicabilityConfigId</sys_name>
        <sys_package display_value="Solicitação de Crédito" source="x_1174267_solici_0">20d0b15f4727311008334d05516d430e</sys_package>
        <sys_parent/>
        <sys_policy/>
        <sys_scope display_value="Solicitação de Crédito">20d0b15f4727311008334d05516d430e</sys_scope>
        <sys_scope_delete display_value="">2401dd0265f342d09565f185e072f901</sys_scope_delete>
        <sys_update_name>sys_ux_page_property_717643b465bbb110dc0c946844b06d06</sys_update_name>
        <sys_update_version display_value="sys_ux_page_property_717643b465bbb110dc0c946844b06d06">3a7643b447bbb11008334d05516d43f5</sys_update_version>
        <sys_updated_by>admin</sys_updated_by>
        <sys_updated_on>2024-02-23 22:39:14</sys_updated_on>
    </sys_metadata_delete>
</record_update>
