<?xml version="1.0" encoding="UTF-8"?><record_update sys_domain="global" table="sys_ux_page_property">
    <sys_ux_page_property action="DELETE">
        <choices/>
        <description>Main Configuration</description>
        <name>chrome_main</name>
        <page display_value="">7d7643b464bbb1106576bef17d378716</page>
        <required_translations/>
        <route/>
        <suffix/>
        <sys_class_name>sys_ux_page_property</sys_class_name>
        <sys_created_by>admin</sys_created_by>
        <sys_created_on>2024-01-15 16:34:34</sys_created_on>
        <sys_domain>global</sys_domain>
        <sys_domain_path>global</sys_domain_path>
        <sys_id>f97643b4f5bbb1109677b9b7d716fc05</sys_id>
        <sys_mod_count>0</sys_mod_count>
        <sys_name>chrome_main</sys_name>
        <sys_package display_value="Solicitação de Crédito" source="x_1174267_solici_0">20d0b15f4727311008334d05516d430e</sys_package>
        <sys_policy/>
        <sys_scope display_value="Solicitação de Crédito">20d0b15f4727311008334d05516d430e</sys_scope>
        <sys_update_name>sys_ux_page_property_f97643b4f5bbb1109677b9b7d716fc05</sys_update_name>
        <sys_updated_by>admin</sys_updated_by>
        <sys_updated_on>2024-01-15 16:34:34</sys_updated_on>
        <type>json</type>
        <unique_name>x_1174267_solici_0.7d7643b464bbb1106576bef17d378716.root.chrome_main</unique_name>
        <value>{&#13;
  "maxCachedPageCount": 5,&#13;
  "maxActivePageCount": 3,&#13;
  "timeLeftWarning": 15&#13;
}</value>
    </sys_ux_page_property>
    <sys_update_version action="INSERT_OR_UPDATE">
        <action>DELETE</action>
        <application display_value="Solicitação de Crédito">20d0b15f4727311008334d05516d430e</application>
        <file_path/>
        <instance_id>811543badb26799005ef1729139619f6</instance_id>
        <instance_name>dev218783</instance_name>
        <name>sys_ux_page_property_f97643b4f5bbb1109677b9b7d716fc05</name>
        <payload><![CDATA[<?xml version="1.0" encoding="UTF-8"?><record_update sys_domain="global" table="sys_ux_page_property"><sys_ux_page_property action="INSERT_OR_UPDATE"><choices/><description>Main Configuration</description><name>chrome_main</name><page display_value="">7d7643b464bbb1106576bef17d378716</page><required_translations/><route/><suffix/><sys_class_name>sys_ux_page_property</sys_class_name><sys_created_by>admin</sys_created_by><sys_created_on>2024-01-15 16:34:34</sys_created_on><sys_domain>global</sys_domain><sys_domain_path>global</sys_domain_path><sys_id>f97643b4f5bbb1109677b9b7d716fc05</sys_id><sys_mod_count>0</sys_mod_count><sys_name>chrome_main</sys_name><sys_package display_value="Solicitação de Crédito" source="x_1174267_solici_0">20d0b15f4727311008334d05516d430e</sys_package><sys_policy/><sys_scope display_value="Solicitação de Crédito">20d0b15f4727311008334d05516d430e</sys_scope><sys_update_name>sys_ux_page_property_f97643b4f5bbb1109677b9b7d716fc05</sys_update_name><sys_updated_by>admin</sys_updated_by><sys_updated_on>2024-01-15 16:34:34</sys_updated_on><type>json</type><unique_name>x_1174267_solici_0.7d7643b464bbb1106576bef17d378716.root.chrome_main</unique_name><value>{&#13;
  "maxCachedPageCount": 5,&#13;
  "maxActivePageCount": 3,&#13;
  "timeLeftWarning": 15&#13;
}</value></sys_ux_page_property></record_update>]]></payload>
        <payload_hash>411253759</payload_hash>
        <record_name>chrome_main</record_name>
        <reverted_from/>
        <source/>
        <source_table>sys_upgrade_history</source_table>
        <state>previous</state>
        <sys_created_by>admin</sys_created_by>
        <sys_created_on>2024-02-23 22:39:15</sys_created_on>
        <sys_id>a0ff0d254720021008334d05516d4385</sys_id>
        <sys_mod_count>0</sys_mod_count>
        <sys_recorded_at>18dd81f6f290000001</sys_recorded_at>
        <sys_updated_by>admin</sys_updated_by>
        <sys_updated_on>2024-02-23 22:39:15</sys_updated_on>
        <type>UX Page Property</type>
        <update_guid>60ff0d255b200210a79bacdf4e599085</update_guid>
        <update_guid_history>60ff0d255b200210a79bacdf4e599085:411253759</update_guid_history>
    </sys_update_version>
    <sys_metadata_delete action="INSERT_OR_UPDATE">
        <sys_audit_delete/>
        <sys_class_name>sys_metadata_delete</sys_class_name>
        <sys_created_by>admin</sys_created_by>
        <sys_created_on>2024-02-23 22:39:15</sys_created_on>
        <sys_db_object display_value="" name="sys_ux_page_property">sys_ux_page_property</sys_db_object>
        <sys_id>184c456900ac45ac85f178a5d26198e1</sys_id>
        <sys_metadata>f97643b4f5bbb1109677b9b7d716fc05</sys_metadata>
        <sys_mod_count>0</sys_mod_count>
        <sys_name>chrome_main</sys_name>
        <sys_package display_value="Solicitação de Crédito" source="x_1174267_solici_0">20d0b15f4727311008334d05516d430e</sys_package>
        <sys_parent/>
        <sys_policy/>
        <sys_scope display_value="Solicitação de Crédito">20d0b15f4727311008334d05516d430e</sys_scope>
        <sys_scope_delete display_value="">2401dd0265f342d09565f185e072f901</sys_scope_delete>
        <sys_update_name>sys_ux_page_property_f97643b4f5bbb1109677b9b7d716fc05</sys_update_name>
        <sys_update_version display_value="sys_ux_page_property_f97643b4f5bbb1109677b9b7d716fc05">a0ff0d254720021008334d05516d4385</sys_update_version>
        <sys_updated_by>admin</sys_updated_by>
        <sys_updated_on>2024-02-23 22:39:15</sys_updated_on>
    </sys_metadata_delete>
</record_update>
