<?xml version="1.0" encoding="UTF-8"?><record_update sys_domain="global" table="sys_ux_page_property">
    <sys_ux_page_property action="DELETE">
        <choices/>
        <description>User Preferences</description>
        <name>chrome_preferences</name>
        <page display_value="">dc6aa2b82e3bb110b8056cf73df686e0</page>
        <required_translations/>
        <route/>
        <suffix/>
        <sys_class_name>sys_ux_page_property</sys_class_name>
        <sys_created_by>admin</sys_created_by>
        <sys_created_on>2024-01-15 14:31:51</sys_created_on>
        <sys_domain>global</sys_domain>
        <sys_domain_path>global</sys_domain_path>
        <sys_id>5c6aa2b8f43bb11081aa1e13ac2864c2</sys_id>
        <sys_mod_count>0</sys_mod_count>
        <sys_name>chrome_preferences</sys_name>
        <sys_package display_value="Solicitação de Crédito" source="x_1174267_solici_0">20d0b15f4727311008334d05516d430e</sys_package>
        <sys_policy/>
        <sys_scope display_value="Solicitação de Crédito">20d0b15f4727311008334d05516d430e</sys_scope>
        <sys_update_name>sys_ux_page_property_5c6aa2b8f43bb11081aa1e13ac2864c2</sys_update_name>
        <sys_updated_by>admin</sys_updated_by>
        <sys_updated_on>2024-01-15 14:31:51</sys_updated_on>
        <type>json</type>
        <unique_name>x_1174267_solici_0.dc6aa2b82e3bb110b8056cf73df686e0.root.chrome_preferences</unique_name>
        <value>[&#13;
  "workspace.notifications.inbox.desktop",&#13;
  "workspace.notifications.inbox.audio",&#13;
  "workspace.notifications.chat.desktop",&#13;
  "workspace.notifications.chat.audio",&#13;
  "workspace.showRibbon",&#13;
  "workspace.showAgentAssist",&#13;
  "workspace.wrapListText",&#13;
  "workspace.notifications.showPopups",&#13;
  "workspace.notifications.showBadgeCount",&#13;
  "rowcount",&#13;
  "ts.match",&#13;
  "glide.ui.accessibility",&#13;
  "glide.ui.report.accessibility.patterns",&#13;
  "glide.ui.date_format",&#13;
  "list_export.deliveryType",&#13;
  "list_export.orientationType",&#13;
  "list_export.fileType",&#13;
  "list_export.email"&#13;
]</value>
    </sys_ux_page_property>
    <sys_update_version action="INSERT_OR_UPDATE">
        <action>DELETE</action>
        <application display_value="Solicitação de Crédito">20d0b15f4727311008334d05516d430e</application>
        <file_path/>
        <instance_id>811543badb26799005ef1729139619f6</instance_id>
        <instance_name>dev218783</instance_name>
        <name>sys_ux_page_property_5c6aa2b8f43bb11081aa1e13ac2864c2</name>
        <payload><![CDATA[<?xml version="1.0" encoding="UTF-8"?><record_update sys_domain="global" table="sys_ux_page_property"><sys_ux_page_property action="INSERT_OR_UPDATE"><choices/><description>User Preferences</description><name>chrome_preferences</name><page display_value="">dc6aa2b82e3bb110b8056cf73df686e0</page><required_translations/><route/><suffix/><sys_class_name>sys_ux_page_property</sys_class_name><sys_created_by>admin</sys_created_by><sys_created_on>2024-01-15 14:31:51</sys_created_on><sys_domain>global</sys_domain><sys_domain_path>global</sys_domain_path><sys_id>5c6aa2b8f43bb11081aa1e13ac2864c2</sys_id><sys_mod_count>0</sys_mod_count><sys_name>chrome_preferences</sys_name><sys_package display_value="Solicitação de Crédito" source="x_1174267_solici_0">20d0b15f4727311008334d05516d430e</sys_package><sys_policy/><sys_scope display_value="Solicitação de Crédito">20d0b15f4727311008334d05516d430e</sys_scope><sys_update_name>sys_ux_page_property_5c6aa2b8f43bb11081aa1e13ac2864c2</sys_update_name><sys_updated_by>admin</sys_updated_by><sys_updated_on>2024-01-15 14:31:51</sys_updated_on><type>json</type><unique_name>x_1174267_solici_0.dc6aa2b82e3bb110b8056cf73df686e0.root.chrome_preferences</unique_name><value>[&#13;
  "workspace.notifications.inbox.desktop",&#13;
  "workspace.notifications.inbox.audio",&#13;
  "workspace.notifications.chat.desktop",&#13;
  "workspace.notifications.chat.audio",&#13;
  "workspace.showRibbon",&#13;
  "workspace.showAgentAssist",&#13;
  "workspace.wrapListText",&#13;
  "workspace.notifications.showPopups",&#13;
  "workspace.notifications.showBadgeCount",&#13;
  "rowcount",&#13;
  "ts.match",&#13;
  "glide.ui.accessibility",&#13;
  "glide.ui.report.accessibility.patterns",&#13;
  "glide.ui.date_format",&#13;
  "list_export.deliveryType",&#13;
  "list_export.orientationType",&#13;
  "list_export.fileType",&#13;
  "list_export.email"&#13;
]</value></sys_ux_page_property></record_update>]]></payload>
        <payload_hash>-933005060</payload_hash>
        <record_name>chrome_preferences</record_name>
        <reverted_from/>
        <source/>
        <source_table>sys_upgrade_history</source_table>
        <state>previous</state>
        <sys_created_by>admin</sys_created_by>
        <sys_created_on>2024-01-15 16:32:37</sys_created_on>
        <sys_id>a9064b7447bbb11008334d05516d4309</sys_id>
        <sys_mod_count>0</sys_mod_count>
        <sys_recorded_at>18d0df7c13b0000001</sys_recorded_at>
        <sys_updated_by>admin</sys_updated_by>
        <sys_updated_on>2024-01-15 16:32:37</sys_updated_on>
        <type>UX Page Property</type>
        <update_guid>69064b749abbb11042d2b858b422d109</update_guid>
        <update_guid_history>69064b749abbb11042d2b858b422d109:-933005060</update_guid_history>
    </sys_update_version>
    <sys_metadata_delete action="INSERT_OR_UPDATE">
        <sys_audit_delete/>
        <sys_class_name>sys_metadata_delete</sys_class_name>
        <sys_created_by>admin</sys_created_by>
        <sys_created_on>2024-01-15 16:32:37</sys_created_on>
        <sys_db_object display_value="" name="sys_ux_page_property">sys_ux_page_property</sys_db_object>
        <sys_id>b5ca675c81e14601ae824948a9c85541</sys_id>
        <sys_metadata>5c6aa2b8f43bb11081aa1e13ac2864c2</sys_metadata>
        <sys_mod_count>0</sys_mod_count>
        <sys_name>chrome_preferences</sys_name>
        <sys_package display_value="Solicitação de Crédito" source="x_1174267_solici_0">20d0b15f4727311008334d05516d430e</sys_package>
        <sys_parent/>
        <sys_policy/>
        <sys_scope display_value="Solicitação de Crédito">20d0b15f4727311008334d05516d430e</sys_scope>
        <sys_scope_delete display_value="">2401dd0265f342d09565f185e072f901</sys_scope_delete>
        <sys_update_name>sys_ux_page_property_5c6aa2b8f43bb11081aa1e13ac2864c2</sys_update_name>
        <sys_update_version display_value="sys_ux_page_property_5c6aa2b8f43bb11081aa1e13ac2864c2">a9064b7447bbb11008334d05516d4309</sys_update_version>
        <sys_updated_by>admin</sys_updated_by>
        <sys_updated_on>2024-01-15 16:32:37</sys_updated_on>
    </sys_metadata_delete>
</record_update>
