<?xml version="1.0" encoding="UTF-8"?><record_update table="sys_grid_canvas">
    <sys_grid_canvas action="DELETE">
        <legacy_page display_value="PA Incident Overview - New Tab 2">3b38d9c84733311008334d05516d43d7</legacy_page>
        <name>PA Incident Overview - New Tab 2</name>
        <sys_class_name>sys_grid_canvas</sys_class_name>
        <sys_created_by>admin</sys_created_by>
        <sys_created_on>2024-01-13 00:37:32</sys_created_on>
        <sys_id>7f38d9c84733311008334d05516d43d7</sys_id>
        <sys_mod_count>0</sys_mod_count>
        <sys_name>PA Incident Overview - New Tab 2</sys_name>
        <sys_package display_value="Solicitação de Crédito" source="x_1174267_solici_0">20d0b15f4727311008334d05516d430e</sys_package>
        <sys_policy/>
        <sys_scope display_value="Solicitação de Crédito">20d0b15f4727311008334d05516d430e</sys_scope>
        <sys_update_name>sys_grid_canvas_7f38d9c84733311008334d05516d43d7</sys_update_name>
        <sys_updated_by>admin</sys_updated_by>
        <sys_updated_on>2024-01-13 00:37:32</sys_updated_on>
    </sys_grid_canvas>
    <sys_update_version action="INSERT_OR_UPDATE">
        <action>DELETE</action>
        <application display_value="Solicitação de Crédito">20d0b15f4727311008334d05516d430e</application>
        <file_path/>
        <instance_id>811543badb26799005ef1729139619f6</instance_id>
        <instance_name>dev218783</instance_name>
        <name>sys_grid_canvas_7f38d9c84733311008334d05516d43d7</name>
        <payload><![CDATA[<?xml version="1.0" encoding="UTF-8"?><record_update table="sys_grid_canvas"><sys_grid_canvas action="INSERT_OR_UPDATE"><legacy_page display_value="PA Incident Overview - New Tab 2">3b38d9c84733311008334d05516d43d7</legacy_page><name>PA Incident Overview - New Tab 2</name><sys_class_name>sys_grid_canvas</sys_class_name><sys_created_by>admin</sys_created_by><sys_created_on>2024-01-13 00:37:32</sys_created_on><sys_id>7f38d9c84733311008334d05516d43d7</sys_id><sys_mod_count>0</sys_mod_count><sys_name>PA Incident Overview - New Tab 2</sys_name><sys_package display_value="Solicitação de Crédito" source="x_1174267_solici_0">20d0b15f4727311008334d05516d430e</sys_package><sys_policy/><sys_scope display_value="Solicitação de Crédito">20d0b15f4727311008334d05516d430e</sys_scope><sys_update_name>sys_grid_canvas_7f38d9c84733311008334d05516d43d7</sys_update_name><sys_updated_by>admin</sys_updated_by><sys_updated_on>2024-01-13 00:37:32</sys_updated_on></sys_grid_canvas></record_update>]]></payload>
        <payload_hash>-2037888977</payload_hash>
        <record_name>PA Incident Overview - New Tab 2</record_name>
        <reverted_from/>
        <source>64d0b15f4727311008334d05516d4310</source>
        <source_table>sys_update_set</source_table>
        <state>previous</state>
        <sys_created_by>admin</sys_created_by>
        <sys_created_on>2024-01-13 00:37:32</sys_created_on>
        <sys_id>b738d9c84733311008334d05516d43d9</sys_id>
        <sys_mod_count>0</sys_mod_count>
        <sys_recorded_at>18d0040a3ef0000001</sys_recorded_at>
        <sys_updated_by>admin</sys_updated_by>
        <sys_updated_on>2024-01-13 00:37:32</sys_updated_on>
        <type>Grid Canvas</type>
        <update_guid>fb38d9c80c33311015577c0f07c313d8</update_guid>
        <update_guid_history>fb38d9c80c33311015577c0f07c313d8:-2037888977</update_guid_history>
    </sys_update_version>
    <sys_metadata_delete action="INSERT_OR_UPDATE">
        <sys_audit_delete/>
        <sys_class_name>sys_metadata_delete</sys_class_name>
        <sys_created_by>admin</sys_created_by>
        <sys_created_on>2024-01-13 00:37:55</sys_created_on>
        <sys_db_object display_value="" name="sys_grid_canvas">sys_grid_canvas</sys_db_object>
        <sys_id>0d6c4c6ef2c44b80a1ec236cb1281000</sys_id>
        <sys_metadata>7f38d9c84733311008334d05516d43d7</sys_metadata>
        <sys_mod_count>0</sys_mod_count>
        <sys_name>PA Incident Overview - New Tab 2</sys_name>
        <sys_package display_value="Solicitação de Crédito" source="x_1174267_solici_0">20d0b15f4727311008334d05516d430e</sys_package>
        <sys_parent/>
        <sys_policy/>
        <sys_scope display_value="Solicitação de Crédito">20d0b15f4727311008334d05516d430e</sys_scope>
        <sys_scope_delete display_value="">2401dd0265f342d09565f185e072f901</sys_scope_delete>
        <sys_update_name>sys_grid_canvas_7f38d9c84733311008334d05516d43d7</sys_update_name>
        <sys_update_version display_value="sys_grid_canvas_7f38d9c84733311008334d05516d43d7">b738d9c84733311008334d05516d43d9</sys_update_version>
        <sys_updated_by>admin</sys_updated_by>
        <sys_updated_on>2024-01-13 00:37:55</sys_updated_on>
    </sys_metadata_delete>
</record_update>
