<?xml version="1.0" encoding="UTF-8"?><record_update sys_domain="global" table="sys_ux_page_property">
    <sys_ux_page_property action="DELETE">
        <choices/>
        <description>A default view for Solicitação de Crédito Workspace generated</description>
        <name>view</name>
        <page display_value="Solicitação de Crédito Workspace">dc6aa2b82e3bb110b8056cf73df686e0</page>
        <required_translations/>
        <route/>
        <suffix/>
        <sys_class_name>sys_ux_page_property</sys_class_name>
        <sys_created_by>admin</sys_created_by>
        <sys_created_on>2024-01-15 14:31:51</sys_created_on>
        <sys_domain>global</sys_domain>
        <sys_domain_path>global</sys_domain_path>
        <sys_id>dc6aa2b8c33bb1104377c555229993c3</sys_id>
        <sys_mod_count>1</sys_mod_count>
        <sys_name>view</sys_name>
        <sys_package display_value="Solicitação de Crédito" source="x_1174267_solici_0">20d0b15f4727311008334d05516d430e</sys_package>
        <sys_policy/>
        <sys_scope display_value="Solicitação de Crédito">20d0b15f4727311008334d05516d430e</sys_scope>
        <sys_update_name>sys_ux_page_property_dc6aa2b8c33bb1104377c555229993c3</sys_update_name>
        <sys_updated_by>admin</sys_updated_by>
        <sys_updated_on>2024-01-15 14:31:58</sys_updated_on>
        <type>string</type>
        <unique_name>x_1174267_solici_0.dc6aa2b82e3bb110b8056cf73df686e0.root.view</unique_name>
        <value>workspace-solicitação-de-crédito-workspace-0</value>
    </sys_ux_page_property>
    <sys_translated_text action="DELETE" query="documentkey=dc6aa2b8c33bb1104377c555229993c3"/>
    <sys_update_version action="INSERT_OR_UPDATE">
        <action>DELETE</action>
        <application display_value="Solicitação de Crédito">20d0b15f4727311008334d05516d430e</application>
        <file_path/>
        <instance_id>811543badb26799005ef1729139619f6</instance_id>
        <instance_name>dev218783</instance_name>
        <name>sys_ux_page_property_dc6aa2b8c33bb1104377c555229993c3</name>
        <payload><![CDATA[<?xml version="1.0" encoding="UTF-8"?><record_update sys_domain="global" table="sys_ux_page_property"><sys_ux_page_property action="INSERT_OR_UPDATE"><choices/><description>A default view for Solicitação de Crédito Workspace generated</description><name>view</name><page display_value="Solicitação de Crédito Workspace">dc6aa2b82e3bb110b8056cf73df686e0</page><required_translations/><route/><suffix/><sys_class_name>sys_ux_page_property</sys_class_name><sys_created_by>admin</sys_created_by><sys_created_on>2024-01-15 14:31:51</sys_created_on><sys_domain>global</sys_domain><sys_domain_path>global</sys_domain_path><sys_id>dc6aa2b8c33bb1104377c555229993c3</sys_id><sys_mod_count>1</sys_mod_count><sys_name>view</sys_name><sys_package display_value="Solicitação de Crédito" source="x_1174267_solici_0">20d0b15f4727311008334d05516d430e</sys_package><sys_policy/><sys_scope display_value="Solicitação de Crédito">20d0b15f4727311008334d05516d430e</sys_scope><sys_update_name>sys_ux_page_property_dc6aa2b8c33bb1104377c555229993c3</sys_update_name><sys_updated_by>admin</sys_updated_by><sys_updated_on>2024-01-15 14:31:58</sys_updated_on><type>string</type><unique_name>x_1174267_solici_0.dc6aa2b82e3bb110b8056cf73df686e0.root.view</unique_name><value>workspace-solicitação-de-crédito-workspace-0</value></sys_ux_page_property><sys_translated_text action="delete_multiple" query="documentkey=dc6aa2b8c33bb1104377c555229993c3"/></record_update>]]></payload>
        <payload_hash>403541168</payload_hash>
        <record_name>view</record_name>
        <reverted_from/>
        <source>64d0b15f4727311008334d05516d4310</source>
        <source_table>sys_update_set</source_table>
        <state>previous</state>
        <sys_created_by>admin</sys_created_by>
        <sys_created_on>2024-01-15 14:31:58</sys_created_on>
        <sys_id>066a66b8473bb11008334d05516d43c8</sys_id>
        <sys_mod_count>0</sys_mod_count>
        <sys_recorded_at>18d0d894b5e0000001</sys_recorded_at>
        <sys_updated_by>admin</sys_updated_by>
        <sys_updated_on>2024-01-15 14:31:58</sys_updated_on>
        <type>UX Page Property</type>
        <update_guid>0e6a66b80a3bb110e55ce569c457b0c7</update_guid>
        <update_guid_history>0e6a66b80a3bb110e55ce569c457b0c7:403541168,0a6a66b8a73bb110e7d29b3c39f304c6:1718090668</update_guid_history>
    </sys_update_version>
    <sys_metadata_delete action="INSERT_OR_UPDATE">
        <sys_audit_delete/>
        <sys_class_name>sys_metadata_delete</sys_class_name>
        <sys_created_by>admin</sys_created_by>
        <sys_created_on>2024-01-15 16:32:37</sys_created_on>
        <sys_db_object display_value="" name="sys_ux_page_property">sys_ux_page_property</sys_db_object>
        <sys_id>27739ffa91994d60adc555a18db52400</sys_id>
        <sys_metadata>dc6aa2b8c33bb1104377c555229993c3</sys_metadata>
        <sys_mod_count>0</sys_mod_count>
        <sys_name>view</sys_name>
        <sys_package display_value="Solicitação de Crédito" source="x_1174267_solici_0">20d0b15f4727311008334d05516d430e</sys_package>
        <sys_parent/>
        <sys_policy/>
        <sys_scope display_value="Solicitação de Crédito">20d0b15f4727311008334d05516d430e</sys_scope>
        <sys_scope_delete display_value="">2401dd0265f342d09565f185e072f901</sys_scope_delete>
        <sys_update_name>sys_ux_page_property_dc6aa2b8c33bb1104377c555229993c3</sys_update_name>
        <sys_update_version display_value="sys_ux_page_property_dc6aa2b8c33bb1104377c555229993c3">066a66b8473bb11008334d05516d43c8</sys_update_version>
        <sys_updated_by>admin</sys_updated_by>
        <sys_updated_on>2024-01-15 16:32:37</sys_updated_on>
    </sys_metadata_delete>
</record_update>
