<?xml version="1.0" encoding="UTF-8"?><record_update sys_domain="global" table="sys_ux_page_property">
    <sys_ux_page_property action="DELETE">
        <choices/>
        <description/>
        <name>chrome_footer</name>
        <page display_value="">7d7643b464bbb1106576bef17d378716</page>
        <required_translations>[ ]</required_translations>
        <route/>
        <suffix/>
        <sys_class_name>sys_ux_page_property</sys_class_name>
        <sys_created_by>admin</sys_created_by>
        <sys_created_on>2024-01-15 16:34:34</sys_created_on>
        <sys_domain>global</sys_domain>
        <sys_domain_path>global</sys_domain_path>
        <sys_id>b97643b4d9bbb11094e61ce21557dd06</sys_id>
        <sys_mod_count>0</sys_mod_count>
        <sys_name>chrome_footer</sys_name>
        <sys_package display_value="Solicitação de Crédito" source="x_1174267_solici_0">20d0b15f4727311008334d05516d430e</sys_package>
        <sys_policy/>
        <sys_scope display_value="Solicitação de Crédito">20d0b15f4727311008334d05516d430e</sys_scope>
        <sys_update_name>sys_ux_page_property_b97643b4d9bbb11094e61ce21557dd06</sys_update_name>
        <sys_updated_by>admin</sys_updated_by>
        <sys_updated_on>2024-01-15 16:34:34</sys_updated_on>
        <type>json</type>
        <unique_name>x_1174267_solici_0.7d7643b464bbb1106576bef17d378716.root.chrome_footer</unique_name>
        <value>{"public_page":{"enable_footer_topbar":false,"footer_topbar_options":{},"enable_footer_bar":false,"footer_bar_options":{}}}</value>
    </sys_ux_page_property>
    <sys_update_version action="INSERT_OR_UPDATE">
        <action>DELETE</action>
        <application display_value="Solicitação de Crédito">20d0b15f4727311008334d05516d430e</application>
        <file_path/>
        <instance_id>811543badb26799005ef1729139619f6</instance_id>
        <instance_name>dev218783</instance_name>
        <name>sys_ux_page_property_b97643b4d9bbb11094e61ce21557dd06</name>
        <payload><![CDATA[<?xml version="1.0" encoding="UTF-8"?><record_update sys_domain="global" table="sys_ux_page_property"><sys_ux_page_property action="INSERT_OR_UPDATE"><choices/><description/><name>chrome_footer</name><page display_value="">7d7643b464bbb1106576bef17d378716</page><required_translations>[ ]</required_translations><route/><suffix/><sys_class_name>sys_ux_page_property</sys_class_name><sys_created_by>admin</sys_created_by><sys_created_on>2024-01-15 16:34:34</sys_created_on><sys_domain>global</sys_domain><sys_domain_path>global</sys_domain_path><sys_id>b97643b4d9bbb11094e61ce21557dd06</sys_id><sys_mod_count>0</sys_mod_count><sys_name>chrome_footer</sys_name><sys_package display_value="Solicitação de Crédito" source="x_1174267_solici_0">20d0b15f4727311008334d05516d430e</sys_package><sys_policy/><sys_scope display_value="Solicitação de Crédito">20d0b15f4727311008334d05516d430e</sys_scope><sys_update_name>sys_ux_page_property_b97643b4d9bbb11094e61ce21557dd06</sys_update_name><sys_updated_by>admin</sys_updated_by><sys_updated_on>2024-01-15 16:34:34</sys_updated_on><type>json</type><unique_name>x_1174267_solici_0.7d7643b464bbb1106576bef17d378716.root.chrome_footer</unique_name><value>{"public_page":{"enable_footer_topbar":false,"footer_topbar_options":{},"enable_footer_bar":false,"footer_bar_options":{}}}</value></sys_ux_page_property></record_update>]]></payload>
        <payload_hash>-694291535</payload_hash>
        <record_name>chrome_footer</record_name>
        <reverted_from/>
        <source/>
        <source_table>sys_upgrade_history</source_table>
        <state>previous</state>
        <sys_created_by>admin</sys_created_by>
        <sys_created_on>2024-02-23 22:39:14</sys_created_on>
        <sys_id>54ff0d254720021008334d05516d4350</sys_id>
        <sys_mod_count>0</sys_mod_count>
        <sys_recorded_at>18dd81f6e030000001</sys_recorded_at>
        <sys_updated_by>admin</sys_updated_by>
        <sys_updated_on>2024-02-23 22:39:14</sys_updated_on>
        <type>UX Page Property</type>
        <update_guid>14ff0d25222002106b34b3e7eea77350</update_guid>
        <update_guid_history>14ff0d25222002106b34b3e7eea77350:-694291535</update_guid_history>
    </sys_update_version>
    <sys_metadata_delete action="INSERT_OR_UPDATE">
        <sys_audit_delete/>
        <sys_class_name>sys_metadata_delete</sys_class_name>
        <sys_created_by>admin</sys_created_by>
        <sys_created_on>2024-02-23 22:39:14</sys_created_on>
        <sys_db_object display_value="" name="sys_ux_page_property">sys_ux_page_property</sys_db_object>
        <sys_id>8986c0c756e347e79abbf7e3fbabf4f9</sys_id>
        <sys_metadata>b97643b4d9bbb11094e61ce21557dd06</sys_metadata>
        <sys_mod_count>0</sys_mod_count>
        <sys_name>chrome_footer</sys_name>
        <sys_package display_value="Solicitação de Crédito" source="x_1174267_solici_0">20d0b15f4727311008334d05516d430e</sys_package>
        <sys_parent/>
        <sys_policy/>
        <sys_scope display_value="Solicitação de Crédito">20d0b15f4727311008334d05516d430e</sys_scope>
        <sys_scope_delete display_value="">2401dd0265f342d09565f185e072f901</sys_scope_delete>
        <sys_update_name>sys_ux_page_property_b97643b4d9bbb11094e61ce21557dd06</sys_update_name>
        <sys_update_version display_value="sys_ux_page_property_b97643b4d9bbb11094e61ce21557dd06">54ff0d254720021008334d05516d4350</sys_update_version>
        <sys_updated_by>admin</sys_updated_by>
        <sys_updated_on>2024-02-23 22:39:14</sys_updated_on>
    </sys_metadata_delete>
</record_update>
