<?xml version="1.0" encoding="UTF-8"?><record_update sys_domain="global" table="sys_ux_page_property">
    <sys_ux_page_property action="DELETE">
        <choices/>
        <description>Tabs Configuration</description>
        <name>chrome_tab</name>
        <page display_value="Solicitação de Crédito Workspace">dc6aa2b82e3bb110b8056cf73df686e0</page>
        <required_translations>[ {
  "message" : "New Auditoria",
  "comment" : ""
}, {
  "message" : "New Solicitações de Crédito",
  "comment" : ""
} ]</required_translations>
        <route/>
        <suffix/>
        <sys_class_name>sys_ux_page_property</sys_class_name>
        <sys_created_by>admin</sys_created_by>
        <sys_created_on>2024-01-15 14:31:51</sys_created_on>
        <sys_domain>global</sys_domain>
        <sys_domain_path>global</sys_domain_path>
        <sys_id>906aa2b82f3bb110ab0aef4d784f25c4</sys_id>
        <sys_mod_count>1</sys_mod_count>
        <sys_name>chrome_tab</sys_name>
        <sys_package display_value="Solicitação de Crédito" source="x_1174267_solici_0">20d0b15f4727311008334d05516d430e</sys_package>
        <sys_policy/>
        <sys_scope display_value="Solicitação de Crédito">20d0b15f4727311008334d05516d430e</sys_scope>
        <sys_update_name>sys_ux_page_property_906aa2b82f3bb110ab0aef4d784f25c4</sys_update_name>
        <sys_updated_by>admin</sys_updated_by>
        <sys_updated_on>2024-01-15 14:31:55</sys_updated_on>
        <type>json</type>
        <unique_name>x_1174267_solici_0.dc6aa2b82e3bb110b8056cf73df686e0.root.chrome_tab</unique_name>
        <value>{"contextual":["record"],"newTabMenu":[{"label":{"translatable":true,"message":"New Solicitações de Crédito"},"routeInfo":{"route":"record","fields":{"table":"x_1174267_solici_0_solicitacoesdecredito","sysId":"-1"},"multiInstField":"sysId"},"condition":{"tableDescription":{"table":"x_1174267_solici_0_solicitacoesdecredito","canCreate":true}}},{"label":{"translatable":true,"message":"New Auditoria"},"routeInfo":{"route":"record","fields":{"table":"x_1174267_solici_0_auditoria","sysId":"-1"},"multiInstField":"sysId"},"condition":{"tableDescription":{"table":"x_1174267_solici_0_auditoria","canCreate":true}}}],"maxMainTabLimit":10,"maxTotalSubTabLimit":30}</value>
    </sys_ux_page_property>
    <sys_translated_text action="DELETE" query="documentkey=906aa2b82f3bb110ab0aef4d784f25c4"/>
    <sys_update_version action="INSERT_OR_UPDATE">
        <action>DELETE</action>
        <application display_value="Solicitação de Crédito">20d0b15f4727311008334d05516d430e</application>
        <file_path/>
        <instance_id>811543badb26799005ef1729139619f6</instance_id>
        <instance_name>dev218783</instance_name>
        <name>sys_ux_page_property_906aa2b82f3bb110ab0aef4d784f25c4</name>
        <payload><![CDATA[<?xml version="1.0" encoding="UTF-8"?><record_update sys_domain="global" table="sys_ux_page_property"><sys_ux_page_property action="INSERT_OR_UPDATE"><choices/><description>Tabs Configuration</description><name>chrome_tab</name><page display_value="Solicitação de Crédito Workspace">dc6aa2b82e3bb110b8056cf73df686e0</page><required_translations>[ {
  "message" : "New Auditoria",
  "comment" : ""
}, {
  "message" : "New Solicitações de Crédito",
  "comment" : ""
} ]</required_translations><route/><suffix/><sys_class_name>sys_ux_page_property</sys_class_name><sys_created_by>admin</sys_created_by><sys_created_on>2024-01-15 14:31:51</sys_created_on><sys_domain>global</sys_domain><sys_domain_path>global</sys_domain_path><sys_id>906aa2b82f3bb110ab0aef4d784f25c4</sys_id><sys_mod_count>1</sys_mod_count><sys_name>chrome_tab</sys_name><sys_package display_value="Solicitação de Crédito" source="x_1174267_solici_0">20d0b15f4727311008334d05516d430e</sys_package><sys_policy/><sys_scope display_value="Solicitação de Crédito">20d0b15f4727311008334d05516d430e</sys_scope><sys_update_name>sys_ux_page_property_906aa2b82f3bb110ab0aef4d784f25c4</sys_update_name><sys_updated_by>admin</sys_updated_by><sys_updated_on>2024-01-15 14:31:55</sys_updated_on><type>json</type><unique_name>x_1174267_solici_0.dc6aa2b82e3bb110b8056cf73df686e0.root.chrome_tab</unique_name><value>{"contextual":["record"],"newTabMenu":[{"label":{"translatable":true,"message":"New Solicitações de Crédito"},"routeInfo":{"route":"record","fields":{"table":"x_1174267_solici_0_solicitacoesdecredito","sysId":"-1"},"multiInstField":"sysId"},"condition":{"tableDescription":{"table":"x_1174267_solici_0_solicitacoesdecredito","canCreate":true}}},{"label":{"translatable":true,"message":"New Auditoria"},"routeInfo":{"route":"record","fields":{"table":"x_1174267_solici_0_auditoria","sysId":"-1"},"multiInstField":"sysId"},"condition":{"tableDescription":{"table":"x_1174267_solici_0_auditoria","canCreate":true}}}],"maxMainTabLimit":10,"maxTotalSubTabLimit":30}</value></sys_ux_page_property><sys_translated_text action="delete_multiple" query="documentkey=906aa2b82f3bb110ab0aef4d784f25c4"/></record_update>]]></payload>
        <payload_hash>994531992</payload_hash>
        <record_name>chrome_tab</record_name>
        <reverted_from/>
        <source>64d0b15f4727311008334d05516d4310</source>
        <source_table>sys_update_set</source_table>
        <state>previous</state>
        <sys_created_by>admin</sys_created_by>
        <sys_created_on>2024-01-15 14:31:55</sys_created_on>
        <sys_id>296a26b8473bb11008334d05516d43bb</sys_id>
        <sys_mod_count>0</sys_mod_count>
        <sys_recorded_at>18d0d8943290000001</sys_recorded_at>
        <sys_updated_by>admin</sys_updated_by>
        <sys_updated_on>2024-01-15 14:31:55</sys_updated_on>
        <type>UX Page Property</type>
        <update_guid>ed6a26b8823bb110b6c8ff71dd425aba</update_guid>
        <update_guid_history>ed6a26b8823bb110b6c8ff71dd425aba:994531992,a56a26b8353bb110757ee341294a22b9:-542001962</update_guid_history>
    </sys_update_version>
    <sys_metadata_delete action="INSERT_OR_UPDATE">
        <sys_audit_delete/>
        <sys_class_name>sys_metadata_delete</sys_class_name>
        <sys_created_by>admin</sys_created_by>
        <sys_created_on>2024-01-15 16:32:37</sys_created_on>
        <sys_db_object display_value="" name="sys_ux_page_property">sys_ux_page_property</sys_db_object>
        <sys_id>5f30aeea2e7b4a0bba92a6f20dde9d79</sys_id>
        <sys_metadata>906aa2b82f3bb110ab0aef4d784f25c4</sys_metadata>
        <sys_mod_count>0</sys_mod_count>
        <sys_name>chrome_tab</sys_name>
        <sys_package display_value="Solicitação de Crédito" source="x_1174267_solici_0">20d0b15f4727311008334d05516d430e</sys_package>
        <sys_parent/>
        <sys_policy/>
        <sys_scope display_value="Solicitação de Crédito">20d0b15f4727311008334d05516d430e</sys_scope>
        <sys_scope_delete display_value="">2401dd0265f342d09565f185e072f901</sys_scope_delete>
        <sys_update_name>sys_ux_page_property_906aa2b82f3bb110ab0aef4d784f25c4</sys_update_name>
        <sys_update_version display_value="sys_ux_page_property_906aa2b82f3bb110ab0aef4d784f25c4">296a26b8473bb11008334d05516d43bb</sys_update_version>
        <sys_updated_by>admin</sys_updated_by>
        <sys_updated_on>2024-01-15 16:32:37</sys_updated_on>
    </sys_metadata_delete>
</record_update>
