<?xml version="1.0" encoding="UTF-8"?><record_update sys_domain="global" table="sys_ux_page_property">
    <sys_ux_page_property action="DELETE">
        <choices/>
        <description>Contains references to global search configurations to be consumed by search components</description>
        <name>global_search_configurations</name>
        <page display_value="">7d7643b464bbb1106576bef17d378716</page>
        <required_translations>[]</required_translations>
        <route/>
        <suffix/>
        <sys_class_name>sys_ux_page_property</sys_class_name>
        <sys_created_by>admin</sys_created_by>
        <sys_created_on>2024-01-15 16:34:34</sys_created_on>
        <sys_domain>global</sys_domain>
        <sys_domain_path>global</sys_domain_path>
        <sys_id>757643b423bbb110285fef897c365a05</sys_id>
        <sys_mod_count>0</sys_mod_count>
        <sys_name>global_search_configurations</sys_name>
        <sys_package display_value="Solicitação de Crédito" source="x_1174267_solici_0">20d0b15f4727311008334d05516d430e</sys_package>
        <sys_policy/>
        <sys_scope display_value="Solicitação de Crédito">20d0b15f4727311008334d05516d430e</sys_scope>
        <sys_update_name>sys_ux_page_property_757643b423bbb110285fef897c365a05</sys_update_name>
        <sys_updated_by>admin</sys_updated_by>
        <sys_updated_on>2024-01-15 16:34:34</sys_updated_on>
        <type>json</type>
        <unique_name>x_1174267_solici_0.7d7643b464bbb1106576bef17d378716.root.global_search_configurations</unique_name>
        <value>{&#13;
    "globalSearchViewConfigId": "97a574ea53c0130084acddeeff7b12a6",&#13;
"globalSearchRoute": "search"&#13;
}</value>
    </sys_ux_page_property>
    <sys_update_version action="INSERT_OR_UPDATE">
        <action>DELETE</action>
        <application display_value="Solicitação de Crédito">20d0b15f4727311008334d05516d430e</application>
        <file_path/>
        <instance_id>811543badb26799005ef1729139619f6</instance_id>
        <instance_name>dev218783</instance_name>
        <name>sys_ux_page_property_757643b423bbb110285fef897c365a05</name>
        <payload><![CDATA[<?xml version="1.0" encoding="UTF-8"?><record_update sys_domain="global" table="sys_ux_page_property"><sys_ux_page_property action="INSERT_OR_UPDATE"><choices/><description>Contains references to global search configurations to be consumed by search components</description><name>global_search_configurations</name><page display_value="">7d7643b464bbb1106576bef17d378716</page><required_translations>[]</required_translations><route/><suffix/><sys_class_name>sys_ux_page_property</sys_class_name><sys_created_by>admin</sys_created_by><sys_created_on>2024-01-15 16:34:34</sys_created_on><sys_domain>global</sys_domain><sys_domain_path>global</sys_domain_path><sys_id>757643b423bbb110285fef897c365a05</sys_id><sys_mod_count>0</sys_mod_count><sys_name>global_search_configurations</sys_name><sys_package display_value="Solicitação de Crédito" source="x_1174267_solici_0">20d0b15f4727311008334d05516d430e</sys_package><sys_policy/><sys_scope display_value="Solicitação de Crédito">20d0b15f4727311008334d05516d430e</sys_scope><sys_update_name>sys_ux_page_property_757643b423bbb110285fef897c365a05</sys_update_name><sys_updated_by>admin</sys_updated_by><sys_updated_on>2024-01-15 16:34:34</sys_updated_on><type>json</type><unique_name>x_1174267_solici_0.7d7643b464bbb1106576bef17d378716.root.global_search_configurations</unique_name><value>{&#13;
    "globalSearchViewConfigId": "97a574ea53c0130084acddeeff7b12a6",&#13;
"globalSearchRoute": "search"&#13;
}</value></sys_ux_page_property></record_update>]]></payload>
        <payload_hash>1158077105</payload_hash>
        <record_name>global_search_configurations</record_name>
        <reverted_from/>
        <source/>
        <source_table>sys_upgrade_history</source_table>
        <state>previous</state>
        <sys_created_by>admin</sys_created_by>
        <sys_created_on>2024-02-23 22:39:14</sys_created_on>
        <sys_id>58ff0d254720021008334d05516d4338</sys_id>
        <sys_mod_count>0</sys_mod_count>
        <sys_recorded_at>18dd81f6d270000001</sys_recorded_at>
        <sys_updated_by>admin</sys_updated_by>
        <sys_updated_on>2024-02-23 22:39:14</sys_updated_on>
        <type>UX Page Property</type>
        <update_guid>18ff0d25cb2002102b8195afb9828438</update_guid>
        <update_guid_history>18ff0d25cb2002102b8195afb9828438:1158077105</update_guid_history>
    </sys_update_version>
    <sys_metadata_delete action="INSERT_OR_UPDATE">
        <sys_audit_delete/>
        <sys_class_name>sys_metadata_delete</sys_class_name>
        <sys_created_by>admin</sys_created_by>
        <sys_created_on>2024-02-23 22:39:14</sys_created_on>
        <sys_db_object display_value="" name="sys_ux_page_property">sys_ux_page_property</sys_db_object>
        <sys_id>5d58636f3fff440b9c5723a72f3b5d11</sys_id>
        <sys_metadata>757643b423bbb110285fef897c365a05</sys_metadata>
        <sys_mod_count>0</sys_mod_count>
        <sys_name>global_search_configurations</sys_name>
        <sys_package display_value="Solicitação de Crédito" source="x_1174267_solici_0">20d0b15f4727311008334d05516d430e</sys_package>
        <sys_parent/>
        <sys_policy/>
        <sys_scope display_value="Solicitação de Crédito">20d0b15f4727311008334d05516d430e</sys_scope>
        <sys_scope_delete display_value="">2401dd0265f342d09565f185e072f901</sys_scope_delete>
        <sys_update_name>sys_ux_page_property_757643b423bbb110285fef897c365a05</sys_update_name>
        <sys_update_version display_value="sys_ux_page_property_757643b423bbb110285fef897c365a05">58ff0d254720021008334d05516d4338</sys_update_version>
        <sys_updated_by>admin</sys_updated_by>
        <sys_updated_on>2024-02-23 22:39:14</sys_updated_on>
    </sys_metadata_delete>
</record_update>
