<?xml version="1.0" encoding="UTF-8"?><record_update table="sys_ux_page_registry">
    <sys_ux_page_registry action="DELETE">
        <active>true</active>
        <admin_panel>b17643b4ecbbb1100a1c9e580a429b17</admin_panel>
        <admin_panel_table>sys_ux_app_config</admin_panel_table>
        <auth_routes/>
        <page/>
        <parent_app display_value="Unified Navigation app shell">c86a62e2c7022010099a308dc7c26022</parent_app>
        <path>solicitao-de-crdito</path>
        <root_macroponent display_value="Workspace App Shell">c276387cc331101080d6d3658940ddd2</root_macroponent>
        <sys_class_name>sys_ux_page_registry</sys_class_name>
        <sys_created_by>admin</sys_created_by>
        <sys_created_on>2024-01-15 16:34:34</sys_created_on>
        <sys_id>7d7643b464bbb1106576bef17d378716</sys_id>
        <sys_mod_count>0</sys_mod_count>
        <sys_name>Solicitação de Crédito</sys_name>
        <sys_package display_value="Solicitação de Crédito" source="x_1174267_solici_0">20d0b15f4727311008334d05516d430e</sys_package>
        <sys_policy/>
        <sys_scope display_value="Solicitação de Crédito">20d0b15f4727311008334d05516d430e</sys_scope>
        <sys_update_name>sys_ux_page_registry_7d7643b464bbb1106576bef17d378716</sys_update_name>
        <sys_updated_by>admin</sys_updated_by>
        <sys_updated_on>2024-01-15 16:34:34</sys_updated_on>
        <title>Solicitação de Crédito</title>
    </sys_ux_page_registry>
    <sys_update_version action="INSERT_OR_UPDATE">
        <action>DELETE</action>
        <application display_value="Solicitação de Crédito">20d0b15f4727311008334d05516d430e</application>
        <file_path/>
        <instance_id>811543badb26799005ef1729139619f6</instance_id>
        <instance_name>dev218783</instance_name>
        <name>sys_ux_page_registry_7d7643b464bbb1106576bef17d378716</name>
        <payload><![CDATA[<?xml version="1.0" encoding="UTF-8"?><record_update table="sys_ux_page_registry"><sys_ux_page_registry action="INSERT_OR_UPDATE"><active>true</active><admin_panel>b17643b4ecbbb1100a1c9e580a429b17</admin_panel><admin_panel_table>sys_ux_app_config</admin_panel_table><auth_routes/><page/><parent_app display_value="Unified Navigation app shell">c86a62e2c7022010099a308dc7c26022</parent_app><path>solicitao-de-crdito</path><root_macroponent display_value="Workspace App Shell">c276387cc331101080d6d3658940ddd2</root_macroponent><sys_class_name>sys_ux_page_registry</sys_class_name><sys_created_by>admin</sys_created_by><sys_created_on>2024-01-15 16:34:34</sys_created_on><sys_id>7d7643b464bbb1106576bef17d378716</sys_id><sys_mod_count>0</sys_mod_count><sys_name>Solicitação de Crédito</sys_name><sys_package display_value="Solicitação de Crédito" source="x_1174267_solici_0">20d0b15f4727311008334d05516d430e</sys_package><sys_policy/><sys_scope display_value="Solicitação de Crédito">20d0b15f4727311008334d05516d430e</sys_scope><sys_update_name>sys_ux_page_registry_7d7643b464bbb1106576bef17d378716</sys_update_name><sys_updated_by>admin</sys_updated_by><sys_updated_on>2024-01-15 16:34:34</sys_updated_on><title>Solicitação de Crédito</title></sys_ux_page_registry></record_update>]]></payload>
        <payload_hash>1791589008</payload_hash>
        <record_name>Solicitação de Crédito</record_name>
        <reverted_from/>
        <source/>
        <source_table>sys_upgrade_history</source_table>
        <state>previous</state>
        <sys_created_by>admin</sys_created_by>
        <sys_created_on>2024-02-23 22:39:14</sys_created_on>
        <sys_id>10ff09254720021008334d05516d43a8</sys_id>
        <sys_mod_count>0</sys_mod_count>
        <sys_recorded_at>18dd81f6a9b0000001</sys_recorded_at>
        <sys_updated_by>admin</sys_updated_by>
        <sys_updated_on>2024-02-23 22:39:14</sys_updated_on>
        <type>UX Application</type>
        <update_guid>dcff092572200210521ce3e0a2ff93a7</update_guid>
        <update_guid_history>dcff092572200210521ce3e0a2ff93a7:1791589008</update_guid_history>
    </sys_update_version>
    <sys_metadata_delete action="INSERT_OR_UPDATE">
        <sys_audit_delete/>
        <sys_class_name>sys_metadata_delete</sys_class_name>
        <sys_created_by>admin</sys_created_by>
        <sys_created_on>2024-02-23 22:39:15</sys_created_on>
        <sys_db_object display_value="" name="sys_ux_page_registry">sys_ux_page_registry</sys_db_object>
        <sys_id>27b02d154be043cbb89b8beaf3e0abf9</sys_id>
        <sys_metadata>7d7643b464bbb1106576bef17d378716</sys_metadata>
        <sys_mod_count>0</sys_mod_count>
        <sys_name>Solicitação de Crédito</sys_name>
        <sys_package display_value="Solicitação de Crédito" source="x_1174267_solici_0">20d0b15f4727311008334d05516d430e</sys_package>
        <sys_parent/>
        <sys_policy/>
        <sys_scope display_value="Solicitação de Crédito">20d0b15f4727311008334d05516d430e</sys_scope>
        <sys_scope_delete display_value="">2401dd0265f342d09565f185e072f901</sys_scope_delete>
        <sys_update_name>sys_ux_page_registry_7d7643b464bbb1106576bef17d378716</sys_update_name>
        <sys_update_version display_value="sys_ux_page_registry_7d7643b464bbb1106576bef17d378716">10ff09254720021008334d05516d43a8</sys_update_version>
        <sys_updated_by>admin</sys_updated_by>
        <sys_updated_on>2024-02-23 22:39:15</sys_updated_on>
    </sys_metadata_delete>
</record_update>
