<?xml version="1.0" encoding="UTF-8"?><record_update sys_domain="global" table="sys_ux_page_property">
    <sys_ux_page_property action="DELETE">
        <choices/>
        <description>sys_ux_applicability sys_id for Workspace audience</description>
        <name>wbApplicabilityConfigId</name>
        <page display_value="Solicitação de Crédito Workspace">dc6aa2b82e3bb110b8056cf73df686e0</page>
        <required_translations/>
        <route/>
        <suffix/>
        <sys_class_name>sys_ux_page_property</sys_class_name>
        <sys_created_by>admin</sys_created_by>
        <sys_created_on>2024-01-15 14:31:50</sys_created_on>
        <sys_domain>global</sys_domain>
        <sys_domain_path>global</sys_domain_path>
        <sys_id>1c6aa2b8933bb110c32a1a8f1a7123c3</sys_id>
        <sys_mod_count>1</sys_mod_count>
        <sys_name>wbApplicabilityConfigId</sys_name>
        <sys_package display_value="Solicitação de Crédito" source="x_1174267_solici_0">20d0b15f4727311008334d05516d430e</sys_package>
        <sys_policy/>
        <sys_scope display_value="Solicitação de Crédito">20d0b15f4727311008334d05516d430e</sys_scope>
        <sys_update_name>sys_ux_page_property_1c6aa2b8933bb110c32a1a8f1a7123c3</sys_update_name>
        <sys_updated_by>admin</sys_updated_by>
        <sys_updated_on>2024-01-15 14:31:54</sys_updated_on>
        <type>string</type>
        <unique_name>x_1174267_solici_0.dc6aa2b82e3bb110b8056cf73df686e0.root.wbApplicabilityConfigId</unique_name>
        <value>856ae2b8473bb11008334d05516d43c0</value>
    </sys_ux_page_property>
    <sys_translated_text action="DELETE" query="documentkey=1c6aa2b8933bb110c32a1a8f1a7123c3"/>
    <sys_update_version action="INSERT_OR_UPDATE">
        <action>DELETE</action>
        <application display_value="Solicitação de Crédito">20d0b15f4727311008334d05516d430e</application>
        <file_path/>
        <instance_id>811543badb26799005ef1729139619f6</instance_id>
        <instance_name>dev218783</instance_name>
        <name>sys_ux_page_property_1c6aa2b8933bb110c32a1a8f1a7123c3</name>
        <payload><![CDATA[<?xml version="1.0" encoding="UTF-8"?><record_update sys_domain="global" table="sys_ux_page_property"><sys_ux_page_property action="INSERT_OR_UPDATE"><choices/><description>sys_ux_applicability sys_id for Workspace audience</description><name>wbApplicabilityConfigId</name><page display_value="Solicitação de Crédito Workspace">dc6aa2b82e3bb110b8056cf73df686e0</page><required_translations/><route/><suffix/><sys_class_name>sys_ux_page_property</sys_class_name><sys_created_by>admin</sys_created_by><sys_created_on>2024-01-15 14:31:50</sys_created_on><sys_domain>global</sys_domain><sys_domain_path>global</sys_domain_path><sys_id>1c6aa2b8933bb110c32a1a8f1a7123c3</sys_id><sys_mod_count>1</sys_mod_count><sys_name>wbApplicabilityConfigId</sys_name><sys_package display_value="Solicitação de Crédito" source="x_1174267_solici_0">20d0b15f4727311008334d05516d430e</sys_package><sys_policy/><sys_scope display_value="Solicitação de Crédito">20d0b15f4727311008334d05516d430e</sys_scope><sys_update_name>sys_ux_page_property_1c6aa2b8933bb110c32a1a8f1a7123c3</sys_update_name><sys_updated_by>admin</sys_updated_by><sys_updated_on>2024-01-15 14:31:54</sys_updated_on><type>string</type><unique_name>x_1174267_solici_0.dc6aa2b82e3bb110b8056cf73df686e0.root.wbApplicabilityConfigId</unique_name><value>856ae2b8473bb11008334d05516d43c0</value></sys_ux_page_property><sys_translated_text action="delete_multiple" query="documentkey=1c6aa2b8933bb110c32a1a8f1a7123c3"/></record_update>]]></payload>
        <payload_hash>91221365</payload_hash>
        <record_name>wbApplicabilityConfigId</record_name>
        <reverted_from/>
        <source>64d0b15f4727311008334d05516d4310</source>
        <source_table>sys_update_set</source_table>
        <state>previous</state>
        <sys_created_by>admin</sys_created_by>
        <sys_created_on>2024-01-15 14:31:54</sys_created_on>
        <sys_id>516ae2b8473bb11008334d05516d43e0</sys_id>
        <sys_mod_count>0</sys_mod_count>
        <sys_recorded_at>18d0d893beb0000001</sys_recorded_at>
        <sys_updated_by>admin</sys_updated_by>
        <sys_updated_on>2024-01-15 14:31:54</sys_updated_on>
        <type>UX Page Property</type>
        <update_guid>596ae2b8f33bb110fe2ee49bf618b3df</update_guid>
        <update_guid_history>596ae2b8f33bb110fe2ee49bf618b3df:91221365,556ae2b8a03bb1109f2c1c25d6a6ffc5:1867352663</update_guid_history>
    </sys_update_version>
    <sys_metadata_delete action="INSERT_OR_UPDATE">
        <sys_audit_delete/>
        <sys_class_name>sys_metadata_delete</sys_class_name>
        <sys_created_by>admin</sys_created_by>
        <sys_created_on>2024-01-15 16:32:36</sys_created_on>
        <sys_db_object display_value="" name="sys_ux_page_property">sys_ux_page_property</sys_db_object>
        <sys_id>11f145f5e133485c8eeaf2276620ef69</sys_id>
        <sys_metadata>1c6aa2b8933bb110c32a1a8f1a7123c3</sys_metadata>
        <sys_mod_count>0</sys_mod_count>
        <sys_name>wbApplicabilityConfigId</sys_name>
        <sys_package display_value="Solicitação de Crédito" source="x_1174267_solici_0">20d0b15f4727311008334d05516d430e</sys_package>
        <sys_parent/>
        <sys_policy/>
        <sys_scope display_value="Solicitação de Crédito">20d0b15f4727311008334d05516d430e</sys_scope>
        <sys_scope_delete display_value="">2401dd0265f342d09565f185e072f901</sys_scope_delete>
        <sys_update_name>sys_ux_page_property_1c6aa2b8933bb110c32a1a8f1a7123c3</sys_update_name>
        <sys_update_version display_value="sys_ux_page_property_1c6aa2b8933bb110c32a1a8f1a7123c3">516ae2b8473bb11008334d05516d43e0</sys_update_version>
        <sys_updated_by>admin</sys_updated_by>
        <sys_updated_on>2024-01-15 16:32:36</sys_updated_on>
    </sys_metadata_delete>
</record_update>
