<?xml version="1.0" encoding="UTF-8"?><record_update table="sys_ux_page_registry">
    <sys_ux_page_registry action="DELETE">
        <active>true</active>
        <admin_panel>146aa2b8f83bb110d3475b58ef9a5ee1</admin_panel>
        <admin_panel_table>sys_ux_app_config</admin_panel_table>
        <auth_routes/>
        <page/>
        <parent_app display_value="Unified Navigation app shell">c86a62e2c7022010099a308dc7c26022</parent_app>
        <path>solicitao-de-crdito-workspace</path>
        <root_macroponent display_value="Workspace App Shell">c276387cc331101080d6d3658940ddd2</root_macroponent>
        <sys_class_name>sys_ux_page_registry</sys_class_name>
        <sys_created_by>admin</sys_created_by>
        <sys_created_on>2024-01-15 14:31:51</sys_created_on>
        <sys_id>dc6aa2b82e3bb110b8056cf73df686e0</sys_id>
        <sys_mod_count>0</sys_mod_count>
        <sys_name>Solicitação de Crédito Workspace</sys_name>
        <sys_package display_value="Solicitação de Crédito" source="x_1174267_solici_0">20d0b15f4727311008334d05516d430e</sys_package>
        <sys_policy/>
        <sys_scope display_value="Solicitação de Crédito">20d0b15f4727311008334d05516d430e</sys_scope>
        <sys_update_name>sys_ux_page_registry_dc6aa2b82e3bb110b8056cf73df686e0</sys_update_name>
        <sys_updated_by>admin</sys_updated_by>
        <sys_updated_on>2024-01-15 14:31:51</sys_updated_on>
        <title>Solicitação de Crédito Workspace</title>
    </sys_ux_page_registry>
    <sys_update_version action="INSERT_OR_UPDATE">
        <action>DELETE</action>
        <application display_value="Solicitação de Crédito">20d0b15f4727311008334d05516d430e</application>
        <file_path/>
        <instance_id>811543badb26799005ef1729139619f6</instance_id>
        <instance_name>dev218783</instance_name>
        <name>sys_ux_page_registry_dc6aa2b82e3bb110b8056cf73df686e0</name>
        <payload><![CDATA[<?xml version="1.0" encoding="UTF-8"?><record_update table="sys_ux_page_registry"><sys_ux_page_registry action="INSERT_OR_UPDATE"><active>true</active><admin_panel>146aa2b8f83bb110d3475b58ef9a5ee1</admin_panel><admin_panel_table>sys_ux_app_config</admin_panel_table><auth_routes/><page/><parent_app display_value="Unified Navigation app shell">c86a62e2c7022010099a308dc7c26022</parent_app><path>solicitao-de-crdito-workspace</path><root_macroponent display_value="Workspace App Shell">c276387cc331101080d6d3658940ddd2</root_macroponent><sys_class_name>sys_ux_page_registry</sys_class_name><sys_created_by>admin</sys_created_by><sys_created_on>2024-01-15 14:31:51</sys_created_on><sys_id>dc6aa2b82e3bb110b8056cf73df686e0</sys_id><sys_mod_count>0</sys_mod_count><sys_name>Solicitação de Crédito Workspace</sys_name><sys_package display_value="Solicitação de Crédito" source="x_1174267_solici_0">20d0b15f4727311008334d05516d430e</sys_package><sys_policy/><sys_scope display_value="Solicitação de Crédito">20d0b15f4727311008334d05516d430e</sys_scope><sys_update_name>sys_ux_page_registry_dc6aa2b82e3bb110b8056cf73df686e0</sys_update_name><sys_updated_by>admin</sys_updated_by><sys_updated_on>2024-01-15 14:31:51</sys_updated_on><title>Solicitação de Crédito Workspace</title></sys_ux_page_registry></record_update>]]></payload>
        <payload_hash>264226104</payload_hash>
        <record_name>Solicitação de Crédito Workspace</record_name>
        <reverted_from/>
        <source/>
        <source_table>sys_upgrade_history</source_table>
        <state>previous</state>
        <sys_created_by>admin</sys_created_by>
        <sys_created_on>2024-01-15 16:32:36</sys_created_on>
        <sys_id>9506877447bbb11008334d05516d4348</sys_id>
        <sys_mod_count>0</sys_mod_count>
        <sys_recorded_at>18d0df7be740000001</sys_recorded_at>
        <sys_updated_by>admin</sys_updated_by>
        <sys_updated_on>2024-01-15 16:32:36</sys_updated_on>
        <type>UX Application</type>
        <update_guid>5506877451bbb1103014f4b5be199848</update_guid>
        <update_guid_history>5506877451bbb1103014f4b5be199848:264226104</update_guid_history>
    </sys_update_version>
    <sys_metadata_delete action="INSERT_OR_UPDATE">
        <sys_audit_delete/>
        <sys_class_name>sys_metadata_delete</sys_class_name>
        <sys_created_by>admin</sys_created_by>
        <sys_created_on>2024-01-15 16:32:37</sys_created_on>
        <sys_db_object display_value="" name="sys_ux_page_registry">sys_ux_page_registry</sys_db_object>
        <sys_id>4adf2893e8cd48239b1f6c7eba196809</sys_id>
        <sys_metadata>dc6aa2b82e3bb110b8056cf73df686e0</sys_metadata>
        <sys_mod_count>0</sys_mod_count>
        <sys_name>Solicitação de Crédito Workspace</sys_name>
        <sys_package display_value="Solicitação de Crédito" source="x_1174267_solici_0">20d0b15f4727311008334d05516d430e</sys_package>
        <sys_parent/>
        <sys_policy/>
        <sys_scope display_value="Solicitação de Crédito">20d0b15f4727311008334d05516d430e</sys_scope>
        <sys_scope_delete display_value="">2401dd0265f342d09565f185e072f901</sys_scope_delete>
        <sys_update_name>sys_ux_page_registry_dc6aa2b82e3bb110b8056cf73df686e0</sys_update_name>
        <sys_update_version display_value="sys_ux_page_registry_dc6aa2b82e3bb110b8056cf73df686e0">9506877447bbb11008334d05516d4348</sys_update_version>
        <sys_updated_by>admin</sys_updated_by>
        <sys_updated_on>2024-01-15 16:32:37</sys_updated_on>
    </sys_metadata_delete>
</record_update>
