<?xml version="1.0" encoding="UTF-8"?><record_update table="sys_grid_canvas">
    <sys_grid_canvas action="DELETE">
        <legacy_page display_value="PA teste incidente - New Tab 2">8c831d844733311008334d05516d43f1</legacy_page>
        <name>PA teste incidente - New Tab 2</name>
        <sys_class_name>sys_grid_canvas</sys_class_name>
        <sys_created_by>admin</sys_created_by>
        <sys_created_on>2024-01-13 00:16:48</sys_created_on>
        <sys_id>04831d844733311008334d05516d43f2</sys_id>
        <sys_mod_count>0</sys_mod_count>
        <sys_name>PA teste incidente - New Tab 2</sys_name>
        <sys_package display_value="Solicitação de Crédito" source="x_1174267_solici_0">20d0b15f4727311008334d05516d430e</sys_package>
        <sys_policy/>
        <sys_scope display_value="Solicitação de Crédito">20d0b15f4727311008334d05516d430e</sys_scope>
        <sys_update_name>sys_grid_canvas_04831d844733311008334d05516d43f2</sys_update_name>
        <sys_updated_by>admin</sys_updated_by>
        <sys_updated_on>2024-01-13 00:16:48</sys_updated_on>
    </sys_grid_canvas>
    <sys_update_version action="INSERT_OR_UPDATE">
        <action>DELETE</action>
        <application display_value="Solicitação de Crédito">20d0b15f4727311008334d05516d430e</application>
        <file_path/>
        <instance_id>811543badb26799005ef1729139619f6</instance_id>
        <instance_name>dev218783</instance_name>
        <name>sys_grid_canvas_04831d844733311008334d05516d43f2</name>
        <payload><![CDATA[<?xml version="1.0" encoding="UTF-8"?><record_update table="sys_grid_canvas"><sys_grid_canvas action="INSERT_OR_UPDATE"><legacy_page display_value="PA teste incidente - New Tab 2">8c831d844733311008334d05516d43f1</legacy_page><name>PA teste incidente - New Tab 2</name><sys_class_name>sys_grid_canvas</sys_class_name><sys_created_by>admin</sys_created_by><sys_created_on>2024-01-13 00:16:48</sys_created_on><sys_id>04831d844733311008334d05516d43f2</sys_id><sys_mod_count>0</sys_mod_count><sys_name>PA teste incidente - New Tab 2</sys_name><sys_package display_value="Solicitação de Crédito" source="x_1174267_solici_0">20d0b15f4727311008334d05516d430e</sys_package><sys_policy/><sys_scope display_value="Solicitação de Crédito">20d0b15f4727311008334d05516d430e</sys_scope><sys_update_name>sys_grid_canvas_04831d844733311008334d05516d43f2</sys_update_name><sys_updated_by>admin</sys_updated_by><sys_updated_on>2024-01-13 00:16:48</sys_updated_on></sys_grid_canvas></record_update>]]></payload>
        <payload_hash>1064702177</payload_hash>
        <record_name>PA teste incidente - New Tab 2</record_name>
        <reverted_from/>
        <source>64d0b15f4727311008334d05516d4310</source>
        <source_table>sys_update_set</source_table>
        <state>previous</state>
        <sys_created_by>admin</sys_created_by>
        <sys_created_on>2024-01-13 00:16:49</sys_created_on>
        <sys_id>4c831d844733311008334d05516d43f3</sys_id>
        <sys_mod_count>0</sys_mod_count>
        <sys_recorded_at>18d002da9a10000001</sys_recorded_at>
        <sys_updated_by>admin</sys_updated_by>
        <sys_updated_on>2024-01-13 00:16:49</sys_updated_on>
        <type>Grid Canvas</type>
        <update_guid>80831d84073331103f41279062793ff3</update_guid>
        <update_guid_history>80831d84073331103f41279062793ff3:1064702177</update_guid_history>
    </sys_update_version>
    <sys_metadata_delete action="INSERT_OR_UPDATE">
        <sys_audit_delete/>
        <sys_class_name>sys_metadata_delete</sys_class_name>
        <sys_created_by>admin</sys_created_by>
        <sys_created_on>2024-01-13 00:16:53</sys_created_on>
        <sys_db_object display_value="" name="sys_grid_canvas">sys_grid_canvas</sys_db_object>
        <sys_id>03da303c1651424c9e8e0e855a065f10</sys_id>
        <sys_metadata>04831d844733311008334d05516d43f2</sys_metadata>
        <sys_mod_count>0</sys_mod_count>
        <sys_name>PA teste incidente - New Tab 2</sys_name>
        <sys_package display_value="Solicitação de Crédito" source="x_1174267_solici_0">20d0b15f4727311008334d05516d430e</sys_package>
        <sys_parent/>
        <sys_policy/>
        <sys_scope display_value="Solicitação de Crédito">20d0b15f4727311008334d05516d430e</sys_scope>
        <sys_scope_delete display_value="">2401dd0265f342d09565f185e072f901</sys_scope_delete>
        <sys_update_name>sys_grid_canvas_04831d844733311008334d05516d43f2</sys_update_name>
        <sys_update_version display_value="sys_grid_canvas_04831d844733311008334d05516d43f2">4c831d844733311008334d05516d43f3</sys_update_version>
        <sys_updated_by>admin</sys_updated_by>
        <sys_updated_on>2024-01-13 00:16:53</sys_updated_on>
    </sys_metadata_delete>
</record_update>
