<?xml version="1.0" encoding="UTF-8"?><record_update sys_domain="global" table="sys_ux_page_property">
    <sys_ux_page_property action="DELETE">
        <choices/>
        <description>Main Configuration</description>
        <name>chrome_main</name>
        <page display_value="">dc6aa2b82e3bb110b8056cf73df686e0</page>
        <required_translations/>
        <route/>
        <suffix/>
        <sys_class_name>sys_ux_page_property</sys_class_name>
        <sys_created_by>admin</sys_created_by>
        <sys_created_on>2024-01-15 14:31:50</sys_created_on>
        <sys_domain>global</sys_domain>
        <sys_domain_path>global</sys_domain_path>
        <sys_id>946aa2b8363bb1107c93b2e7c741e9c3</sys_id>
        <sys_mod_count>0</sys_mod_count>
        <sys_name>chrome_main</sys_name>
        <sys_package display_value="Solicitação de Crédito" source="x_1174267_solici_0">20d0b15f4727311008334d05516d430e</sys_package>
        <sys_policy/>
        <sys_scope display_value="Solicitação de Crédito">20d0b15f4727311008334d05516d430e</sys_scope>
        <sys_update_name>sys_ux_page_property_946aa2b8363bb1107c93b2e7c741e9c3</sys_update_name>
        <sys_updated_by>admin</sys_updated_by>
        <sys_updated_on>2024-01-15 14:31:50</sys_updated_on>
        <type>json</type>
        <unique_name>x_1174267_solici_0.dc6aa2b82e3bb110b8056cf73df686e0.root.chrome_main</unique_name>
        <value>{&#13;
  "maxCachedPageCount": 5,&#13;
  "maxActivePageCount": 3,&#13;
  "timeLeftWarning": 15&#13;
}</value>
    </sys_ux_page_property>
    <sys_update_version action="INSERT_OR_UPDATE">
        <action>DELETE</action>
        <application display_value="Solicitação de Crédito">20d0b15f4727311008334d05516d430e</application>
        <file_path/>
        <instance_id>811543badb26799005ef1729139619f6</instance_id>
        <instance_name>dev218783</instance_name>
        <name>sys_ux_page_property_946aa2b8363bb1107c93b2e7c741e9c3</name>
        <payload><![CDATA[<?xml version="1.0" encoding="UTF-8"?><record_update sys_domain="global" table="sys_ux_page_property"><sys_ux_page_property action="INSERT_OR_UPDATE"><choices/><description>Main Configuration</description><name>chrome_main</name><page display_value="">dc6aa2b82e3bb110b8056cf73df686e0</page><required_translations/><route/><suffix/><sys_class_name>sys_ux_page_property</sys_class_name><sys_created_by>admin</sys_created_by><sys_created_on>2024-01-15 14:31:50</sys_created_on><sys_domain>global</sys_domain><sys_domain_path>global</sys_domain_path><sys_id>946aa2b8363bb1107c93b2e7c741e9c3</sys_id><sys_mod_count>0</sys_mod_count><sys_name>chrome_main</sys_name><sys_package display_value="Solicitação de Crédito" source="x_1174267_solici_0">20d0b15f4727311008334d05516d430e</sys_package><sys_policy/><sys_scope display_value="Solicitação de Crédito">20d0b15f4727311008334d05516d430e</sys_scope><sys_update_name>sys_ux_page_property_946aa2b8363bb1107c93b2e7c741e9c3</sys_update_name><sys_updated_by>admin</sys_updated_by><sys_updated_on>2024-01-15 14:31:50</sys_updated_on><type>json</type><unique_name>x_1174267_solici_0.dc6aa2b82e3bb110b8056cf73df686e0.root.chrome_main</unique_name><value>{&#13;
  "maxCachedPageCount": 5,&#13;
  "maxActivePageCount": 3,&#13;
  "timeLeftWarning": 15&#13;
}</value></sys_ux_page_property></record_update>]]></payload>
        <payload_hash>388518207</payload_hash>
        <record_name>chrome_main</record_name>
        <reverted_from/>
        <source/>
        <source_table>sys_upgrade_history</source_table>
        <state>previous</state>
        <sys_created_by>admin</sys_created_by>
        <sys_created_on>2024-01-15 16:32:37</sys_created_on>
        <sys_id>6d064b7447bbb11008334d05516d4312</sys_id>
        <sys_mod_count>0</sys_mod_count>
        <sys_recorded_at>18d0df7c1820000001</sys_recorded_at>
        <sys_updated_by>admin</sys_updated_by>
        <sys_updated_on>2024-01-15 16:32:37</sys_updated_on>
        <type>UX Page Property</type>
        <update_guid>2d064b7423bbb1108fcf2b842e981812</update_guid>
        <update_guid_history>2d064b7423bbb1108fcf2b842e981812:388518207</update_guid_history>
    </sys_update_version>
    <sys_metadata_delete action="INSERT_OR_UPDATE">
        <sys_audit_delete/>
        <sys_class_name>sys_metadata_delete</sys_class_name>
        <sys_created_by>admin</sys_created_by>
        <sys_created_on>2024-01-15 16:32:37</sys_created_on>
        <sys_db_object display_value="" name="sys_ux_page_property">sys_ux_page_property</sys_db_object>
        <sys_id>15805a194bb34e40b8107149cf8a0900</sys_id>
        <sys_metadata>946aa2b8363bb1107c93b2e7c741e9c3</sys_metadata>
        <sys_mod_count>0</sys_mod_count>
        <sys_name>chrome_main</sys_name>
        <sys_package display_value="Solicitação de Crédito" source="x_1174267_solici_0">20d0b15f4727311008334d05516d430e</sys_package>
        <sys_parent/>
        <sys_policy/>
        <sys_scope display_value="Solicitação de Crédito">20d0b15f4727311008334d05516d430e</sys_scope>
        <sys_scope_delete display_value="">2401dd0265f342d09565f185e072f901</sys_scope_delete>
        <sys_update_name>sys_ux_page_property_946aa2b8363bb1107c93b2e7c741e9c3</sys_update_name>
        <sys_update_version display_value="sys_ux_page_property_946aa2b8363bb1107c93b2e7c741e9c3">6d064b7447bbb11008334d05516d4312</sys_update_version>
        <sys_updated_by>admin</sys_updated_by>
        <sys_updated_on>2024-01-15 16:32:37</sys_updated_on>
    </sys_metadata_delete>
</record_update>
