<?xml version="1.0" encoding="UTF-8"?><record_update table="sys_rest_message_fn_parameters">
    <sys_rest_message_fn_parameters action="DELETE">
        <name>To</name>
        <rest_message_function display_value="Default POST">404d1fea4700021008334d05516d432c</rest_message_function>
        <sys_class_name>sys_rest_message_fn_parameters</sys_class_name>
        <sys_created_by>admin</sys_created_by>
        <sys_created_on>2024-02-02 15:07:42</sys_created_on>
        <sys_id>ed2f1b2e4700021008334d05516d431b</sys_id>
        <sys_mod_count>0</sys_mod_count>
        <sys_name>To</sys_name>
        <sys_package display_value="Solicitação de Crédito" source="x_1174267_solici_0">20d0b15f4727311008334d05516d430e</sys_package>
        <sys_policy/>
        <sys_scope display_value="Solicitação de Crédito">20d0b15f4727311008334d05516d430e</sys_scope>
        <sys_update_name>sys_rest_message_fn_parameters_ed2f1b2e4700021008334d05516d431b</sys_update_name>
        <sys_updated_by>admin</sys_updated_by>
        <sys_updated_on>2024-02-02 15:07:42</sys_updated_on>
        <type>string</type>
        <value>whatsapp:+558888962662</value>
    </sys_rest_message_fn_parameters>
    <sys_update_version action="INSERT_OR_UPDATE">
        <action>DELETE</action>
        <application display_value="Solicitação de Crédito">20d0b15f4727311008334d05516d430e</application>
        <file_path/>
        <instance_id>811543badb26799005ef1729139619f6</instance_id>
        <instance_name>dev218783</instance_name>
        <name>sys_rest_message_fn_parameters_ed2f1b2e4700021008334d05516d431b</name>
        <payload><![CDATA[<?xml version="1.0" encoding="UTF-8"?><record_update table="sys_rest_message_fn_parameters"><sys_rest_message_fn_parameters action="INSERT_OR_UPDATE"><name>To</name><rest_message_function display_value="Default POST">404d1fea4700021008334d05516d432c</rest_message_function><sys_class_name>sys_rest_message_fn_parameters</sys_class_name><sys_created_by>admin</sys_created_by><sys_created_on>2024-02-02 15:07:42</sys_created_on><sys_id>ed2f1b2e4700021008334d05516d431b</sys_id><sys_mod_count>0</sys_mod_count><sys_name>To</sys_name><sys_package display_value="Solicitação de Crédito" source="x_1174267_solici_0">20d0b15f4727311008334d05516d430e</sys_package><sys_policy/><sys_scope display_value="Solicitação de Crédito">20d0b15f4727311008334d05516d430e</sys_scope><sys_update_name>sys_rest_message_fn_parameters_ed2f1b2e4700021008334d05516d431b</sys_update_name><sys_updated_by>admin</sys_updated_by><sys_updated_on>2024-02-02 15:07:42</sys_updated_on><type>string</type><value>whatsapp:+558888962662</value></sys_rest_message_fn_parameters></record_update>]]></payload>
        <payload_hash>-933211002</payload_hash>
        <record_name>To</record_name>
        <reverted_from/>
        <source>6ae67f85473ff11008334d05516d4365</source>
        <source_table>sys_update_set</source_table>
        <state>previous</state>
        <sys_created_by>admin</sys_created_by>
        <sys_created_on>2024-02-02 15:07:42</sys_created_on>
        <sys_id>dd3fdb2e4700021008334d05516d4375</sys_id>
        <sys_mod_count>0</sys_mod_count>
        <sys_recorded_at>18d6a5c7ca10000001</sys_recorded_at>
        <sys_updated_by>admin</sys_updated_by>
        <sys_updated_on>2024-02-02 15:07:42</sys_updated_on>
        <type>Variable Substitutions</type>
        <update_guid>153fdb2e84000210a1b1ab11d2253375</update_guid>
        <update_guid_history>153fdb2e84000210a1b1ab11d2253375:-933211002</update_guid_history>
    </sys_update_version>
    <sys_metadata_delete action="INSERT_OR_UPDATE">
        <sys_audit_delete/>
        <sys_class_name>sys_metadata_delete</sys_class_name>
        <sys_created_by>admin</sys_created_by>
        <sys_created_on>2024-02-02 15:08:33</sys_created_on>
        <sys_db_object display_value="" name="sys_rest_message_fn_parameters">sys_rest_message_fn_parameters</sys_db_object>
        <sys_id>43efbf3021d94f8695354af01e430eb1</sys_id>
        <sys_metadata>ed2f1b2e4700021008334d05516d431b</sys_metadata>
        <sys_mod_count>0</sys_mod_count>
        <sys_name>To</sys_name>
        <sys_package display_value="Solicitação de Crédito" source="x_1174267_solici_0">20d0b15f4727311008334d05516d430e</sys_package>
        <sys_parent display_value="Default POST">404d1fea4700021008334d05516d432c</sys_parent>
        <sys_policy/>
        <sys_scope display_value="Solicitação de Crédito">20d0b15f4727311008334d05516d430e</sys_scope>
        <sys_scope_delete display_value="">2401dd0265f342d09565f185e072f901</sys_scope_delete>
        <sys_update_name>sys_rest_message_fn_parameters_ed2f1b2e4700021008334d05516d431b</sys_update_name>
        <sys_update_version display_value="sys_rest_message_fn_parameters_ed2f1b2e4700021008334d05516d431b">dd3fdb2e4700021008334d05516d4375</sys_update_version>
        <sys_updated_by>admin</sys_updated_by>
        <sys_updated_on>2024-02-02 15:08:33</sys_updated_on>
    </sys_metadata_delete>
</record_update>
