<?xml version="1.0" encoding="UTF-8"?><record_update table="sys_ux_registry_m2m_category">
    <sys_ux_registry_m2m_category action="DELETE">
        <experience_category display_value="Workspace">afb4e3e173322010f0ca1e666bf6a726</experience_category>
        <page_registry display_value="">7d7643b464bbb1106576bef17d378716</page_registry>
        <sys_class_name>sys_ux_registry_m2m_category</sys_class_name>
        <sys_created_by>admin</sys_created_by>
        <sys_created_on>2024-01-15 16:34:34</sys_created_on>
        <sys_id>f97643b423bbb1103b4fa0259a707d02</sys_id>
        <sys_mod_count>0</sys_mod_count>
        <sys_name/>
        <sys_package display_value="Solicitação de Crédito" source="x_1174267_solici_0">20d0b15f4727311008334d05516d430e</sys_package>
        <sys_policy/>
        <sys_scope display_value="Solicitação de Crédito">20d0b15f4727311008334d05516d430e</sys_scope>
        <sys_update_name>sys_ux_registry_m2m_category_f97643b423bbb1103b4fa0259a707d02</sys_update_name>
        <sys_updated_by>admin</sys_updated_by>
        <sys_updated_on>2024-01-15 16:34:34</sys_updated_on>
    </sys_ux_registry_m2m_category>
    <sys_update_version action="INSERT_OR_UPDATE">
        <action>DELETE</action>
        <application display_value="Solicitação de Crédito">20d0b15f4727311008334d05516d430e</application>
        <file_path/>
        <instance_id>811543badb26799005ef1729139619f6</instance_id>
        <instance_name>dev218783</instance_name>
        <name>sys_ux_registry_m2m_category_f97643b423bbb1103b4fa0259a707d02</name>
        <payload><![CDATA[<?xml version="1.0" encoding="UTF-8"?><record_update table="sys_ux_registry_m2m_category"><sys_ux_registry_m2m_category action="INSERT_OR_UPDATE"><experience_category display_value="Workspace">afb4e3e173322010f0ca1e666bf6a726</experience_category><page_registry display_value="">7d7643b464bbb1106576bef17d378716</page_registry><sys_class_name>sys_ux_registry_m2m_category</sys_class_name><sys_created_by>admin</sys_created_by><sys_created_on>2024-01-15 16:34:34</sys_created_on><sys_id>f97643b423bbb1103b4fa0259a707d02</sys_id><sys_mod_count>0</sys_mod_count><sys_name/><sys_package display_value="Solicitação de Crédito" source="x_1174267_solici_0">20d0b15f4727311008334d05516d430e</sys_package><sys_policy/><sys_scope display_value="Solicitação de Crédito">20d0b15f4727311008334d05516d430e</sys_scope><sys_update_name>sys_ux_registry_m2m_category_f97643b423bbb1103b4fa0259a707d02</sys_update_name><sys_updated_by>admin</sys_updated_by><sys_updated_on>2024-01-15 16:34:34</sys_updated_on></sys_ux_registry_m2m_category></record_update>]]></payload>
        <payload_hash>-1671060016</payload_hash>
        <record_name/>
        <reverted_from/>
        <source/>
        <source_table>sys_upgrade_history</source_table>
        <state>previous</state>
        <sys_created_by>admin</sys_created_by>
        <sys_created_on>2024-02-23 22:39:14</sys_created_on>
        <sys_id>54ff0d254720021008334d05516d4315</sys_id>
        <sys_mod_count>0</sys_mod_count>
        <sys_recorded_at>18dd81f6bcf0000001</sys_recorded_at>
        <sys_updated_by>admin</sys_updated_by>
        <sys_updated_on>2024-02-23 22:39:14</sys_updated_on>
        <type>UX Application Category M2M</type>
        <update_guid>14ff0d25052002101db7a7b8a4d20115</update_guid>
        <update_guid_history>14ff0d25052002101db7a7b8a4d20115:-1671060016</update_guid_history>
    </sys_update_version>
    <sys_metadata_delete action="INSERT_OR_UPDATE">
        <sys_audit_delete/>
        <sys_class_name>sys_metadata_delete</sys_class_name>
        <sys_created_by>admin</sys_created_by>
        <sys_created_on>2024-02-23 22:39:14</sys_created_on>
        <sys_db_object display_value="" name="sys_ux_registry_m2m_category">sys_ux_registry_m2m_category</sys_db_object>
        <sys_id>2bef41d37fd94ff88d9537c874c49b10</sys_id>
        <sys_metadata>f97643b423bbb1103b4fa0259a707d02</sys_metadata>
        <sys_mod_count>0</sys_mod_count>
        <sys_name/>
        <sys_package display_value="Solicitação de Crédito" source="x_1174267_solici_0">20d0b15f4727311008334d05516d430e</sys_package>
        <sys_parent/>
        <sys_policy/>
        <sys_scope display_value="Solicitação de Crédito">20d0b15f4727311008334d05516d430e</sys_scope>
        <sys_scope_delete display_value="">2401dd0265f342d09565f185e072f901</sys_scope_delete>
        <sys_update_name>sys_ux_registry_m2m_category_f97643b423bbb1103b4fa0259a707d02</sys_update_name>
        <sys_update_version display_value="sys_ux_registry_m2m_category_f97643b423bbb1103b4fa0259a707d02">54ff0d254720021008334d05516d4315</sys_update_version>
        <sys_updated_by>admin</sys_updated_by>
        <sys_updated_on>2024-02-23 22:39:14</sys_updated_on>
    </sys_metadata_delete>
</record_update>
