<?xml version="1.0" encoding="UTF-8"?><record_update sys_domain="global" table="sys_ux_page_property">
    <sys_ux_page_property action="DELETE">
        <choices/>
        <description/>
        <name>listConfigId</name>
        <page display_value="Solicitação de Crédito">7d7643b464bbb1106576bef17d378716</page>
        <required_translations>[]</required_translations>
        <route/>
        <suffix/>
        <sys_class_name>sys_ux_page_property</sys_class_name>
        <sys_created_by>admin</sys_created_by>
        <sys_created_on>2024-01-15 16:34:34</sys_created_on>
        <sys_domain>global</sys_domain>
        <sys_domain_path>global</sys_domain_path>
        <sys_id>317643b4ebbbb110f06c66540290a904</sys_id>
        <sys_mod_count>1</sys_mod_count>
        <sys_name>listConfigId</sys_name>
        <sys_package display_value="Solicitação de Crédito" source="x_1174267_solici_0">20d0b15f4727311008334d05516d430e</sys_package>
        <sys_policy/>
        <sys_scope display_value="Solicitação de Crédito">20d0b15f4727311008334d05516d430e</sys_scope>
        <sys_update_name>sys_ux_page_property_317643b4ebbbb110f06c66540290a904</sys_update_name>
        <sys_updated_by>admin</sys_updated_by>
        <sys_updated_on>2024-01-15 16:34:38</sys_updated_on>
        <type>string</type>
        <unique_name>x_1174267_solici_0.7d7643b464bbb1106576bef17d378716.root.listConfigId</unique_name>
        <value>c77683b447bbb11008334d05516d4318</value>
    </sys_ux_page_property>
    <sys_translated_text action="DELETE" query="documentkey=317643b4ebbbb110f06c66540290a904"/>
    <sys_update_version action="INSERT_OR_UPDATE">
        <action>DELETE</action>
        <application display_value="Solicitação de Crédito">20d0b15f4727311008334d05516d430e</application>
        <file_path/>
        <instance_id>811543badb26799005ef1729139619f6</instance_id>
        <instance_name>dev218783</instance_name>
        <name>sys_ux_page_property_317643b4ebbbb110f06c66540290a904</name>
        <payload><![CDATA[<?xml version="1.0" encoding="UTF-8"?><record_update sys_domain="global" table="sys_ux_page_property"><sys_ux_page_property action="INSERT_OR_UPDATE"><choices/><description/><name>listConfigId</name><page display_value="Solicitação de Crédito">7d7643b464bbb1106576bef17d378716</page><required_translations>[]</required_translations><route/><suffix/><sys_class_name>sys_ux_page_property</sys_class_name><sys_created_by>admin</sys_created_by><sys_created_on>2024-01-15 16:34:34</sys_created_on><sys_domain>global</sys_domain><sys_domain_path>global</sys_domain_path><sys_id>317643b4ebbbb110f06c66540290a904</sys_id><sys_mod_count>1</sys_mod_count><sys_name>listConfigId</sys_name><sys_package display_value="Solicitação de Crédito" source="x_1174267_solici_0">20d0b15f4727311008334d05516d430e</sys_package><sys_policy/><sys_scope display_value="Solicitação de Crédito">20d0b15f4727311008334d05516d430e</sys_scope><sys_update_name>sys_ux_page_property_317643b4ebbbb110f06c66540290a904</sys_update_name><sys_updated_by>admin</sys_updated_by><sys_updated_on>2024-01-15 16:34:38</sys_updated_on><type>string</type><unique_name>x_1174267_solici_0.7d7643b464bbb1106576bef17d378716.root.listConfigId</unique_name><value>c77683b447bbb11008334d05516d4318</value></sys_ux_page_property><sys_translated_text action="delete_multiple" query="documentkey=317643b4ebbbb110f06c66540290a904"/></record_update>]]></payload>
        <payload_hash>1628115328</payload_hash>
        <record_name>listConfigId</record_name>
        <reverted_from/>
        <source>64d0b15f4727311008334d05516d4310</source>
        <source_table>sys_update_set</source_table>
        <state>previous</state>
        <sys_created_by>admin</sys_created_by>
        <sys_created_on>2024-01-15 16:34:38</sys_created_on>
        <sys_id>cf7683b447bbb11008334d05516d4368</sys_id>
        <sys_mod_count>0</sys_mod_count>
        <sys_recorded_at>18d0df999dd0000001</sys_recorded_at>
        <sys_updated_by>admin</sys_updated_by>
        <sys_updated_on>2024-01-15 16:34:38</sys_updated_on>
        <type>UX Page Property</type>
        <update_guid>c77683b4fabbb1102fbfedece08b6d68</update_guid>
        <update_guid_history>c77683b4fabbb1102fbfedece08b6d68:1628115328,c37683b46ebbb11011b72ed554a44067:-129532564</update_guid_history>
    </sys_update_version>
    <sys_metadata_delete action="INSERT_OR_UPDATE">
        <sys_audit_delete/>
        <sys_class_name>sys_metadata_delete</sys_class_name>
        <sys_created_by>admin</sys_created_by>
        <sys_created_on>2024-02-23 22:39:14</sys_created_on>
        <sys_db_object display_value="" name="sys_ux_page_property">sys_ux_page_property</sys_db_object>
        <sys_id>a9cca23f3e954fb0b9cf9ff95d724981</sys_id>
        <sys_metadata>317643b4ebbbb110f06c66540290a904</sys_metadata>
        <sys_mod_count>0</sys_mod_count>
        <sys_name>listConfigId</sys_name>
        <sys_package display_value="Solicitação de Crédito" source="x_1174267_solici_0">20d0b15f4727311008334d05516d430e</sys_package>
        <sys_parent/>
        <sys_policy/>
        <sys_scope display_value="Solicitação de Crédito">20d0b15f4727311008334d05516d430e</sys_scope>
        <sys_scope_delete display_value="">2401dd0265f342d09565f185e072f901</sys_scope_delete>
        <sys_update_name>sys_ux_page_property_317643b4ebbbb110f06c66540290a904</sys_update_name>
        <sys_update_version display_value="sys_ux_page_property_317643b4ebbbb110f06c66540290a904">cf7683b447bbb11008334d05516d4368</sys_update_version>
        <sys_updated_by>admin</sys_updated_by>
        <sys_updated_on>2024-02-23 22:39:14</sys_updated_on>
    </sys_metadata_delete>
</record_update>
